"var","B","icc_lb","icc_x0","icc_design","N","k_deficit_5pct","k_deficit_10pct","k_mcse_10pct","k_mcse_25pct"
"chla_ir",0,0.37027,0.56959,0.56959,64,12,6,47,33
"chla_ir",0,0.37027,0.56959,0.56959,256,12,6,188,129
"chla_ir",0,0.37027,0.56959,0.56959,1024,12,6,749,516
"chla_ir",5,0.18957,0.45859,0.45859,64,10,5,44,29
"chla_ir",5,0.18957,0.45859,0.45859,256,10,5,176,115
"chla_ir",5,0.18957,0.45859,0.45859,1024,10,5,703,460
"chla_ir",10,0.1108,0.41078,0.41078,64,9,5,43,28
"chla_ir",10,0.1108,0.41078,0.41078,256,9,5,170,109
"chla_ir",10,0.1108,0.41078,0.41078,1024,9,5,678,433
"chla_ir",20,0.041602,0.33101,0.33101,64,7,4,40,24
"chla_ir",20,0.041602,0.33101,0.33101,256,7,4,157,95
"chla_ir",20,0.041602,0.33101,0.33101,1024,7,4,627,380
"chla_ir",30,0.010452,0.17054,0.17054,64,4,2,29,15
"chla_ir",30,0.010452,0.17054,0.17054,256,4,2,115,60
"chla_ir",30,0.010452,0.17054,0.17054,1024,4,2,459,239
"chla_prev",0,0.39083,0.57644,0.57644,64,12,6,47,33
"chla_prev",0,0.39083,0.57644,0.57644,256,12,6,188,130
"chla_prev",0,0.39083,0.57644,0.57644,1024,12,6,751,519
"chla_prev",5,0.20021,0.45746,0.45746,64,10,5,44,29
"chla_prev",5,0.20021,0.45746,0.45746,256,10,5,176,115
"chla_prev",5,0.20021,0.45746,0.45746,1024,10,5,702,460
"chla_prev",10,0.1167,0.40538,0.40538,64,9,5,43,27
"chla_prev",10,0.1167,0.40538,0.40538,256,9,5,169,108
"chla_prev",10,0.1167,0.40538,0.40538,1024,9,5,675,429
"chla_prev",20,0.044665,0.32803,0.32803,64,7,4,40,24
"chla_prev",20,0.044665,0.32803,0.32803,256,7,4,157,95
"chla_prev",20,0.044665,0.32803,0.32803,1024,7,4,625,378
"chla_prev",30,0.012189,0.16997,0.16997,64,4,2,29,15
"chla_prev",30,0.012189,0.16997,0.16997,256,4,2,115,60
"chla_prev",30,0.012189,0.16997,0.16997,1024,4,2,459,238
"dx_frac",0,0.33841,0.41622,0.41622,64,9,5,43,28
"dx_frac",0,0.33841,0.41622,0.41622,256,9,5,171,109
"dx_frac",0,0.33841,0.41622,0.41622,1024,9,5,681,436
"dx_frac",5,0.24856,0.36845,0.36845,64,8,4,41,26
"dx_frac",5,0.24856,0.36845,0.36845,256,8,4,164,102
"dx_frac",5,0.24856,0.36845,0.36845,1024,8,4,653,406
"dx_frac",10,0.20942,0.29914,0.29914,64,6,3,38,23
"dx_frac",10,0.20942,0.29914,0.29914,256,6,3,151,89
"dx_frac",10,0.20942,0.29914,0.29914,1024,6,3,602,356
"dx_frac",20,0.12936,0.1884,0.1884,64,4,2,31,17
"dx_frac",20,0.12936,0.1884,0.1884,256,4,2,122,65
"dx_frac",20,0.12936,0.1884,0.1884,1024,4,2,485,257
"dx_frac",30,0.064448,0.22184,0.22184,64,5,3,33,19
"dx_frac",30,0.064448,0.22184,0.22184,256,5,3,132,73
"dx_frac",30,0.064448,0.22184,0.22184,1024,5,3,527,290
"dx_frac.B",0,0.33124,0.46068,0.46068,64,10,5,44,29
"dx_frac.B",0,0.33124,0.46068,0.46068,256,10,5,176,116
"dx_frac.B",0,0.33124,0.46068,0.46068,1024,10,5,704,462
"dx_frac.B",5,0.22748,0.39589,0.39589,64,8,4,42,27
"dx_frac.B",5,0.22748,0.39589,0.39589,256,8,4,168,106
"dx_frac.B",5,0.22748,0.39589,0.39589,1024,8,4,670,423
"dx_frac.B",10,0.17766,0.30918,0.30918,64,7,4,39,23
"dx_frac.B",10,0.17766,0.30918,0.30918,256,7,4,153,91
"dx_frac.B",10,0.17766,0.30918,0.30918,1024,7,4,610,364
"dx_frac.B",20,0.098954,0.20158,0.20158,64,5,3,32,17
"dx_frac.B",20,0.098954,0.20158,0.20158,256,5,3,126,68
"dx_frac.B",20,0.098954,0.20158,0.20158,1024,5,3,502,271
"dx_frac.B",30,0.046227,0.20514,0.20514,64,5,3,32,18
"dx_frac.B",30,0.046227,0.20514,0.20514,256,5,3,127,69
"dx_frac.B",30,0.046227,0.20514,0.20514,1024,5,3,507,274
"dx_frac.H",0,0.22261,0.09814,0.22261,64,5,3,33,19
"dx_frac.H",0,0.22261,0.09814,0.22261,256,5,3,132,73
"dx_frac.H",0,0.22261,0.09814,0.22261,1024,5,3,527,291
"dx_frac.H",5,0.10506,0.01748,0.10506,64,3,2,22,11
"dx_frac.H",5,0.10506,0.01748,0.10506,256,3,2,86,41
"dx_frac.H",5,0.10506,0.01748,0.10506,1024,3,2,342,162
"dx_frac.H",10,0.057257,0.03107,0.057257,64,2,1,14,6
"dx_frac.H",10,0.057257,0.03107,0.057257,256,2,1,55,24
"dx_frac.H",10,0.057257,0.03107,0.057257,1024,2,1,220,95
"dx_frac.H",20,0.014829,0.142,0.142,64,3,2,26,13
"dx_frac.H",20,0.014829,0.142,0.142,256,3,2,104,52
"dx_frac.H",20,0.014829,0.142,0.142,1024,3,2,414,207
"dx_frac.H",30,0.0043249,0.10454,0.10454,64,3,2,22,11
"dx_frac.H",30,0.0043249,0.10454,0.10454,256,3,2,86,41
"dx_frac.H",30,0.0043249,0.10454,0.10454,1024,3,2,341,161
"dx_frac.W",0,0.22635,0.16515,0.22635,64,5,3,34,19
"dx_frac.W",0,0.22635,0.16515,0.22635,256,5,3,133,74
"dx_frac.W",0,0.22635,0.16515,0.22635,1024,5,3,532,294
"dx_frac.W",5,0.13697,0.14834,0.14834,64,3,2,27,14
"dx_frac.W",5,0.13697,0.14834,0.14834,256,3,2,106,54
"dx_frac.W",5,0.13697,0.14834,0.14834,1024,3,2,424,214
"dx_frac.W",10,0.1029,0.14474,0.14474,64,3,2,27,14
"dx_frac.W",10,0.1029,0.14474,0.14474,256,3,2,105,53
"dx_frac.W",10,0.1029,0.14474,0.14474,1024,3,2,418,210
"dx_frac.W",20,0.057864,0.15248,0.15248,64,4,2,27,14
"dx_frac.W",20,0.057864,0.15248,0.15248,256,4,2,108,55
"dx_frac.W",20,0.057864,0.15248,0.15248,1024,4,2,431,219
"dx_frac.W",30,0.02824,0.08855,0.08855,64,2,1,19,9
"dx_frac.W",30,0.02824,0.08855,0.08855,256,2,1,76,35
"dx_frac.W",30,0.02824,0.08855,0.08855,1024,2,1,304,140
"gono_ir",0,0.36521,0.57787,0.57787,64,12,6,47,33
"gono_ir",0,0.36521,0.57787,0.57787,256,12,6,188,130
"gono_ir",0,0.36521,0.57787,0.57787,1024,12,6,752,519
"gono_ir",5,0.18312,0.46875,0.46875,64,10,5,45,30
"gono_ir",5,0.18312,0.46875,0.46875,256,10,5,177,117
"gono_ir",5,0.18312,0.46875,0.46875,1024,10,5,708,466
"gono_ir",10,0.10522,0.41221,0.41221,64,9,5,43,28
"gono_ir",10,0.10522,0.41221,0.41221,256,9,5,170,109
"gono_ir",10,0.10522,0.41221,0.41221,1024,9,5,679,434
"gono_ir",20,0.040551,0.25143,0.25143,64,6,3,35,20
"gono_ir",20,0.040551,0.25143,0.25143,256,6,3,140,80
"gono_ir",20,0.040551,0.25143,0.25143,1024,6,3,558,317
"gono_ir",30,0.012333,0.1053,0.1053,64,3,2,22,11
"gono_ir",30,0.012333,0.1053,0.1053,256,3,2,86,41
"gono_ir",30,0.012333,0.1053,0.1053,1024,3,2,342,162
"gono_prev",0,0.37666,0.58493,0.58493,64,12,6,48,33
"gono_prev",0,0.37666,0.58493,0.58493,256,12,6,189,131
"gono_prev",0,0.37666,0.58493,0.58493,1024,12,6,754,523
"gono_prev",5,0.18849,0.47107,0.47107,64,10,5,45,30
"gono_prev",5,0.18849,0.47107,0.47107,256,10,5,178,117
"gono_prev",5,0.18849,0.47107,0.47107,1024,10,5,709,467
"gono_prev",10,0.10803,0.41287,0.41287,64,9,5,43,28
"gono_prev",10,0.10803,0.41287,0.41287,256,9,5,170,109
"gono_prev",10,0.10803,0.41287,0.41287,1024,9,5,679,434
"gono_prev",20,0.041635,0.25298,0.25298,64,6,3,35,20
"gono_prev",20,0.041635,0.25298,0.25298,256,6,3,140,80
"gono_prev",20,0.041635,0.25298,0.25298,1024,6,3,560,318
"gono_prev",30,0.012943,0.11376,0.11376,64,3,2,23,11
"gono_prev",30,0.012943,0.11376,0.11376,256,3,2,90,44
"gono_prev",30,0.012943,0.11376,0.11376,1024,3,2,360,173
"incid_rate",0,0.32125,0.47319,0.47319,64,10,5,45,30
"incid_rate",0,0.32125,0.47319,0.47319,256,10,5,178,117
"incid_rate",0,0.32125,0.47319,0.47319,1024,10,5,710,468
"incid_rate",5,0.2153,0.42231,0.42231,64,9,5,43,28
"incid_rate",5,0.2153,0.42231,0.42231,256,9,5,171,110
"incid_rate",5,0.2153,0.42231,0.42231,1024,9,5,684,440
"incid_rate",10,0.14671,0.32062,0.32062,64,7,4,39,24
"incid_rate",10,0.14671,0.32062,0.32062,256,7,4,155,93
"incid_rate",10,0.14671,0.32062,0.32062,1024,7,4,619,372
"incid_rate",20,0.065032,0.24726,0.24726,64,5,3,35,20
"incid_rate",20,0.065032,0.24726,0.24726,256,5,3,139,79
"incid_rate",20,0.065032,0.24726,0.24726,1024,5,3,554,313
"incid_rate",30,0.02185,0.17461,0.17461,64,4,2,30,16
"incid_rate",30,0.02185,0.17461,0.17461,256,4,2,117,61
"incid_rate",30,0.02185,0.17461,0.17461,1024,4,2,465,243
"incid_rate.B",0,0.29113,0.46353,0.46353,64,10,5,45,29
"incid_rate.B",0,0.29113,0.46353,0.46353,256,10,5,177,116
"incid_rate.B",0,0.29113,0.46353,0.46353,1024,10,5,705,463
"incid_rate.B",5,0.19575,0.40809,0.40809,64,9,5,43,27
"incid_rate.B",5,0.19575,0.40809,0.40809,256,9,5,170,108
"incid_rate.B",5,0.19575,0.40809,0.40809,1024,9,5,677,431
"incid_rate.B",10,0.13336,0.30855,0.30855,64,7,4,39,23
"incid_rate.B",10,0.13336,0.30855,0.30855,256,7,4,153,91
"incid_rate.B",10,0.13336,0.30855,0.30855,1024,7,4,610,363
"incid_rate.B",20,0.059348,0.19107,0.19107,64,4,2,31,17
"incid_rate.B",20,0.059348,0.19107,0.19107,256,4,2,122,65
"incid_rate.B",20,0.059348,0.19107,0.19107,1024,4,2,488,260
"incid_rate.B",30,0.019983,0.14398,0.14398,64,3,2,27,14
"incid_rate.B",30,0.019983,0.14398,0.14398,256,3,2,105,53
"incid_rate.B",30,0.019983,0.14398,0.14398,1024,3,2,417,209
"incid_rate.H",0,0.11061,0.23531,0.23531,64,5,3,34,19
"incid_rate.H",0,0.11061,0.23531,0.23531,256,5,3,136,76
"incid_rate.H",0,0.11061,0.23531,0.23531,1024,5,3,542,303
"incid_rate.H",5,0.073225,0.14025,0.14025,64,3,2,26,13
"incid_rate.H",5,0.073225,0.14025,0.14025,256,3,2,103,52
"incid_rate.H",5,0.073225,0.14025,0.14025,1024,3,2,411,205
"incid_rate.H",10,0.048489,0.01549,0.048489,64,1,1,13,6
"incid_rate.H",10,0.048489,0.01549,0.048489,256,1,1,49,21
"incid_rate.H",10,0.048489,0.01549,0.048489,1024,1,1,193,82
"incid_rate.H",20,0.022894,0.08432,0.08432,64,2,1,19,9
"incid_rate.H",20,0.022894,0.08432,0.08432,256,2,1,74,34
"incid_rate.H",20,0.022894,0.08432,0.08432,1024,2,1,294,134
"incid_rate.H",30,0.0099715,0.06293,0.06293,64,2,1,15,7
"incid_rate.H",30,0.0099715,0.06293,0.06293,256,2,1,60,26
"incid_rate.H",30,0.0099715,0.06293,0.06293,1024,2,1,237,104
"incid_rate.W",0,0.28837,0.32726,0.32726,64,7,4,39,24
"incid_rate.W",0,0.28837,0.32726,0.32726,256,7,4,156,95
"incid_rate.W",0,0.28837,0.32726,0.32726,1024,7,4,624,377
"incid_rate.W",5,0.19734,0.32779,0.32779,64,7,4,40,24
"incid_rate.W",5,0.19734,0.32779,0.32779,256,7,4,157,95
"incid_rate.W",5,0.19734,0.32779,0.32779,1024,7,4,625,378
"incid_rate.W",10,0.13823,0.26487,0.26487,64,6,3,36,21
"incid_rate.W",10,0.13823,0.26487,0.26487,256,6,3,143,82
"incid_rate.W",10,0.13823,0.26487,0.26487,1024,6,3,572,328
"incid_rate.W",20,0.065187,0.28192,0.28192,64,6,3,37,22
"incid_rate.W",20,0.065187,0.28192,0.28192,256,6,3,147,86
"incid_rate.W",20,0.065187,0.28192,0.28192,1024,6,3,587,342
"incid_rate.W",30,0.025943,0.30036,0.30036,64,7,4,38,23
"incid_rate.W",30,0.025943,0.30036,0.30036,256,7,4,151,90
"incid_rate.W",30,0.025943,0.30036,0.30036,1024,7,4,603,357
"num",0,0.71926,0.82206,0.82206,64,17,9,51,38
"num",0,0.71926,0.82206,0.82206,256,17,9,204,152
"num",0,0.71926,0.82206,0.82206,1024,17,9,816,608
"num",5,0.54835,0.70251,0.70251,64,15,8,50,36
"num",5,0.54835,0.70251,0.70251,256,15,8,198,143
"num",5,0.54835,0.70251,0.70251,1024,15,8,789,569
"num",10,0.40434,0.59321,0.59321,64,12,6,48,33
"num",10,0.40434,0.59321,0.59321,256,12,6,190,132
"num",10,0.40434,0.59321,0.59321,1024,12,6,757,526
"num",20,0.19233,0.39204,0.39204,64,8,4,42,27
"num",20,0.19233,0.39204,0.39204,256,8,4,167,106
"num",20,0.19233,0.39204,0.39204,1024,8,4,667,421
"num",30,0.062268,0.19756,0.19756,64,4,2,32,17
"num",30,0.062268,0.19756,0.19756,256,4,2,125,67
"num",30,0.062268,0.19756,0.19756,1024,4,2,497,267
"prep_cov",0,0.14218,0.09955,0.14218,64,3,2,26,13
"prep_cov",0,0.14218,0.09955,0.14218,256,3,2,104,52
"prep_cov",0,0.14218,0.09955,0.14218,1024,3,2,414,207
"prep_cov",5,0.093724,0.12234,0.12234,64,3,2,24,12
"prep_cov",5,0.093724,0.12234,0.12234,256,3,2,95,46
"prep_cov",5,0.093724,0.12234,0.12234,1024,3,2,377,183
"prep_cov",10,0.061262,0.09796,0.09796,64,2,1,21,10
"prep_cov",10,0.061262,0.09796,0.09796,256,2,1,82,38
"prep_cov",10,0.061262,0.09796,0.09796,1024,2,1,326,152
"prep_cov",20,0.018684,0.04975,0.04975,64,1,1,13,6
"prep_cov",20,0.018684,0.04975,0.04975,256,1,1,50,21
"prep_cov",20,0.018684,0.04975,0.04975,1024,1,1,197,84
"prep_cov",30,0,-0.0676,0,64,0,0,0,0
"prep_cov",30,0,-0.0676,0,256,0,0,0,0
"prep_cov",30,0,-0.0676,0,1024,0,0,0,0
"prep_cov.B",0,0.1136,0.17027,0.17027,64,4,2,29,15
"prep_cov.B",0,0.1136,0.17027,0.17027,256,4,2,115,60
"prep_cov.B",0,0.1136,0.17027,0.17027,1024,4,2,459,238
"prep_cov.B",5,0.068765,0.14566,0.14566,64,3,2,27,14
"prep_cov.B",5,0.068765,0.14566,0.14566,256,3,2,105,53
"prep_cov.B",5,0.068765,0.14566,0.14566,1024,3,2,420,211
"prep_cov.B",10,0.046686,0.17376,0.17376,64,4,2,29,16
"prep_cov.B",10,0.046686,0.17376,0.17376,256,4,2,116,61
"prep_cov.B",10,0.046686,0.17376,0.17376,1024,4,2,464,242
"prep_cov.B",20,0.019828,0.21006,0.21006,64,5,3,33,18
"prep_cov.B",20,0.019828,0.21006,0.21006,256,5,3,129,70
"prep_cov.B",20,0.019828,0.21006,0.21006,1024,5,3,513,279
"prep_cov.B",30,0.006257,0.12725,0.12725,64,3,2,25,12
"prep_cov.B",30,0.006257,0.12725,0.12725,256,3,2,97,48
"prep_cov.B",30,0.006257,0.12725,0.12725,1024,3,2,387,189
"prep_cov.H",0,0.019484,0.11292,0.11292,64,3,2,23,11
"prep_cov.H",0,0.019484,0.11292,0.11292,256,3,2,90,43
"prep_cov.H",0,0.019484,0.11292,0.11292,1024,3,2,359,172
"prep_cov.H",5,0.0048248,0.0635,0.0635,64,2,1,15,7
"prep_cov.H",5,0.0048248,0.0635,0.0635,256,2,1,60,26
"prep_cov.H",5,0.0048248,0.0635,0.0635,1024,2,1,238,104
"prep_cov.H",10,0.0037973,0.01214,0.01214,64,1,1,4,2
"prep_cov.H",10,0.0037973,0.01214,0.01214,256,1,1,14,6
"prep_cov.H",10,0.0037973,0.01214,0.01214,1024,1,1,56,22
"prep_cov.H",20,0.0017426,-0.0227,0.0017426,64,1,1,1,1
"prep_cov.H",20,0.0017426,-0.0227,0.0017426,256,1,1,3,1
"prep_cov.H",20,0.0017426,-0.0227,0.0017426,1024,1,1,9,4
"prep_cov.H",30,0,-0.0807,0,64,0,0,0,0
"prep_cov.H",30,0,-0.0807,0,256,0,0,0,0
"prep_cov.H",30,0,-0.0807,0,1024,0,0,0,0
"prep_cov.W",0,0.033022,-0.0117,0.033022,64,1,1,9,4
"prep_cov.W",0,0.033022,-0.0117,0.033022,256,1,1,35,15
"prep_cov.W",0,0.033022,-0.0117,0.033022,1024,1,1,140,57
"prep_cov.W",5,0.013299,0.02847,0.02847,64,1,1,8,4
"prep_cov.W",5,0.013299,0.02847,0.02847,256,1,1,31,13
"prep_cov.W",5,0.013299,0.02847,0.02847,1024,1,1,123,50
"prep_cov.W",10,0.010446,0.06093,0.06093,64,2,1,15,7
"prep_cov.W",10,0.010446,0.06093,0.06093,256,2,1,58,26
"prep_cov.W",10,0.010446,0.06093,0.06093,1024,2,1,231,101
"prep_cov.W",20,0.0063216,0.07094,0.07094,64,2,1,17,8
"prep_cov.W",20,0.0063216,0.07094,0.07094,256,2,1,65,29
"prep_cov.W",20,0.0063216,0.07094,0.07094,1024,2,1,259,115
"prep_cov.W",30,0.00195,0.04462,0.04462,64,1,1,12,5
"prep_cov.W",30,0.00195,0.04462,0.04462,256,1,1,45,19
"prep_cov.W",30,0.00195,0.04462,0.04462,1024,1,1,180,76
"prev",0,0.8095,0.86335,0.86335,64,18,9,52,39
"prev",0,0.8095,0.86335,0.86335,256,18,9,206,156
"prev",0,0.8095,0.86335,0.86335,1024,18,9,824,621
"prev",5,0.66232,0.76176,0.76176,64,16,8,51,37
"prev",5,0.66232,0.76176,0.76176,256,16,8,201,148
"prev",5,0.66232,0.76176,0.76176,1024,16,8,803,590
"prev",10,0.51985,0.66451,0.66451,64,14,7,49,35
"prev",10,0.51985,0.66451,0.66451,256,14,7,195,139
"prev",10,0.51985,0.66451,0.66451,1024,14,7,779,555
"prev",20,0.28966,0.46604,0.46604,64,10,5,45,29
"prev",20,0.28966,0.46604,0.46604,256,10,5,177,116
"prev",20,0.28966,0.46604,0.46604,1024,10,5,706,464
"prev",30,0.14232,0.31118,0.31118,64,7,4,39,23
"prev",30,0.14232,0.31118,0.31118,256,7,4,153,92
"prev",30,0.14232,0.31118,0.31118,1024,7,4,612,365
"prev.B",0,0.77415,0.84481,0.84481,64,17,9,52,39
"prev.B",0,0.77415,0.84481,0.84481,256,17,9,206,154
"prev.B",0,0.77415,0.84481,0.84481,1024,17,9,821,615
"prev.B",5,0.61449,0.7404,0.7404,64,15,8,50,37
"prev.B",5,0.61449,0.7404,0.7404,256,15,8,200,146
"prev.B",5,0.61449,0.7404,0.7404,1024,15,8,798,582
"prev.B",10,0.47055,0.64981,0.64981,64,13,7,49,35
"prev.B",10,0.47055,0.64981,0.64981,256,13,7,194,138
"prev.B",10,0.47055,0.64981,0.64981,1024,13,7,774,549
"prev.B",20,0.25385,0.46035,0.46035,64,10,5,44,29
"prev.B",20,0.25385,0.46035,0.46035,256,10,5,176,116
"prev.B",20,0.25385,0.46035,0.46035,1024,10,5,704,461
"prev.B",30,0.12186,0.27413,0.27413,64,6,3,37,21
"prev.B",30,0.12186,0.27413,0.27413,256,6,3,145,84
"prev.B",30,0.12186,0.27413,0.27413,1024,6,3,580,336
"prev.H",0,0.59625,0.72459,0.72459,64,15,8,50,37
"prev.H",0,0.59625,0.72459,0.72459,256,15,8,199,145
"prev.H",0,0.59625,0.72459,0.72459,1024,15,8,794,577
"prev.H",5,0.39396,0.56236,0.56236,64,12,6,47,32
"prev.H",5,0.39396,0.56236,0.56236,256,12,6,187,128
"prev.H",5,0.39396,0.56236,0.56236,1024,12,6,746,512
"prev.H",10,0.25885,0.39073,0.39073,64,8,4,42,27
"prev.H",10,0.25885,0.39073,0.39073,256,8,4,167,105
"prev.H",10,0.25885,0.39073,0.39073,1024,8,4,667,420
"prev.H",20,0.11605,0.10185,0.11605,64,3,2,23,11
"prev.H",20,0.11605,0.10185,0.11605,256,3,2,92,44
"prev.H",20,0.11605,0.10185,0.11605,1024,3,2,365,176
"prev.H",30,0.055316,0.09157,0.09157,64,2,1,20,9
"prev.H",30,0.055316,0.09157,0.09157,256,2,1,78,36
"prev.H",30,0.055316,0.09157,0.09157,1024,2,1,311,144
"prev.W",0,0.76623,0.81155,0.81155,64,17,9,51,38
"prev.W",0,0.76623,0.81155,0.81155,256,17,9,204,152
"prev.W",0,0.76623,0.81155,0.81155,1024,17,9,814,605
"prev.W",5,0.60927,0.67796,0.67796,64,14,7,49,35
"prev.W",5,0.60927,0.67796,0.67796,256,14,7,196,140
"prev.W",5,0.60927,0.67796,0.67796,1024,14,7,782,560
"prev.W",10,0.46934,0.55704,0.55704,64,12,6,47,32
"prev.W",10,0.46934,0.55704,0.55704,256,12,6,186,128
"prev.W",10,0.46934,0.55704,0.55704,1024,12,6,744,510
"prev.W",20,0.25626,0.36793,0.36793,64,8,4,41,26
"prev.W",20,0.25626,0.36793,0.36793,256,8,4,163,102
"prev.W",20,0.25626,0.36793,0.36793,1024,8,4,652,405
"prev.W",30,0.12709,0.29771,0.29771,64,6,3,38,23
"prev.W",30,0.12709,0.29771,0.29771,256,6,3,151,89
"prev.W",30,0.12709,0.29771,0.29771,1024,6,3,601,355
"supp_frac",0,0.12374,0.12967,0.12967,64,3,2,25,12
"supp_frac",0,0.12374,0.12967,0.12967,256,3,2,98,48
"supp_frac",0,0.12374,0.12967,0.12967,1024,3,2,391,192
"supp_frac",5,0.037763,0.02217,0.037763,64,1,1,10,5
"supp_frac",5,0.037763,0.02217,0.037763,256,1,1,40,17
"supp_frac",5,0.037763,0.02217,0.037763,1024,1,1,157,65
"supp_frac",10,0.023632,0.09552,0.09552,64,2,1,21,10
"supp_frac",10,0.023632,0.09552,0.09552,256,2,1,81,38
"supp_frac",10,0.023632,0.09552,0.09552,1024,2,1,321,149
"supp_frac",20,0.011319,0.13309,0.13309,64,3,2,25,13
"supp_frac",20,0.011319,0.13309,0.13309,256,3,2,100,49
"supp_frac",20,0.011319,0.13309,0.13309,1024,3,2,398,196
"supp_frac",30,0.0055178,0.10985,0.10985,64,3,2,22,11
"supp_frac",30,0.0055178,0.10985,0.10985,256,3,2,88,42
"supp_frac",30,0.0055178,0.10985,0.10985,1024,3,2,352,168
"supp_frac.B",0,0.093055,0.06184,0.093055,64,2,1,20,10
"supp_frac.B",0,0.093055,0.06184,0.093055,256,2,1,79,37
"supp_frac.B",0,0.093055,0.06184,0.093055,1024,2,1,315,146
"supp_frac.B",5,0.0068209,-0.0794,0.0068209,64,1,1,3,1
"supp_frac.B",5,0.0068209,-0.0794,0.0068209,256,1,1,9,4
"supp_frac.B",5,0.0068209,-0.0794,0.0068209,1024,1,1,33,13
"supp_frac.B",10,0,-0.0137,0,64,0,0,0,0
"supp_frac.B",10,0,-0.0137,0,256,0,0,0,0
"supp_frac.B",10,0,-0.0137,0,1024,0,0,0,0
"supp_frac.B",20,0,0.03786,0.03786,64,1,1,10,5
"supp_frac.B",20,0,0.03786,0.03786,256,1,1,40,17
"supp_frac.B",20,0,0.03786,0.03786,1024,1,1,157,65
"supp_frac.B",30,0,-0.0064,0,64,0,0,0,0
"supp_frac.B",30,0,-0.0064,0,256,0,0,0,0
"supp_frac.B",30,0,-0.0064,0,1024,0,0,0,0
"supp_frac.H",0,0.084953,0.13452,0.13452,64,3,2,25,13
"supp_frac.H",0,0.084953,0.13452,0.13452,256,3,2,100,50
"supp_frac.H",0,0.084953,0.13452,0.13452,1024,3,2,400,198
"supp_frac.H",5,0.0036486,-0.0823,0.0036486,64,1,1,2,1
"supp_frac.H",5,0.0036486,-0.0823,0.0036486,256,1,1,5,2
"supp_frac.H",5,0.0036486,-0.0823,0.0036486,1024,1,1,18,7
"supp_frac.H",10,0.00035532,-0.0906,0.00035532,64,1,1,1,1
"supp_frac.H",10,0.00035532,-0.0906,0.00035532,256,1,1,1,1
"supp_frac.H",10,0.00035532,-0.0906,0.00035532,1024,1,1,2,1
"supp_frac.H",20,0,0.14481,0.14481,64,3,2,27,14
"supp_frac.H",20,0,0.14481,0.14481,256,3,2,105,53
"supp_frac.H",20,0,0.14481,0.14481,1024,3,2,418,210
"supp_frac.H",30,0,0.21459,0.21459,64,5,3,33,18
"supp_frac.H",30,0,0.21459,0.21459,256,5,3,130,71
"supp_frac.H",30,0,0.21459,0.21459,1024,5,3,518,283
"supp_frac.W",0,0.089319,-0.0446,0.089319,64,2,1,20,9
"supp_frac.W",0,0.089319,-0.0446,0.089319,256,2,1,77,36
"supp_frac.W",0,0.089319,-0.0446,0.089319,1024,2,1,306,141
"supp_frac.W",5,0.0060853,-0.1352,0.0060853,64,1,1,2,1
"supp_frac.W",5,0.0060853,-0.1352,0.0060853,256,1,1,8,3
"supp_frac.W",5,0.0060853,-0.1352,0.0060853,1024,1,1,29,11
"supp_frac.W",10,0.0047268,0.0168,0.0168,64,1,1,5,2
"supp_frac.W",10,0.0047268,0.0168,0.0168,256,1,1,19,8
"supp_frac.W",10,0.0047268,0.0168,0.0168,1024,1,1,76,30
"supp_frac.W",20,0.0030433,0.08972,0.08972,64,2,1,20,9
"supp_frac.W",20,0.0030433,0.08972,0.08972,256,2,1,77,36
"supp_frac.W",20,0.0030433,0.08972,0.08972,1024,2,1,307,141
"supp_frac.W",30,0.0011148,-0.105,0.0011148,64,1,1,1,1
"supp_frac.W",30,0.0011148,-0.105,0.0011148,256,1,1,2,1
"supp_frac.W",30,0.0011148,-0.105,0.0011148,1024,1,1,6,3
"syph_ir",0,0.26836,0.43046,0.43046,64,9,5,44,28
"syph_ir",0,0.26836,0.43046,0.43046,256,9,5,173,111
"syph_ir",0,0.26836,0.43046,0.43046,1024,9,5,689,444
"syph_ir",5,0.10442,0.37298,0.37298,64,8,4,41,26
"syph_ir",5,0.10442,0.37298,0.37298,256,8,4,164,103
"syph_ir",5,0.10442,0.37298,0.37298,1024,8,4,656,409
"syph_ir",10,0.052691,0.40667,0.40667,64,9,5,43,27
"syph_ir",10,0.052691,0.40667,0.40667,256,9,5,169,108
"syph_ir",10,0.052691,0.40667,0.40667,1024,9,5,676,430
"syph_ir",20,0.01586,0.362,0.362,64,8,4,41,26
"syph_ir",20,0.01586,0.362,0.362,256,8,4,163,101
"syph_ir",20,0.01586,0.362,0.362,1024,8,4,649,401
"syph_ir",30,0,0.17601,0.17601,64,4,2,30,16
"syph_ir",30,0,0.17601,0.17601,256,4,2,117,62
"syph_ir",30,0,0.17601,0.17601,1024,4,2,467,245
"syph_prev",0,0.34191,0.47385,0.47385,64,10,5,45,30
"syph_prev",0,0.34191,0.47385,0.47385,256,10,5,178,118
"syph_prev",0,0.34191,0.47385,0.47385,1024,10,5,710,469
"syph_prev",5,0.13355,0.37865,0.37865,64,8,4,42,26
"syph_prev",5,0.13355,0.37865,0.37865,256,8,4,165,103
"syph_prev",5,0.13355,0.37865,0.37865,1024,8,4,659,412
"syph_prev",10,0.063461,0.39819,0.39819,64,8,4,42,27
"syph_prev",10,0.063461,0.39819,0.39819,256,8,4,168,107
"syph_prev",10,0.063461,0.39819,0.39819,1024,8,4,671,425
"syph_prev",20,0.019217,0.37362,0.37362,64,8,4,41,26
"syph_prev",20,0.019217,0.37362,0.37362,256,8,4,164,103
"syph_prev",20,0.019217,0.37362,0.37362,1024,8,4,656,409
"syph_prev",30,0,0.21101,0.21101,64,5,3,33,18
"syph_prev",30,0,0.21101,0.21101,256,5,3,129,70
"syph_prev",30,0,0.21101,0.21101,1024,5,3,514,280
