"var","functional","h","icc_w","icc_w_lo","icc_w_hi","N","tolerance","k_balanced","k_balanced_lo","k_balanced_hi","k_random","k_random_lo","k_random_hi"
"prev","M20",0,0.84264,0.80858,0.86705,32,0.1,26,26,26,125,120,128
"prev.B","M20",0,0.81348,0.78517,0.84283,32,0.1,26,26,26,121,116,125
"i.prev.dx.B","M20",0,0.8635,0.84086,0.88126,32,0.1,26,26,26,128,125,131
"num","M20",0,0.81379,0.77962,0.84656,32,0.1,26,26,26,121,116,125
"incid_rate","M20",0,0.37226,0.24604,0.48256,32,0.1,21,18,23,55,37,72
"dx_frac","M20",0,0.36194,0.23448,0.47006,32,0.1,21,17,23,54,35,70
"supp_frac","M20",0,0.19261,0,0.36448,32,0.1,16,0,21,29,1,54
"prep_cov","M20",0,0.22767,0.12195,0.32666,32,0.1,17,12,20,34,19,49
"gono_prev","M20",0,0.54402,0.45763,0.62239,32,0.1,24,22,24,81,68,92
"chla_prev","M20",0,0.5712,0.50049,0.62731,32,0.1,24,23,24,85,74,93
"syph_prev","M20",0,0.43408,0.32397,0.52981,32,0.1,22,20,23,65,48,79
"hiv.incid","cml10",5,0.24785,0.073315,0.40159,32,0.1,18,9,22,37,11,60
"hiv.incid.B","cml10",5,0.17771,0.0083386,0.34933,32,0.1,15,2,20,27,2,52
"hiv.incid.H","cml10",5,0.072861,0,0.20165,32,0.1,9,0,16,11,1,30
"hiv.incid.W","cml10",5,0.3913,0.30603,0.47902,32,0.1,21,19,23,58,46,71
"prev","value",15,0.69131,0.61176,0.74672,32,0.1,25,24,25,103,91,111
"i.prev.dx.B","value",15,0.72103,0.67226,0.76193,32,0.1,25,25,26,107,100,113
"i.prev.dx.H","value",15,0.51934,0.44535,0.59486,32,0.1,23,22,24,77,66,88
"i.prev.dx.W","value",15,0.72085,0.67332,0.76243,32,0.1,25,25,26,107,100,113
"incid_rate","value",15,0,0,0,32,0.1,0,0,0,1,1,1
"ir100.gono","value",15,0.26168,0.13675,0.38349,32,0.1,18,13,21,39,21,57
"ir100.chla","value",15,0.3686,0.23679,0.49569,32,0.1,21,17,23,55,35,74
"ir100.syph","value",15,0.1069,0,0.26246,32,0.1,11,0,18,16,1,39
"prev","value",70,0,0,0.066401,32,0.1,0,0,8,1,1,10
"i.prev.dx.B","value",70,0,0,0.11711,32,0.1,0,0,12,1,1,18
"i.prev.dx.H","value",70,0.088109,0,0.21581,32,0.1,10,0,17,14,1,32
"i.prev.dx.W","value",70,0,0,0.049279,32,0.1,0,0,7,1,1,8
"incid_rate","value",70,0,0,0.12171,32,0.1,0,0,12,1,1,18
"ir100.gono","value",70,0.037036,0,0.24685,32,0.1,5,0,18,6,1,37
"ir100.chla","value",70,0.061807,0,0.26049,32,0.1,8,0,18,10,1,39
"ir100.syph","value",70,0.072638,0,0.22326,32,0.1,9,0,17,11,1,33
"prev","M20",0,0.84264,0.80858,0.86705,32,0.25,20,19,20,47,45,48
"prev.B","M20",0,0.81348,0.78517,0.84283,32,0.25,19,19,20,45,44,47
"i.prev.dx.B","M20",0,0.8635,0.84086,0.88126,32,0.25,20,20,20,48,47,49
"num","M20",0,0.81379,0.77962,0.84656,32,0.25,19,19,20,45,43,47
"incid_rate","M20",0,0.37226,0.24604,0.48256,32,0.25,13,10,15,21,14,27
"dx_frac","M20",0,0.36194,0.23448,0.47006,32,0.25,13,10,15,20,13,26
"supp_frac","M20",0,0.19261,0,0.36448,32,0.25,9,0,13,11,1,21
"prep_cov","M20",0,0.22767,0.12195,0.32666,32,0.25,10,6,12,13,7,19
"gono_prev","M20",0,0.54402,0.45763,0.62239,32,0.25,16,15,17,30,26,35
"chla_prev","M20",0,0.5712,0.50049,0.62731,32,0.25,17,16,17,32,28,35
"syph_prev","M20",0,0.43408,0.32397,0.52981,32,0.25,14,12,16,24,18,30
"hiv.incid","cml10",5,0.24785,0.073315,0.40159,32,0.25,10,4,14,14,5,23
"hiv.incid.B","cml10",5,0.17771,0.0083386,0.34933,32,0.25,8,1,13,10,1,20
"hiv.incid.H","cml10",5,0.072861,0,0.20165,32,0.25,4,0,9,5,1,12
"hiv.incid.W","cml10",5,0.3913,0.30603,0.47902,32,0.25,14,12,15,22,17,27
"prev","value",15,0.69131,0.61176,0.74672,32,0.25,18,17,19,39,34,42
"i.prev.dx.B","value",15,0.72103,0.67226,0.76193,32,0.25,18,18,19,40,38,42
"i.prev.dx.H","value",15,0.51934,0.44535,0.59486,32,0.25,16,15,17,29,25,33
"i.prev.dx.W","value",15,0.72085,0.67332,0.76243,32,0.25,18,18,19,40,38,43
"incid_rate","value",15,0,0,0,32,0.25,0,0,0,1,1,1
"ir100.gono","value",15,0.26168,0.13675,0.38349,32,0.25,11,7,13,15,8,22
"ir100.chla","value",15,0.3686,0.23679,0.49569,32,0.25,13,10,15,21,14,28
"ir100.syph","value",15,0.1069,0,0.26246,32,0.25,6,0,11,6,1,15
"prev","value",70,0,0,0.066401,32,0.25,0,0,4,1,1,4
"i.prev.dx.B","value",70,0,0,0.11711,32,0.25,0,0,6,1,1,7
"i.prev.dx.H","value",70,0.088109,0,0.21581,32,0.25,5,0,9,5,1,12
"i.prev.dx.W","value",70,0,0,0.049279,32,0.25,0,0,3,1,1,3
"incid_rate","value",70,0,0,0.12171,32,0.25,0,0,6,1,1,7
"ir100.gono","value",70,0.037036,0,0.24685,32,0.25,2,0,10,3,1,14
"ir100.chla","value",70,0.061807,0,0.26049,32,0.25,4,0,11,4,1,15
"ir100.syph","value",70,0.072638,0,0.22326,32,0.25,4,0,10,5,1,13
"prev","M20",0,0.84264,0.80858,0.86705,256,0.1,205,204,207,1024,982,1053
"prev.B","M20",0,0.81348,0.78517,0.84283,256,0.1,204,202,205,988,954,1024
"i.prev.dx.B","M20",0,0.8635,0.84086,0.88126,256,0.1,206,205,207,1049,1022,1071
"num","M20",0,0.81379,0.77962,0.84656,256,0.1,204,202,206,989,947,1028
"incid_rate","M20",0,0.37226,0.24604,0.48256,256,0.1,164,139,179,453,299,586
"dx_frac","M20",0,0.36194,0.23448,0.47006,256,0.1,163,136,177,440,285,571
"supp_frac","M20",0,0.19261,0,0.36448,256,0.1,123,0,163,234,1,443
"prep_cov","M20",0,0.22767,0.12195,0.32666,256,0.1,134,95,156,277,149,397
"gono_prev","M20",0,0.54402,0.45763,0.62239,256,0.1,185,176,192,661,556,756
"chla_prev","M20",0,0.5712,0.50049,0.62731,256,0.1,188,181,192,694,608,762
"syph_prev","M20",0,0.43408,0.32397,0.52981,256,0.1,173,156,184,528,394,644
"hiv.incid","cml10",5,0.24785,0.073315,0.40159,256,0.1,139,67,169,301,90,488
"hiv.incid.B","cml10",5,0.17771,0.0083386,0.34933,256,0.1,118,10,160,216,11,425
"hiv.incid.H","cml10",5,0.072861,0,0.20165,256,0.1,66,0,126,89,1,245
"hiv.incid.W","cml10",5,0.3913,0.30603,0.47902,256,0.1,167,152,178,476,372,582
"prev","value",15,0.69131,0.61176,0.74672,256,0.1,197,191,200,840,743,907
"i.prev.dx.B","value",15,0.72103,0.67226,0.76193,256,0.1,199,196,201,876,817,926
"i.prev.dx.H","value",15,0.51934,0.44535,0.59486,256,0.1,183,174,190,631,541,723
"i.prev.dx.W","value",15,0.72085,0.67332,0.76243,256,0.1,199,196,201,876,818,926
"incid_rate","value",15,0,0,0,256,0.1,0,0,0,1,1,1
"ir100.gono","value",15,0.26168,0.13675,0.38349,256,0.1,143,101,166,318,167,466
"ir100.chla","value",15,0.3686,0.23679,0.49569,256,0.1,164,136,180,448,288,602
"ir100.syph","value",15,0.1069,0,0.26246,256,0.1,87,0,143,130,1,319
"prev","value",70,0,0,0.066401,256,0.1,0,0,62,1,1,81
"i.prev.dx.B","value",70,0,0,0.11711,256,0.1,0,0,92,1,1,143
"i.prev.dx.H","value",70,0.088109,0,0.21581,256,0.1,76,0,130,107,1,263
"i.prev.dx.W","value",70,0,0,0.049279,256,0.1,0,0,49,1,1,60
"incid_rate","value",70,0,0,0.12171,256,0.1,0,0,94,1,1,148
"ir100.gono","value",70,0.037036,0,0.24685,256,0.1,39,0,139,45,1,300
"ir100.chla","value",70,0.061807,0,0.26049,256,0.1,59,0,142,76,1,317
"ir100.syph","value",70,0.072638,0,0.22326,256,0.1,66,0,132,89,1,272
"prev","M20",0,0.84264,0.80858,0.86705,256,0.25,154,151,156,382,367,394
"prev.B","M20",0,0.81348,0.78517,0.84283,256,0.25,152,150,154,369,356,383
"i.prev.dx.B","M20",0,0.8635,0.84086,0.88126,256,0.25,156,154,157,392,382,400
"num","M20",0,0.81379,0.77962,0.84656,256,0.25,152,149,154,369,354,384
"incid_rate","M20",0,0.37226,0.24604,0.48256,256,0.25,102,78,119,169,112,219
"dx_frac","M20",0,0.36194,0.23448,0.47006,256,0.25,101,76,117,165,107,214
"supp_frac","M20",0,0.19261,0,0.36448,256,0.25,66,0,101,88,1,166
"prep_cov","M20",0,0.22767,0.12195,0.32666,256,0.25,74,46,95,104,56,149
"gono_prev","M20",0,0.54402,0.45763,0.62239,256,0.25,126,115,135,247,208,283
"chla_prev","M20",0,0.5712,0.50049,0.62731,256,0.25,129,121,135,259,227,285
"syph_prev","M20",0,0.43408,0.32397,0.52981,256,0.25,112,94,125,197,147,241
"hiv.incid","cml10",5,0.24785,0.073315,0.40159,256,0.25,79,30,107,113,34,183
"hiv.incid.B","cml10",5,0.17771,0.0083386,0.34933,256,0.25,62,4,99,81,4,159
"hiv.incid.H","cml10",5,0.072861,0,0.20165,256,0.25,30,0,68,34,1,92
"hiv.incid.W","cml10",5,0.3913,0.30603,0.47902,256,0.25,106,91,118,178,139,218
"prev","value",15,0.69131,0.61176,0.74672,256,0.25,142,134,147,314,278,339
"i.prev.dx.B","value",15,0.72103,0.67226,0.76193,256,0.25,144,140,148,327,305,346
"i.prev.dx.H","value",15,0.51934,0.44535,0.59486,256,0.25,123,114,132,236,202,270
"i.prev.dx.W","value",15,0.72085,0.67332,0.76243,256,0.25,144,140,148,327,306,346
"incid_rate","value",15,0,0,0,256,0.25,0,0,0,1,1,1
"ir100.gono","value",15,0.26168,0.13675,0.38349,256,0.25,82,51,104,119,62,174
"ir100.chla","value",15,0.3686,0.23679,0.49569,256,0.25,102,76,120,168,108,225
"ir100.syph","value",15,0.1069,0,0.26246,256,0.25,41,0,82,49,1,119
"prev","value",70,0,0,0.066401,256,0.25,0,0,28,1,1,31
"i.prev.dx.B","value",70,0,0,0.11711,256,0.25,0,0,45,1,1,54
"i.prev.dx.H","value",70,0.088109,0,0.21581,256,0.25,35,0,71,40,1,98
"i.prev.dx.W","value",70,0,0,0.049279,256,0.25,0,0,21,1,1,23
"incid_rate","value",70,0,0,0.12171,256,0.25,0,0,46,1,1,56
"ir100.gono","value",70,0.037036,0,0.24685,256,0.25,16,0,79,17,1,112
"ir100.chla","value",70,0.061807,0,0.26049,256,0.25,26,0,82,29,1,119
"ir100.syph","value",70,0.072638,0,0.22326,256,0.25,30,0,73,33,1,102
"prev","M20",0,0.84264,0.80858,0.86705,1024,0.1,820,813,825,4105,3939,4224
"prev.B","M20",0,0.81348,0.78517,0.84283,1024,0.1,814,808,820,3963,3825,4106
"i.prev.dx.B","M20",0,0.8635,0.84086,0.88126,1024,0.1,824,820,827,4207,4097,4293
"num","M20",0,0.81379,0.77962,0.84656,1024,0.1,814,807,821,3965,3798,4124
"incid_rate","M20",0,0.37226,0.24604,0.48256,1024,0.1,655,553,714,1814,1199,2351
"dx_frac","M20",0,0.36194,0.23448,0.47006,1024,0.1,649,541,708,1764,1143,2290
"supp_frac","M20",0,0.19261,0,0.36448,1024,0.1,490,0,650,939,1,1776
"prep_cov","M20",0,0.22767,0.12195,0.32666,1024,0.1,533,377,624,1110,595,1592
"gono_prev","M20",0,0.54402,0.45763,0.62239,1024,0.1,739,702,766,2651,2230,3032
"chla_prev","M20",0,0.5712,0.50049,0.62731,1024,0.1,749,722,768,2783,2439,3056
"syph_prev","M20",0,0.43408,0.32397,0.52981,1024,0.1,691,622,734,2115,1579,2581
"hiv.incid","cml10",5,0.24785,0.073315,0.40159,1024,0.1,555,265,673,1208,358,1957
"hiv.incid.B","cml10",5,0.17771,0.0083386,0.34933,1024,0.1,470,40,640,866,41,1702
"hiv.incid.H","cml10",5,0.072861,0,0.20165,1024,0.1,264,0,502,355,1,983
"hiv.incid.W","cml10",5,0.3913,0.30603,0.47902,1024,0.1,667,608,712,1907,1491,2334
"prev","value",15,0.69131,0.61176,0.74672,1024,0.1,786,763,800,3368,2981,3638
"i.prev.dx.B","value",15,0.72103,0.67226,0.76193,1024,0.1,794,781,803,3513,3275,3712
"i.prev.dx.H","value",15,0.51934,0.44535,0.59486,1024,0.1,730,696,757,2530,2170,2898
"i.prev.dx.W","value",15,0.72085,0.67332,0.76243,1024,0.1,793,781,803,3512,3281,3715
"incid_rate","value",15,0,0,0,1024,0.1,0,0,0,1,1,1
"ir100.gono","value",15,0.26168,0.13675,0.38349,1024,0.1,569,404,662,1275,667,1869
"ir100.chla","value",15,0.3686,0.23679,0.49569,1024,0.1,653,543,720,1796,1154,2415
"ir100.syph","value",15,0.1069,0,0.26246,1024,0.1,346,0,569,521,1,1279
"prev","value",70,0,0,0.066401,1024,0.1,0,0,246,1,1,324
"i.prev.dx.B","value",70,0,0,0.11711,1024,0.1,0,0,367,1,1,571
"i.prev.dx.H","value",70,0.088109,0,0.21581,1024,0.1,303,0,519,430,1,1052
"i.prev.dx.W","value",70,0,0,0.049279,1024,0.1,0,0,195,1,1,241
"incid_rate","value",70,0,0,0.12171,1024,0.1,0,0,376,1,1,593
"ir100.gono","value",70,0.037036,0,0.24685,1024,0.1,154,0,554,181,1,1203
"ir100.chla","value",70,0.061807,0,0.26049,1024,0.1,233,0,567,302,1,1269
"ir100.syph","value",70,0.072638,0,0.22326,1024,0.1,264,0,528,354,1,1088
"prev","M20",0,0.84264,0.80858,0.86705,1024,0.25,615,604,622,1533,1471,1577
"prev.B","M20",0,0.81348,0.78517,0.84283,1024,0.25,606,597,615,1480,1428,1533
"i.prev.dx.B","M20",0,0.8635,0.84086,0.88126,1024,0.25,621,614,626,1571,1530,1603
"num","M20",0,0.81379,0.77962,0.84656,1024,0.25,606,595,616,1481,1418,1540
"incid_rate","M20",0,0.37226,0.24604,0.48256,1024,0.25,408,312,473,678,448,878
"dx_frac","M20",0,0.36194,0.23448,0.47006,1024,0.25,401,302,467,659,427,855
"supp_frac","M20",0,0.19261,0,0.36448,1024,0.25,262,0,403,351,1,663
"prep_cov","M20",0,0.22767,0.12195,0.32666,1024,0.25,296,183,377,415,222,595
"gono_prev","M20",0,0.54402,0.45763,0.62239,1024,0.25,504,460,538,990,833,1132
"chla_prev","M20",0,0.5712,0.50049,0.62731,1024,0.25,516,483,540,1039,911,1141
"syph_prev","M20",0,0.43408,0.32397,0.52981,1024,0.25,447,375,497,790,590,964
"hiv.incid","cml10",5,0.24785,0.073315,0.40159,1024,0.25,314,119,427,451,134,731
"hiv.incid.B","cml10",5,0.17771,0.0083386,0.34933,1024,0.25,246,15,393,324,16,636
"hiv.incid.H","cml10",5,0.072861,0,0.20165,1024,0.25,118,0,271,133,1,367
"hiv.incid.W","cml10",5,0.3913,0.30603,0.47902,1024,0.25,421,361,471,712,557,872
"prev","value",15,0.69131,0.61176,0.74672,1024,0.25,565,534,585,1258,1113,1359
"i.prev.dx.B","value",15,0.72103,0.67226,0.76193,1024,0.25,576,558,590,1312,1223,1386
"i.prev.dx.H","value",15,0.51934,0.44535,0.59486,1024,0.25,492,453,527,945,810,1082
"i.prev.dx.W","value",15,0.72085,0.67332,0.76243,1024,0.25,576,558,590,1311,1225,1387
"incid_rate","value",15,0,0,0,1024,0.25,0,0,0,1,1,1
"ir100.gono","value",15,0.26168,0.13675,0.38349,1024,0.25,326,201,416,476,249,698
"ir100.chla","value",15,0.3686,0.23679,0.49569,1024,0.25,406,304,480,671,431,902
"ir100.syph","value",15,0.1069,0,0.26246,1024,0.25,164,0,326,195,1,478
"prev","value",70,0,0,0.066401,1024,0.25,0,0,109,1,1,121
"i.prev.dx.B","value",70,0,0,0.11711,1024,0.25,0,0,177,1,1,213
"i.prev.dx.H","value",70,0.088109,0,0.21581,1024,0.25,139,0,284,161,1,393
"i.prev.dx.W","value",70,0,0,0.049279,1024,0.25,0,0,83,1,1,90
"incid_rate","value",70,0,0,0.12171,1024,0.25,0,0,183,1,1,222
"ir100.gono","value",70,0.037036,0,0.24685,1024,0.25,64,0,313,68,1,449
"ir100.chla","value",70,0.061807,0,0.26049,1024,0.25,102,0,325,113,1,474
"ir100.syph","value",70,0.072638,0,0.22326,1024,0.25,118,0,291,133,1,407
