"var","block","mean_change_sd","mean_lo","mean_hi","var_ratio","var_lo","var_hi","mean_excludes_0","var_excludes_1","z_null"
"prev","key",-0.026427,-0.058408,0.010214,0.79862,0.54864,0.97449,FALSE,TRUE,-1.1613
"incid_rate","key",0.047902,-0.22623,0.3525,0.96254,0.68798,1.3261,FALSE,FALSE,0.20224
"dx_frac","key",0.075397,-0.075513,0.20088,0.88634,0.62072,1.2023,FALSE,FALSE,0.76833
"supp_frac","key",0.05378,-0.12861,0.23761,1.077,0.69601,1.4892,FALSE,FALSE,0.47463
"prep_cov","key",0.23426,-0.05386,0.519,0.99497,0.71575,1.2156,FALSE,FALSE,1.1677
"prev.B","key",-0.038206,-0.079462,-0.0013031,0.92963,0.63104,1.2857,TRUE,FALSE,-1.4518
"incid_rate.B","key",0.050849,-0.24245,0.37314,0.99909,0.77419,1.2365,FALSE,FALSE,0.21101
"dx_frac.B","key",0.10443,-0.057757,0.25783,1.0043,0.66814,1.3669,FALSE,FALSE,1.0537
"supp_frac.B","key",0.067587,-0.14811,0.27393,1.1479,0.78969,1.4879,FALSE,FALSE,0.58681
"prep_cov.B","key",0.14281,-0.16492,0.46405,1.1502,0.7506,1.6374,FALSE,FALSE,0.67609
"prev.H","key",-0.051861,-0.11668,0.011619,0.8312,0.57435,1.0964,FALSE,FALSE,-1.2104
"incid_rate.H","key",0.25231,-0.17069,0.70485,0.93978,0.69862,1.2029,FALSE,FALSE,0.96497
"dx_frac.H","key",-0.092513,-0.27237,0.078362,1.1125,0.74914,1.5263,FALSE,FALSE,-0.89351
"supp_frac.H","key",-0.023043,-0.18668,0.14114,0.78553,0.57117,1.0261,FALSE,FALSE,-0.20537
"prep_cov.H","key",0.16899,-0.13218,0.4259,0.95734,0.65161,1.2585,FALSE,FALSE,0.88543
"prev.W","key",0.012935,-0.035994,0.056795,0.87716,0.53884,1.2729,FALSE,FALSE,0.43788
"incid_rate.W","key",-0.084559,-0.44736,0.31513,0.9925,0.67176,1.3444,FALSE,FALSE,-0.3326
"dx_frac.W","key",-0.0031756,-0.18481,0.18423,1.0201,0.6985,1.3245,FALSE,FALSE,-0.028657
"supp_frac.W","key",-0.012686,-0.20745,0.1899,0.99864,0.61941,1.3507,FALSE,FALSE,-0.11076
"prep_cov.W","key",0.16782,-0.1083,0.46642,0.98033,0.73252,1.1643,FALSE,FALSE,0.83206
"gono_prev","key",0.10336,-0.011948,0.22564,1.1212,0.82026,1.3843,FALSE,FALSE,1.4689
"gono_ir","key",0.047912,-0.073252,0.15552,1.0952,0.85815,1.3259,FALSE,FALSE,0.62926
"chla_prev","key",0.12987,0.036859,0.23297,0.85964,0.6168,1.0835,TRUE,FALSE,1.8313
"chla_ir","key",0.11682,0.02328,0.21353,0.86406,0.66814,1.0414,TRUE,FALSE,1.4811
"syph_prev","key",0.020324,-0.095224,0.16865,1.4708,0.59552,2.3393,FALSE,FALSE,0.3434
"syph_ir","key",0.023399,-0.11308,0.17725,1.0332,0.64138,1.4286,FALSE,FALSE,0.26457
"num","key",-0.072738,-0.11431,-0.029037,0.70161,0.47111,0.93615,TRUE,TRUE,-2.2129
"num.B","state",-0.048222,-0.084022,-0.012631,0.65376,0.49436,0.81075,TRUE,TRUE,-1.48
"hiv.inf.B","state",-0.051763,-0.096829,-0.01461,0.84673,0.51127,1.1931,TRUE,FALSE,-2.0131
"hiv.dx.B","state",-0.025334,-0.072641,0.021413,0.96426,0.66443,1.2705,FALSE,FALSE,-0.98169
"hiv.tx.B","state",-0.015085,-0.10493,0.072343,0.98819,0.64847,1.3081,FALSE,FALSE,-0.28163
"hiv.supp.B","state",-0.015978,-0.096018,0.070053,0.97498,0.66074,1.3015,FALSE,FALSE,-0.29793
"prep.B","state",0.12924,-0.11149,0.3841,1.1837,0.75823,1.6857,FALSE,FALSE,0.83796
"prep.indic.B","state",0.036536,-0.06232,0.14764,0.83965,0.58789,1.1266,FALSE,FALSE,0.51944
"num.H","state",0.0016047,-0.064852,0.066553,1.2809,0.86473,1.6198,FALSE,FALSE,0.047946
"hiv.inf.H","state",-0.047129,-0.11574,0.01694,0.83365,0.59335,1.0441,FALSE,FALSE,-1.1223
"hiv.dx.H","state",-0.077711,-0.15795,0.019727,1.2094,0.66411,1.9058,FALSE,FALSE,-1.7765
"hiv.tx.H","state",-0.033731,-0.15588,0.095452,1.0228,0.7431,1.2936,FALSE,FALSE,-0.46003
"hiv.supp.H","state",-0.053069,-0.17612,0.076665,0.99504,0.67444,1.3516,FALSE,FALSE,-0.7211
"prep.H","state",0.10014,-0.14301,0.3512,1.1129,0.75472,1.5355,FALSE,FALSE,0.62559
"prep.indic.H","state",-0.082082,-0.24903,0.060319,1.1702,0.78217,1.5906,FALSE,FALSE,-0.90662
"num.W","state",-0.057577,-0.09782,-0.014466,0.82913,0.59131,1.1034,TRUE,FALSE,-1.7723
"hiv.inf.W","state",0.0018869,-0.044699,0.047862,0.84226,0.49663,1.1841,FALSE,FALSE,0.06294
"hiv.dx.W","state",0.0012044,-0.049698,0.052041,0.97642,0.60946,1.3364,FALSE,FALSE,0.038481
"hiv.tx.W","state",0.0016669,-0.073052,0.084787,0.86046,0.57626,1.1625,FALSE,FALSE,0.033014
"hiv.supp.W","state",-0.0043441,-0.086937,0.067342,0.82295,0.51731,1.147,FALSE,FALSE,-0.085948
"prep.W","state",0.092273,-0.12311,0.31037,0.97896,0.72459,1.2314,FALSE,FALSE,0.61949
"prep.indic.W","state",-0.059657,-0.19959,0.078962,0.93018,0.6759,1.1679,FALSE,FALSE,-0.7074
"gono.uret.inf","state",0.093608,-0.024037,0.2153,1.0837,0.8344,1.3302,FALSE,FALSE,1.2905
"gono.rect.inf","state",0.10915,-0.02066,0.21347,1.1413,0.79853,1.4594,FALSE,FALSE,1.5314
"chla.uret.inf","state",0.15044,0.030713,0.25474,0.87652,0.61705,1.1113,TRUE,FALSE,2.0338
"chla.rect.inf","state",0.11495,0.020006,0.20981,0.84775,0.60232,1.0928,TRUE,FALSE,1.5967
"syph.inf","state",0.018926,-0.11134,0.16032,1.4633,0.63819,2.4885,FALSE,FALSE,0.31985
"i.prev.dx.B","project",-0.010241,-0.05638,0.032545,1.1352,0.79498,1.4365,FALSE,FALSE,-0.39665
"i.prev.dx.H","project",-0.083475,-0.16029,0.0025014,1.1621,0.68828,1.6584,FALSE,FALSE,-1.881
"i.prev.dx.W","project",0.011923,-0.046153,0.065034,1.0086,0.63176,1.4208,FALSE,FALSE,0.38731
"cc.vsupp.B","project",0.018725,-0.15973,0.21887,1.1001,0.74906,1.4764,FALSE,FALSE,0.16443
"cc.vsupp.H","project",0.022051,-0.13961,0.20316,0.95563,0.69825,1.2131,FALSE,FALSE,0.20201
"cc.vsupp.W","project",-0.013166,-0.15373,0.15956,0.865,0.61061,1.1382,FALSE,FALSE,-0.12297
"ir100.gono","project",0.048989,-0.059875,0.16063,1.0966,0.85892,1.3249,FALSE,FALSE,0.64531
"ir100.chla","project",0.11802,0.025683,0.20877,0.86512,0.6906,1.0433,TRUE,FALSE,1.5101
"ir100.syph","project",0.024219,-0.11866,0.16406,1.044,0.6258,1.419,FALSE,FALSE,0.27613
"disease.mr100","project",-0.069486,-0.44968,0.30257,0.91821,0.6924,1.1553,FALSE,FALSE,-0.26159
"ir100.hiv.dx.B","project",-0.19037,-0.55113,0.18205,1.0141,0.66449,1.4015,FALSE,FALSE,-0.78726
"ir100.hiv.dx.H","project",0.11059,-0.2869,0.4831,0.9042,0.65067,1.1642,FALSE,FALSE,0.4168
"ir100.hiv.dx.W","project",0.19679,-0.15353,0.53854,0.98047,0.73067,1.2134,FALSE,FALSE,0.79704
