"scenario","outcome","scale","k","mu0","delta","se","delta_lo","delta_hi","pia","pia_se","swa","sw0","noise","var_d","s2_delta","s2_lo","s2_hi","F","p_het","sigma_e","sigma_e_lo","sigma_e_hi","icc_delta","s2_boot_lo","s2_boot_hi","s2_prop","prop_in_ci"
"s1_test","cml_incid","relative",32,10499,-119.48,25.924,-172.35,-66.604,0.01138,0.0024693,28521,42824,17836,21506,3669.4,-4672.8,21276,1.2057,0.22285,0.0057698,0,0.013893,0.048916,-6863.7,15044,0.49655,TRUE
"s1_test","cml_incid.B","relative",32,7946.6,-90.758,18.184,-127.84,-53.672,0.011421,0.0022882,17678,26153,10958,10581,-376.98,-4481.3,8285.2,0.9656,0.52428,0,0,0.011454,0,-6535.6,5542.6,0.070746,TRUE
"s1_test","cml_incid.H","relative",32,357.34,-5.4062,3.0604,-11.648,0.83547,0.015129,0.0085645,441.45,426.89,217.08,299.71,82.629,-33.632,328,1.3806,0.099158,0.025438,0,0.050683,0.08689,-53.077,216.4,0.0015797,TRUE
"s1_test","cml_incid.W","relative",32,2194.7,-23.312,8.7329,-41.123,-5.5016,0.010622,0.0039791,3911.6,4002.5,1978.5,2440.5,461.92,-484.75,2459.9,1.2335,0.19783,0.0097929,0,0.022599,0.055148,-565.02,1482.2,0.16179,TRUE
"s1_test","cml_gono","relative",32,146420,1620.1,1389.2,-1213.2,4453.5,-0.011065,0.0094876,109130000,119820000,57238000,61758000,4519700,-19437000,55080000,1.079,0.36494,0.014519,0,0.050685,0.019359,-21181000,28424000,9224.5,TRUE
"s1_test","cml_chla","relative",32,163320,2557.6,1000.1,517.95,4597.3,-0.01566,0.0061234,51067000,54012000,26270000,32005000,5735200,-6679800,31937000,1.2183,0.21122,0.014663,0,0.034603,0.051755,-10943000,21875000,7769,TRUE
"s1_test","cml_syph","relative",32,25146,930.58,420.06,73.857,1787.3,-0.037007,0.016705,15211000,15932000,7785700,5646500,-2139200,-4329500,2483400,0.72523,0.85524,0,0,0.062669,0,-4929100,374810,1825.4,TRUE
"s1_test","prev_y15","absolute",32,0.25512,-0.0008463,0.00026095,-0.0013785,-0.0003141,0.0033173,0.0010228,4.2976e-06,5.711e-06,2.5021e-06,2.179e-06,-3.2316e-07,-1.1684e-06,1.4607e-06,0.87084,0.6661,0,0,0.0047374,0,-1.5714e-06,8.7299e-07,1.0147e-10,TRUE
"s1_test","incid_rate_y15","absolute",32,1.4049,-0.019427,0.0075545,-0.034835,-0.0040196,0.013828,0.0053771,0.0029203,0.0039936,0.0017285,0.0018263,9.7792e-05,-0.00061063,0.0015929,1.0566,0.39445,0.0070387,0,0.028408,0.013947,-0.00071617,0.00089735,4.9172e-08,TRUE
"s1_test","dx_frac_y15","absolute",32,0.8492,0.018358,0.00033589,0.017673,0.019043,-0.021618,0.00039553,5.8282e-06,5.7734e-06,2.9004e-06,3.6102e-06,7.0981e-07,-6.9062e-07,3.6655e-06,1.2447,0.18829,0.00099212,0,0.0022545,0.057655,-7.1718e-07,1.8675e-06,1.186e-09,TRUE
"s1_test","prep_cov_y15","absolute",32,0.26564,0.0010029,0.00019946,0.00059607,0.0014097,-0.0037754,0.00075088,3.7781e-06,2.7818e-06,1.64e-06,1.2731e-06,-3.6686e-07,-8.6071e-07,6.7542e-07,0.7763,0.79622,0,0,0.0030938,0,-9.358e-07,1.8713e-07,3.0055e-13,TRUE
"s2_prep","cml_incid","relative",32,10499,-2363.4,22.272,-2408.8,-2317.9,0.22511,0.0021214,18961,42824,15446,15874,427.5,-5730.1,13423,1.0277,0.43418,0.0019694,0,0.011036,0.0068715,-5754.9,6291.8,194.29,TRUE
"s2_prep","cml_incid.B","relative",32,7946.6,-1620,16.711,-1654.1,-1585.9,0.20386,0.0021029,12478,26153,9657.7,8936.5,-721.17,-4187.7,6595,0.92533,0.5847,0,0,0.010219,0,-4614.5,3428,22.54,TRUE
"s2_prep","cml_incid.H","relative",32,357.34,-92.227,2.6268,-97.584,-86.869,0.25809,0.007351,290.11,426.89,179.25,220.8,41.545,-44.103,222.31,1.2318,0.19929,0.018038,0,0.041725,0.054769,-61.768,133.73,0.45972,TRUE
"s2_prep","cml_incid.W","relative",32,2194.7,-651.12,7.0605,-665.52,-636.73,0.29668,0.0032171,1735.5,4002.5,1434.5,1595.2,160.72,-458.08,1466.7,1.112,0.32361,0.0057764,0,0.01745,0.027247,-594.41,879.25,126.21,TRUE
"s2_prep","cml_gono","relative",32,146420,-29924,1325.5,-32628,-27221,0.20437,0.0090524,110880000,119820000,57676000,56222000,-1453100,-23262000,44576000,0.97481,0.51061,0,0,0.045597,0,-35975000,40958000,3146900,TRUE
"s2_prep","cml_chla","relative",32,163320,-33084,1046.9,-35220,-30949,0.20257,0.0064101,54077000,54012000,27022000,35072000,8049600,-5555100,36763000,1.2979,0.14793,0.017372,0,0.037125,0.06931,-9456000,25536000,1300000,TRUE
"s2_prep","cml_syph","relative",32,25146,-1755.9,422.61,-2617.8,-893.95,0.069827,0.016806,18545000,15932000,8619200,5715300,-2903900,-5120900,1775100,0.66309,0.91268,0,0,0.052984,0,-5728000,-178380,6498.9,TRUE
"s2_prep","prev_y15","absolute",32,0.25512,-0.020808,0.00025837,-0.021335,-0.020281,0.081563,0.0010127,2.9204e-06,5.711e-06,2.1578e-06,2.1362e-06,-2.1668e-08,-8.503e-07,1.7272e-06,0.98996,0.4883,0,0,0.0051514,0,-9.9474e-07,9.2664e-07,6.1344e-08,TRUE
"s2_prep","incid_rate_y15","absolute",32,1.4049,-0.36831,0.0075819,-0.38377,-0.35285,0.26215,0.0053965,0.0021448,0.0039936,0.0015346,0.0018395,0.00030491,-0.00040865,0.0018109,1.1987,0.22955,0.012429,0,0.030289,0.047322,-0.00053527,0.0011301,1.7674e-05,TRUE
"s2_prep","dx_frac_y15","absolute",32,0.8492,0.071096,0.00031747,0.070449,0.071744,-0.083721,0.00037384,2.9728e-06,5.7734e-06,2.1866e-06,3.2251e-06,1.0386e-06,-2.1248e-07,3.6789e-06,1.475,0.060827,0.0012001,0,0.0022587,0.10614,-2.3287e-07,2.1493e-06,1.7788e-08,TRUE
"s2_prep","prep_cov_y15","absolute",32,0.26564,0.16242,0.00020921,0.16199,0.16285,-0.61144,0.00078759,4.686e-06,2.7818e-06,1.867e-06,1.4006e-06,-4.6633e-07,-1.0096e-06,6.8035e-07,0.75022,0.82759,0,0,0.0031051,0,-1.3704e-06,4.6017e-07,7.8832e-09,TRUE
"s3_sti","cml_incid","relative",32,10499,-614.6,25.636,-666.89,-562.32,0.058541,0.0024418,23648,42824,16618,21030,4411.9,-3745.7,21629,1.2655,0.17162,0.0063267,0,0.014008,0.062242,-5198.6,13125,13.14,TRUE
"s3_sti","cml_incid.B","relative",32,7946.6,-372.13,18.072,-408.99,-335.28,0.046829,0.0022741,14996,26153,10287,10451,163.33,-3890.5,8719.1,1.0159,0.45086,0.0016082,0,0.01175,0.0039535,-5136.2,5765.4,1.1894,TRUE
"s3_sti","cml_incid.H","relative",32,357.34,-30.844,2.522,-35.987,-25.7,0.086316,0.0070578,283.39,426.89,177.57,203.54,25.966,-52.987,192.6,1.1462,0.28395,0.01426,0,0.038837,0.035269,-65.295,116.57,0.051418,TRUE
"s3_sti","cml_incid.W","relative",32,2194.7,-211.62,9.4996,-231,-192.25,0.096426,0.0043285,3349.8,4002.5,1838.1,2887.8,1049.7,-70.487,3413.9,1.5711,0.035832,0.014762,0,0.026623,0.12494,-62.648,2053.8,13.332,TRUE
"s3_sti","cml_gono","relative",32,146420,-84438,1409.6,-87313,-81564,0.57667,0.0096266,47223000,119820000,41761000,63581000,21819000,-2844300,73872000,1.5225,0.047004,0.031901,0,0.058698,0.11553,-11202000,58210000,25056000,TRUE
"s3_sti","cml_chla","relative",32,163320,-94863,841.22,-96579,-93147,0.58084,0.0051507,19670000,54012000,18421000,22645000,4224300,-4559800,22763000,1.2293,0.20142,0.012585,0,0.029213,0.054223,-5963200,13791000,10688000,TRUE
"s3_sti","cml_syph","relative",32,25146,104.95,526.19,-968.22,1178.1,-0.0041737,0.020925,13612000,15932000,7385800,8860100,1474300,-1962600,8728000,1.1996,0.22866,0.048286,0,0.11749,0.04753,-2528300,5022700,23.219,TRUE
"s3_sti","prev_y15","absolute",32,0.25512,-0.0054657,0.00030077,-0.0060792,-0.0048523,0.021424,0.0011789,3.1149e-06,5.711e-06,2.2065e-06,2.8948e-06,6.8829e-07,-4.3461e-07,3.0582e-06,1.3119,0.13849,0.0032519,0,0.0068546,0.072343,-6.7654e-07,2.0338e-06,4.2324e-09,TRUE
"s3_sti","incid_rate_y15","absolute",32,1.4049,-0.10927,0.0081336,-0.12586,-0.09268,0.077774,0.0057893,0.0024952,0.0039936,0.0016222,0.002117,0.0004948,-0.0003264,0.002228,1.305,0.14308,0.015833,0,0.033596,0.070852,-0.00053496,0.0013091,1.5556e-06,TRUE
"s3_sti","dx_frac_y15","absolute",32,0.8492,0.004875,0.00031319,0.0042363,0.0055138,-0.0057407,0.0003688,5.5397e-06,5.7734e-06,2.8283e-06,3.1388e-06,3.1049e-07,-9.0707e-07,2.8802e-06,1.1098,0.32634,0.00065616,0,0.0019985,0.026712,-8.681e-07,1.4243e-06,8.3634e-11,TRUE
"s3_sti","prep_cov_y15","absolute",32,0.26564,0.00034586,0.00019298,-4.7719e-05,0.00073944,-0.001302,0.00072647,2.2762e-06,2.7818e-06,1.2645e-06,1.1917e-06,-7.2798e-08,-5.3507e-07,9.0283e-07,0.94243,0.55896,0,0,0.003577,0,-5.7329e-07,3.8936e-07,3.5746e-14,TRUE
