"var","stat","est","lo","hi"
"prev","d_inf",-0.042571,-0.043354,-0.041767
"prev","sd_pi",0.0035868,0.0035868,0.0035868
"prev","drift_per_50y",-0.0013923,-0.0023011,-0.00049416
"prev","T01",108.75,90.738,123.75
"prev","T02",95,81.744,106.75
"prev","share10",0.21067,0.20394,0.21957
"prev","share20",0.43269,0.4217,0.44772
"prev","share50",0.8497,0.83069,0.87072
"prev","share10_fit",1.7936,1.7844,1.8004
"prev","model",2,2,3
"prev.B","d_inf",-0.05608,-0.057146,-0.054973
"prev.B","sd_pi",0.0049989,0.0049989,0.0049989
"prev.B","drift_per_50y",-0.0018802,-0.0032038,-0.00051936
"prev.B","T01",103.75,86.169,119.53
"prev.B","T02",91.25,78.212,103.77
"prev.B","share10",0.21118,0.2025,0.22039
"prev.B","share20",0.42959,0.41228,0.44655
"prev.B","share50",0.84871,0.82817,0.87248
"prev.B","share10_fit",1.7925,1.7823,1.8022
"prev.B","model",3,2,3
"prev.H","d_inf",-0.03877,-0.039898,-0.037782
"prev.H","sd_pi",0.0062416,0.0062416,0.0062416
"prev.H","drift_per_50y",0.0012385,-0.0011593,0.0028189
"prev.H","T01",92.75,75.494,112.28
"prev.H","T02",80.5,69.462,94.519
"prev.H","share10",0.20983,0.18938,0.23399
"prev.H","share20",0.43735,0.41399,0.46207
"prev.H","share50",0.84278,0.80652,0.87746
"prev.H","share10_fit",1.7846,1.7649,1.8091
"prev.H","model",3,2,3
"prev.W","d_inf",-0.028358,-0.028842,-0.027889
"prev.W","sd_pi",0.0026068,0.0026068,0.0026068
"prev.W","drift_per_50y",-0.00081566,-0.0015735,-7.948e-06
"prev.W","T01",110.25,95.706,122.51
"prev.W","T02",95.5,84.725,105.5
"prev.W","share10",0.20723,0.19588,0.2198
"prev.W","share20",0.43294,0.41868,0.44636
"prev.W","share50",0.85082,0.83315,0.87565
"prev.W","share10_fit",1.7983,1.787,1.8083
"prev.W","model",2,2,3
"incid_rate","d_inf",-0.26861,-0.2729,-0.26404
"incid_rate","sd_pi",0.059132,0.059132,0.059132
"incid_rate","drift_per_50y",-0.0041602,-0.012206,0.0036192
"incid_rate","T01",72.5,64.481,90.269
"incid_rate","T02",57.25,50.744,68.506
"incid_rate","share10",0.65573,0.61242,0.69581
"incid_rate","share20",0.75578,0.71163,0.79821
"incid_rate","share50",0.93,0.89611,0.9742
"incid_rate","share10_fit",1.3753,1.3564,1.391
"incid_rate","model",1,1,2
"num","d_inf",120,68.4,166.24
"num","sd_pi",315.51,315.51,315.51
"num","drift_per_50y",3.6935,-89.728,75.975
"num","T01",74.25,20.988,1189.8
"num","T02",46,0,603.72
"num","share10",0.091021,-0.18866,0.58002
"num","share20",0.16836,-0.23163,0.87609
"num","share50",0.51874,-0.033504,1.1393
"num","share10_fit",1.8632,1.4417,2.1398
"num","model",3,1,3
"dx_frac","d_inf",-0.0029913,-0.0032284,-0.0027817
"dx_frac","sd_pi",0.0025624,0.0025624,0.0025624
"dx_frac","drift_per_50y",-0.0010221,-0.0018182,-0.00018605
"dx_frac","T01",96.25,79.488,108.02
"dx_frac","T02",82,70.738,91.012
"dx_frac","share10",-2.4259,-2.6916,-2.1856
"dx_frac","share20",-1.7251,-1.9409,-1.5081
"dx_frac","share50",0.2335,0.045798,0.41308
"dx_frac","share10_fit",4.322,4.093,4.5777
"dx_frac","model",2,2,3
"gono_prev","d_inf",-0.017749,-0.018236,-0.01731
"gono_prev","sd_pi",0.0025852,0.0025852,0.0025852
"gono_prev","drift_per_50y",-0.00022898,-0.00077903,0.0002685
"gono_prev","T01",81,59.994,106.25
"gono_prev","T02",64.5,48.744,83.012
"gono_prev","share10",0.66239,0.63363,0.69281
"gono_prev","share20",0.82032,0.79012,0.85411
"gono_prev","share50",0.94605,0.90994,0.98896
"gono_prev","share10_fit",1.3316,1.3103,1.3583
"gono_prev","model",2,2,2
"chla_prev","d_inf",-0.023054,-0.023474,-0.022687
"chla_prev","sd_pi",0.0030871,0.0030871,0.0030871
"chla_prev","drift_per_50y",-0.00023938,-0.00098613,0.00063179
"chla_prev","T01",65,51.994,91.563
"chla_prev","T02",52,42.494,71.769
"chla_prev","share10",0.71549,0.69455,0.74111
"chla_prev","share20",0.86626,0.84095,0.89308
"chla_prev","share50",0.97016,0.93078,1.0043
"chla_prev","share10_fit",1.2823,1.2639,1.3003
"chla_prev","model",2,2,2
"syph_prev","d_inf",-0.015354,-0.016282,-0.0144
"syph_prev","sd_pi",0.0043879,0.0043879,0.0043879
"syph_prev","drift_per_50y",-0.00066041,-0.0020646,0.00089209
"syph_prev","T01",80.25,52.744,114.76
"syph_prev","T02",60.25,39.75,84.263
"syph_prev","share10",0.65444,0.6009,0.72149
"syph_prev","share20",0.80419,0.72697,0.88415
"syph_prev","share50",0.94438,0.87424,1.0239
"syph_prev","share10_fit",1.3671,1.3119,1.4252
"syph_prev","model",2,2,2
