"point","prev","undx_frac","dx_frac","prep_cov","gono_prev","chla_prev","syph_prev","num"
1,0.25348,0.038987,0.8462,0.26863,0.024075,0.052691,0.022558,100190
2,0.24852,0.037957,0.84727,0.26476,0.023717,0.047504,0.019691,100350
3,0.25513,0.037803,0.85183,0.26516,0.027852,0.049924,0.023852,99992
4,0.2595,0.038129,0.85306,0.26529,0.028826,0.049696,0.01721,100290
5,0.25419,0.037518,0.8524,0.26777,0.024979,0.048619,0.020782,100080
6,0.25589,0.039492,0.84566,0.26737,0.021448,0.048255,0.012905,100200
7,0.25348,0.037941,0.85032,0.27088,0.026906,0.053093,0.026816,100050
8,0.25467,0.038498,0.84883,0.26648,0.023287,0.046614,0.023787,99927
9,0.26201,0.039568,0.84899,0.2697,0.025873,0.054509,0.024886,100260
10,0.25342,0.038163,0.8494,0.2683,0.024855,0.042686,0.020262,100380
11,0.25829,0.039244,0.84806,0.26347,0.02605,0.04814,0.02594,100270
12,0.25456,0.039163,0.84615,0.26881,0.025646,0.048434,0.026425,100090
13,0.25178,0.037531,0.85094,0.26344,0.024135,0.046998,0.02638,99812
14,0.26039,0.039453,0.84849,0.26567,0.026322,0.048788,0.029247,99841
15,0.25342,0.038579,0.84777,0.26353,0.023247,0.046961,0.015173,100570
16,0.25322,0.038225,0.84904,0.26693,0.023228,0.051281,0.028103,99881
17,0.252,0.038453,0.84741,0.2651,0.021984,0.044668,0.017448,100070
18,0.25844,0.038972,0.8492,0.26428,0.025418,0.049387,0.019891,100050
19,0.25065,0.038217,0.84753,0.26545,0.022318,0.045118,0.021566,99694
20,0.25287,0.038373,0.84825,0.26582,0.024196,0.044314,0.025656,99315
21,0.25141,0.038127,0.84835,0.26412,0.025461,0.050302,0.023902,100040
22,0.25772,0.039174,0.84799,0.26644,0.029378,0.050715,0.023813,99734
23,0.25285,0.038314,0.84847,0.26445,0.022085,0.047217,0.026102,100070
24,0.25746,0.038609,0.85004,0.26387,0.026423,0.051096,0.021944,100030
25,0.25686,0.038503,0.8501,0.26751,0.02236,0.050098,0.017982,100040
26,0.25055,0.037606,0.8499,0.26854,0.021176,0.041701,0.018743,99878
27,0.25833,0.03995,0.84536,0.26541,0.025891,0.050808,0.030176,99650
28,0.2587,0.039424,0.84761,0.26561,0.026476,0.053471,0.019432,100090
29,0.25745,0.038346,0.85105,0.26677,0.029015,0.046934,0.023337,99671
30,0.24918,0.036553,0.85331,0.26686,0.017247,0.04265,0.019594,100540
31,0.25415,0.038443,0.84874,0.26535,0.027859,0.049417,0.014415,99966
32,0.25325,0.037731,0.85101,0.26461,0.026103,0.045911,0.018715,99759
