"scenario","variable","years_1_5","years_6_15","se_1_5","b_1_5","b_6_15","z_before","change_after_pct"
"baseline","dx_per_year",956.22,956.75,2.0206,956.22,956.75,0,0
"baseline","undiagnosed",3845.3,3854.5,6.2655,3845.3,3854.5,0,0
"baseline","prep_cov",0.26563,0.26565,9.5954e-05,0.26563,0.26565,0,0
"baseline","gono_ir",14.747,14.645,0.12854,14.747,14.645,0,0
"baseline","chla_ir",16.542,16.335,0.094912,16.542,16.335,0,0
"baseline","syph_ir",2.5296,2.5151,0.047007,2.5296,2.5151,0,0
"baseline","prev",0.25483,0.25509,0.00029499,0.25483,0.25509,0,0
"s1_test","dx_per_year",957.89,1004.4,2.0837,956.22,956.75,0.56681,4.9827
"s1_test","undiagnosed",3853.1,3520.6,6.0087,3845.3,3854.5,0.92118,-8.6618
"s1_test","prep_cov",0.26579,0.26645,8.3069e-05,0.26563,0.26565,1.3183,0.30113
"s1_test","gono_ir",14.682,14.805,0.12329,14.747,14.645,-0.37315,1.0916
"s1_test","chla_ir",16.549,16.589,0.082758,16.542,16.335,0.061523,1.5515
"s1_test","syph_ir",2.5593,2.6079,0.049298,2.5296,2.5151,0.4253,3.6874
"s1_test","prev",0.25495,0.25472,0.00029907,0.25483,0.25509,0.27114,-0.14583
"s2_prep","dx_per_year",956.26,946.6,2.0554,956.22,956.75,0.013976,-1.0613
"s2_prep","undiagnosed",3848.4,2347.7,5.9697,3845.3,3854.5,0.36172,-39.092
"s2_prep","prep_cov",0.26562,0.41878,8.4171e-05,0.26563,0.26565,-0.14883,57.643
"s2_prep","gono_ir",14.689,11.651,0.11716,14.747,14.645,-0.34811,-20.447
"s2_prep","chla_ir",16.465,13.024,0.082893,16.542,16.335,-0.65884,-20.269
"s2_prep","syph_ir",2.4712,2.3392,0.044453,2.5296,2.5151,-0.92991,-6.9961
"s2_prep","prev",0.25486,0.24447,0.00030684,0.25483,0.25509,0.057545,-4.1616
"s3_sti","dx_per_year",955.1,918.45,2.027,956.22,956.75,-0.38863,-4.0035
"s3_sti","undiagnosed",3845.1,3733.9,6.3675,3845.3,3854.5,-0.025583,-3.1293
"s3_sti","prep_cov",0.26578,0.26589,0.00010185,0.26563,0.26565,1.0371,0.090578
"s3_sti","gono_ir",14.83,6.1996,0.12626,14.747,14.645,0.46895,-57.669
"s3_sti","chla_ir",16.558,6.8465,0.086855,16.542,16.335,0.1255,-58.087
"s3_sti","syph_ir",2.5519,2.5253,0.046608,2.5296,2.5151,0.33832,0.40579
"s3_sti","prev",0.25484,0.25258,0.00029622,0.25483,0.25509,0.018094,-0.98329
