"scenario","outcome","scale","unit","paired_1","paired_8","paired_32","random_32","independent","ratio_8_vs_32","ratio_8_vs_32_hi","ratio_random_vs_8"
"s1_test","cml_incid","relative","pp of PIA",0.73157,0.49385,0.46117,0.51533,0.48417,1.0709,1.2997,1.0435
"s1_test","cml_incid.B","relative","pp of PIA",0.46572,0.46572,0.46572,0.47693,0.47145,1,1.2153,1.0241
"s1_test","cml_incid.H","relative","pp of PIA",2.9319,1.7129,1.5256,1.6093,1.5366,1.1228,1.35,0.9395
"s1_test","cml_incid.W","relative","pp of PIA",1.2135,0.79582,0.73717,0.9689,0.8541,1.0796,1.3082,1.2175
"s1_test","cml_gono","relative","pp of PIA",2.3335,1.8975,1.8447,2.7912,2.3663,1.0286,1.2577,1.471
"s1_test","cml_chla","relative","pp of PIA",1.8388,1.2247,1.1394,1.6807,1.4285,1.0748,1.3036,1.3724
"s1_test","cml_syph","relative","pp of PIA",3.9231,3.9231,3.9231,4.2408,4.0876,1,1.1052,1.081
"s1_test","prev_y15","absolute","outcome units",0.00055926,0.00055926,0.00055926,0.0012031,0.00094292,1,1.1756,2.1512
"s1_test","incid_rate_y15","absolute","outcome units",0.017716,0.015109,0.014803,0.015929,0.015336,1.0207,1.2497,1.0542
"s1_test","dx_frac_y15","absolute","outcome units",0.0010356,0.00067177,0.00062027,0.00084763,0.00073712,1.083,1.3116,1.2618
"s1_test","prep_cov_y15","absolute","outcome units",0.00045277,0.00045277,0.00045277,0.00045562,0.00045422,1,1.1314,1.0063
"s2_prep","cml_incid","relative","pp of PIA",0.46256,0.42429,0.41998,0.46943,0.44511,1.0103,1.2391,1.1064
"s2_prep","cml_incid.B","relative","pp of PIA",0.43723,0.43723,0.43723,0.44915,0.44332,1,1.1989,1.0273
"s2_prep","cml_incid.H","relative","pp of PIA",2.2379,1.4702,1.3625,1.4218,1.3749,1.079,1.3077,0.96707
"s2_prep","cml_incid.W","relative","pp of PIA",0.8402,0.64341,0.61863,0.87126,0.75416,1.0401,1.2691,1.3541
"s2_prep","cml_gono","relative","pp of PIA",1.8337,1.8337,1.8337,2.7725,2.3578,1,1.2189,1.5119
"s2_prep","cml_chla","relative","pp of PIA",2.0698,1.282,1.1665,1.7069,1.4502,1.0991,1.3272,1.3314
"s2_prep","cml_syph","relative","pp of PIA",4.1278,4.1278,4.1278,4.4308,4.2844,1,1.0709,1.0734
"s2_prep","prev_y15","absolute","outcome units",0.00051935,0.00051935,0.00051935,0.0011851,0.00091981,1,1.2248,2.2818
"s2_prep","incid_rate_y15","absolute","outcome units",0.022288,0.015164,0.01419,0.015564,0.014745,1.0686,1.2975,1.0264
"s2_prep","dx_frac_y15","absolute","outcome units",0.0011454,0.00063493,0.00055297,0.0008059,0.00068146,1.1482,1.3741,1.2693
"s2_prep","prep_cov_y15","absolute","outcome units",0.00048308,0.00048308,0.00048308,0.00048576,0.00048445,1,1.1183,1.0055
"s3_sti","cml_incid","relative","pp of PIA",0.76729,0.48836,0.4483,0.50585,0.47192,1.0894,1.3178,1.0358
"s3_sti","cml_incid.B","relative","pp of PIA",0.47905,0.45482,0.45215,0.46453,0.45805,1.0059,1.2347,1.0213
"s3_sti","cml_incid.H","relative","pp of PIA",1.9421,1.4116,1.3423,1.3892,1.3549,1.0516,1.2806,0.98417
"s3_sti","cml_incid.W","relative","pp of PIA",1.6298,0.86569,0.73832,0.98863,0.85508,1.1725,1.3969,1.142
"s3_sti","cml_gono","relative","pp of PIA",3.5513,1.9253,1.6592,2.7175,2.2247,1.1604,1.3856,1.4115
"s3_sti","cml_chla","relative","pp of PIA",1.5643,1.0301,0.95537,1.5563,1.2865,1.0783,1.3069,1.5107
"s3_sti","cml_syph","relative","pp of PIA",6.1576,4.1851,3.9152,4.3161,4.08,1.0689,1.2978,1.0313
"s3_sti","prev_y15","absolute","outcome units",0.00098188,0.00060154,0.00054527,0.0012053,0.00093469,1.1032,1.3312,2.0037
"s3_sti","incid_rate_y15","absolute","outcome units",0.026412,0.016267,0.014773,0.016275,0.015307,1.1012,1.3292,1.0004
"s3_sti","dx_frac_y15","absolute","outcome units",0.00081487,0.00062637,0.00060269,0.00082759,0.00072239,1.0393,1.2684,1.3212
"s3_sti","prep_cov_y15","absolute","outcome units",0.00039757,0.00039757,0.00039757,0.00040082,0.00039922,1,1.206,1.0082
