"arm","sti","runs","extinct","min_prev_year15","median_prev_year15","q01_pi","runs_below_q01_pi_year15"
"baseline","gono",128,0,0.018841,0.024562,0.018414,0
"baseline","chla",128,0,0.042246,0.047705,0.040708,0
"baseline","syph",128,0,0.012661,0.022285,0.011875,0
"s1_test","gono",128,0,0.017023,0.025034,0.018414,1
"s1_test","chla",128,0,0.04295,0.049005,0.040708,0
"s1_test","syph",128,0,0.013231,0.023456,0.011875,0
"s2_prep","gono",128,0,0.0084081,0.01594,0.018414,119
"s2_prep","chla",128,0,0.022124,0.030244,0.040708,128
"s2_prep","syph",128,0,0.00655,0.016446,0.011875,21
"s3_sti","gono",128,0,0.0016685,0.0039443,0.018414,128
"s3_sti","chla",128,0,0.0034654,0.0073718,0.040708,128
"s3_sti","syph",128,0,0.011653,0.022094,0.011875,1
