"var","block","stat","cold","cold_est","x0","x0_est"
"prev","key","T_var_0.1","66 [53, 165]",66.25,"73 [59, 131]",73.25
"prev","key","T_var_0.2","52 [42, 75]",51.5,"52 [43, 71]",52.5
"prev","key","T_mean_0.1","126 [104, 173]",126.5,"83 [74, 119]",83.25
"prev","key","T_mean_0.2","106 [95, 124]",105.75,"74 [67, 91]",74
"incid_rate","key","T_var_0.1","24 [18, 29]",23.5,"2 [0, 11]",1.75
"incid_rate","key","T_var_0.2","14 [10, 17]",13.75,"0 [0, 0]",0
"incid_rate","key","T_mean_0.1","78 [65, 98]",78,"55 [47, 64]",54.75
"incid_rate","key","T_mean_0.2","58 [53, 63]",57.5,"39 [34, 45]",38.75
"dx_frac","key","T_var_0.1","60 [50, 87]",60,"26 [13, 45]",25.75
"dx_frac","key","T_var_0.2","43 [36, 52]",43.25,"7 [4, 16]",7.25
"dx_frac","key","T_mean_0.1","99 [88, 105]",98.75,"94 [18, 111]",94
"dx_frac","key","T_mean_0.2","88 [82, 92]",87.75,"60 [15, 77]",60.5
"supp_frac","key","T_var_0.1","43 [33, 62]",43.25,"5 [4, 13]",4.75
"supp_frac","key","T_var_0.2","6 [4, 32]",6.25,"4 [3, 5]",3.5
"supp_frac","key","T_mean_0.1","71 [67, 76]",70.75,"39 [8, 57]",39
"supp_frac","key","T_mean_0.2","64 [62, 68]",64.5,"4 [2, 14]",4.25
"prep_cov","key","T_var_0.1","4 [0, 28]",4.25,"2 [2, 2]",2.25
"prep_cov","key","T_var_0.2","2 [0, 5]",1.75,"2 [2, 2]",1.75
"prep_cov","key","T_mean_0.1","35 [31, 40]",35.25,"24 [20, 28]",23.5
"prep_cov","key","T_mean_0.2","30 [27, 33]",29.5,"17 [14, 20]",17.25
"prev.B","key","T_var_0.1","84 [53, 179]",84.5,"66 [54, 84]",66.25
"prev.B","key","T_var_0.2","56 [41, 81]",55.5,"48 [39, 58]",47.5
"prev.B","key","T_mean_0.1","127 [103, 183]",127.25,"82 [73, 118]",81.75
"prev.B","key","T_mean_0.2","104 [93, 123]",104,"74 [66, 86]",73.5
"incid_rate.B","key","T_var_0.1","32 [26, 44]",32.25,"4 [0, 9]",3.75
"incid_rate.B","key","T_var_0.2","21 [16, 25]",21.25,"0 [0, 2]",0
"incid_rate.B","key","T_mean_0.1","77 [67, 91]",77,"56 [48, 68]",55.75
"incid_rate.B","key","T_mean_0.2","58 [54, 63]",58.25,"37 [33, 44]",37
"dx_frac.B","key","T_var_0.1","53 [45, 83]",52.75,"28 [17, 47]",28.25
"dx_frac.B","key","T_var_0.2","38 [32, 47]",38,"11 [6, 18]",10.75
"dx_frac.B","key","T_mean_0.1","95 [85, 102]",95.25,"19 [18, 138]",19
"dx_frac.B","key","T_mean_0.2","84 [78, 89]",84,"17 [15, 72]",17.25
"supp_frac.B","key","T_var_0.1","8 [5, 57]",8.25,"5 [4, 7]",5
"supp_frac.B","key","T_var_0.2","6 [0, 9]",6.5,"4 [3, 5]",3.75
"supp_frac.B","key","T_mean_0.1","56 [52, 60]",55.5,"2 [0, 46]",2.25
"supp_frac.B","key","T_mean_0.2","50 [48, 53]",50.5,"0 [0, 6]",0
"prep_cov.B","key","T_var_0.1","0 [0, 24]",0,"2 [2, 3]",2
"prep_cov.B","key","T_var_0.2","0 [0, 5]",0,"2 [2, 2]",1.75
"prep_cov.B","key","T_mean_0.1","68 [64, 71]",67.75,"40 [24, 50]",40
"prep_cov.B","key","T_mean_0.2","57 [55, 60]",57.25,"0 [0, 14]",0
"prev.H","key","T_var_0.1","30 [22, 117]",30,"37 [30, 62]",37.25
"prev.H","key","T_var_0.2","24 [18, 32]",23.5,"26 [22, 34]",26.5
"prev.H","key","T_mean_0.1","108 [93, 147]",108.5,"63 [47, 86]",63.25
"prev.H","key","T_mean_0.2","93 [85, 108]",93,"48 [38, 63]",48.5
"incid_rate.H","key","T_var_0.1","40 [36, 46]",40,"0 [0, 1]",0.5
"incid_rate.H","key","T_var_0.2","30 [25, 33]",30,"0 [0, 1]",0.25
"incid_rate.H","key","T_mean_0.1","53 [51, 56]",53.25,"16 [11, 22]",15.75
"incid_rate.H","key","T_mean_0.2","44 [43, 46]",44.5,"5 [0, 9]",5
"dx_frac.H","key","T_var_0.1","68 [59, 88]",67.5,"6 [4, 18]",6.25
"dx_frac.H","key","T_var_0.2","48 [40, 58]",48.25,"4 [3, 7]",4.25
"dx_frac.H","key","T_mean_0.1","118 [78, 123]",118,"50 [27, 87]",50.25
"dx_frac.H","key","T_mean_0.2","72 [70, 74]",71.75,"31 [10, 41]",31
"supp_frac.H","key","T_var_0.1","56 [45, 79]",56.5,"6 [4, 9]",5.5
"supp_frac.H","key","T_var_0.2","36 [19, 43]",35.5,"4 [3, 6]",3.75
"supp_frac.H","key","T_mean_0.1","79 [68, 104]",78.75,"10 [8, 39]",9.75
"supp_frac.H","key","T_mean_0.2","52 [45, 63]",51.5,"8 [7, 9]",8
"prep_cov.H","key","T_var_0.1","30 [0, 38]",30.5,"2 [2, 3]",2.25
"prep_cov.H","key","T_var_0.2","3 [0, 6]",3,"2 [2, 2]",1.75
"prep_cov.H","key","T_mean_0.1","52 [47, 63]",52.25,"3 [3, 5]",3.25
"prep_cov.H","key","T_mean_0.2","42 [40, 46]",42.25,"2 [2, 3]",2.5
"prev.W","key","T_var_0.1","55 [42, 120]",55.25,"88 [58, 571]",87.75
"prev.W","key","T_var_0.2","40 [31, 58]",39.75,"54 [41, 87]",54.25
"prev.W","key","T_mean_0.1","112 [100, 167]",112.25,"85 [73, 162]",84.75
"prev.W","key","T_mean_0.2","101 [94, 114]",100.75,"72 [64, 94]",72.5
"incid_rate.W","key","T_var_0.1","34 [29, 39]",33.75,"0 [0, 7]",0
"incid_rate.W","key","T_var_0.2","25 [15, 27]",24.75,"0 [0, 1]",0
"incid_rate.W","key","T_mean_0.1","70 [67, 82]",70.5,"50 [40, 60]",49.5
"incid_rate.W","key","T_mean_0.2","60 [58, 66]",60.5,"30 [25, 36]",30
"dx_frac.W","key","T_var_0.1","75 [68, 85]",74.75,"8 [4, 28]",7.5
"dx_frac.W","key","T_var_0.2","54 [48, 62]",54.25,"4 [3, 6]",3.75
"dx_frac.W","key","T_mean_0.1","95 [89, 101]",94.75,"14 [12, 56]",14.25
"dx_frac.W","key","T_mean_0.2","82 [78, 86]",82,"12 [11, 15]",12.25
"supp_frac.W","key","T_var_0.1","57 [48, 71]",56.75,"4 [4, 15]",4.5
"supp_frac.W","key","T_var_0.2","35 [3, 46]",34.75,"4 [3, 5]",3.5
"supp_frac.W","key","T_mean_0.1","88 [81, 96]",87.75,"9 [8, 25]",9.25
"supp_frac.W","key","T_mean_0.2","66 [61, 71]",65.75,"8 [7, 14]",8
"prep_cov.W","key","T_var_0.1","0 [0, 22]",0,"2 [2, 3]",2.25
"prep_cov.W","key","T_var_0.2","0 [0, 5]",0,"2 [2, 2]",1.75
"prep_cov.W","key","T_mean_0.1","68 [64, 74]",68.25,"3 [2, 14]",2.75
"prep_cov.W","key","T_mean_0.2","58 [56, 62]",58.5,"2 [2, 3]",2.25
"gono_prev","key","T_var_0.1","38 [13, Inf]",38.25,"36 [24, 74]",36.25
"gono_prev","key","T_var_0.2","10 [0, Inf]",9.5,"22 [14, 30]",22
"gono_prev","key","T_mean_0.1","58 [40, 62]",57.5,"36 [32, 40]",35.75
"gono_prev","key","T_mean_0.2","38 [36, 41]",38,"30 [26, 33]",29.75
"gono_ir","key","T_var_0.1","39 [12, Inf]",39,"35 [25, 63]",35.25
"gono_ir","key","T_var_0.2","9 [0, Inf]",9,"21 [14, 30]",21.25
"gono_ir","key","T_mean_0.1","58 [40, 61]",58,"35 [32, 39]",35
"gono_ir","key","T_mean_0.2","37 [35, 52]",36.75,"29 [26, 32]",29.25
"chla_prev","key","T_var_0.1","43 [27, 133]",42.75,"42 [29, 162]",42.5
"chla_prev","key","T_var_0.2","18 [4, 33]",18.5,"22 [13, 35]",22.5
"chla_prev","key","T_mean_0.1","38 [38, 59]",38,"54 [44, 70]",54.5
"chla_prev","key","T_mean_0.2","36 [35, 40]",36.5,"41 [34, 51]",40.75
"chla_ir","key","T_var_0.1","53 [27, 1082]",53,"42 [29, 174]",41.75
"chla_ir","key","T_var_0.2","18 [0, 34]",17.75,"23 [16, 34]",23
"chla_ir","key","T_mean_0.1","58 [40, 60]",57.75,"53 [43, 69]",53.25
"chla_ir","key","T_mean_0.2","36 [35, 52]",36.5,"40 [33, 50]",39.75
"syph_prev","key","T_var_0.1","20 [10, 76]",19.5,"59 [29, 114]",59.25
"syph_prev","key","T_var_0.2","12 [8, 18]",11.5,"16 [8, 31]",15.5
"syph_prev","key","T_mean_0.1","78 [55, 83]",78.25,"62 [49, 77]",62
"syph_prev","key","T_mean_0.2","54 [52, 56]",53.75,"45 [36, 54]",44.75
"syph_ir","key","T_var_0.1","15 [8, 46]",15,"47 [20, 111]",47.25
"syph_ir","key","T_var_0.2","8 [6, 14]",8.25,"6 [4, 20]",5.5
"syph_ir","key","T_mean_0.1","78 [56, 82]",78.5,"58 [47, 72]",57.75
"syph_ir","key","T_mean_0.2","52 [50, 55]",52.5,"41 [34, 52]",41.25
"num","key","T_var_0.1","44 [34, 176]",44.25,"75 [49, 281]",74.75
"num","key","T_var_0.2","35 [28, 47]",34.75,"45 [35, 69]",45.25
"num","key","T_mean_0.1","89 [58, 194]",88.75,"48 [41, 191]",47.75
"num","key","T_mean_0.2","65 [56, 84]",65,"42 [36, 54]",41.5
"num.B","state","T_var_0.1","54 [35, 239]",54,"53 [42, 113]",53
"num.B","state","T_var_0.2","36 [28, 60]",36.25,"38 [30, 55]",38
"num.B","state","T_mean_0.1","61 [58, 104]",61,"6 [0, 612]",5.75
"num.B","state","T_mean_0.2","58 [55, 66]",57.75,"2 [0, 61]",2.25
"hiv.inf.B","state","T_var_0.1","63 [52, 114]",63,"66 [54, 86]",66.25
"hiv.inf.B","state","T_var_0.2","50 [42, 73]",49.5,"48 [39, 60]",47.5
"hiv.inf.B","state","T_mean_0.1","122 [97, 206]",121.75,"82 [72, 115]",82
"hiv.inf.B","state","T_mean_0.2","100 [89, 123]",100.5,"73 [66, 86]",73.25
"hiv.dx.B","state","T_var_0.1","67 [54, 159]",67,"69 [57, 86]",69.25
"hiv.dx.B","state","T_var_0.2","52 [43, 75]",52.25,"50 [42, 61]",50.25
"hiv.dx.B","state","T_mean_0.1","123 [101, 188]",123,"84 [76, 127]",83.5
"hiv.dx.B","state","T_mean_0.2","101 [91, 122]",101.25,"75 [68, 87]",75.25
"hiv.tx.B","state","T_var_0.1","64 [52, 114]",63.5,"60 [47, 75]",59.5
"hiv.tx.B","state","T_var_0.2","48 [40, 64]",48,"42 [34, 52]",42
"hiv.tx.B","state","T_mean_0.1","116 [95, 153]",115.5,"80 [70, 119]",80.5
"hiv.tx.B","state","T_mean_0.2","98 [87, 110]",98,"72 [63, 84]",71.75
"hiv.supp.B","state","T_var_0.1","64 [51, 119]",63.5,"59 [46, 78]",59.25
"hiv.supp.B","state","T_var_0.2","48 [40, 67]",47.75,"42 [32, 54]",41.75
"hiv.supp.B","state","T_mean_0.1","115 [96, 161]",115.25,"80 [72, 106]",80.5
"hiv.supp.B","state","T_mean_0.2","98 [88, 111]",98,"72 [65, 84]",71.75
"prep.B","state","T_var_0.1","58 [49, 113]",58,"45 [34, 63]",45
"prep.B","state","T_var_0.2","40 [26, 46]",39.75,"27 [21, 36]",26.75
"prep.B","state","T_mean_0.1","110 [99, 134]",110.25,"78 [69, 92]",78.25
"prep.B","state","T_mean_0.2","96 [88, 105]",95.5,"68 [60, 78]",67.75
"prep.indic.B","state","T_var_0.1","93 [59, 499]",92.75,"58 [47, 83]",57.75
"prep.indic.B","state","T_var_0.2","49 [38, 75]",48.75,"40 [34, 51]",40.5
"prep.indic.B","state","T_mean_0.1","115 [99, 155]",115.25,"82 [72, 115]",81.75
"prep.indic.B","state","T_mean_0.2","99 [91, 112]",99.25,"73 [65, 81]",73
"num.H","state","T_var_0.1","175 [37, 321]",174.75,"64 [52, 91]",64
"num.H","state","T_var_0.2","29 [26, 183]",29,"46 [37, 59]",45.75
"num.H","state","T_mean_0.1","79 [63, 104]",78.75,"63 [54, 161]",63.25
"num.H","state","T_mean_0.2","67 [56, 84]",66.75,"53 [46, 64]",53.25
"hiv.inf.H","state","T_var_0.1","37 [30, 94]",37,"48 [39, 101]",48
"hiv.inf.H","state","T_var_0.2","29 [23, 38]",28.75,"34 [28, 43]",34.25
"hiv.inf.H","state","T_mean_0.1","98 [86, 136]",98,"29 [20, 115]",29.25
"hiv.inf.H","state","T_mean_0.2","87 [80, 99]",87.25,"19 [8, 48]",18.75
"hiv.dx.H","state","T_var_0.1","38 [31, 96]",37.5,"52 [41, 112]",52
"hiv.dx.H","state","T_var_0.2","30 [25, 39]",29.5,"37 [30, 46]",37
"hiv.dx.H","state","T_mean_0.1","98 [84, 131]",98.25,"56 [22, 148]",55.75
"hiv.dx.H","state","T_mean_0.2","88 [79, 97]",87.5,"38 [9, 53]",38.25
"hiv.tx.H","state","T_var_0.1","22 [20, 107]",21.75,"51 [40, 82]",51.25
"hiv.tx.H","state","T_var_0.2","17 [15, 22]",17.25,"33 [27, 39]",33.25
"hiv.tx.H","state","T_mean_0.1","103 [85, 147]",103,"52 [21, 107]",52
"hiv.tx.H","state","T_mean_0.2","88 [79, 101]",87.5,"30 [8, 50]",29.75
"hiv.supp.H","state","T_var_0.1","22 [19, 106]",21.5,"52 [38, 88]",51.5
"hiv.supp.H","state","T_var_0.2","17 [14, 24]",17,"33 [25, 41]",33.25
"hiv.supp.H","state","T_mean_0.1","103 [86, 137]",103,"52 [21, 118]",51.75
"hiv.supp.H","state","T_mean_0.2","88 [79, 98]",87.5,"30 [9, 43]",29.5
"prep.H","state","T_var_0.1","30 [24, 42]",30.5,"32 [23, 45]",31.75
"prep.H","state","T_var_0.2","16 [11, 21]",15.5,"15 [11, 22]",15.25
"prep.H","state","T_mean_0.1","77 [71, 111]",77,"61 [54, 74]",61
"prep.H","state","T_mean_0.2","69 [65, 83]",68.75,"50 [45, 56]",50.25
"prep.indic.H","state","T_var_0.1","190 [33, 455]",190,"56 [40, 103]",56
"prep.indic.H","state","T_var_0.2","30 [24, 163]",30.25,"38 [28, 50]",38.5
"prep.indic.H","state","T_mean_0.1","116 [95, 156]",116,"66 [55, 108]",65.75
"prep.indic.H","state","T_mean_0.2","93 [80, 116]",93,"56 [49, 67]",56
"num.W","state","T_var_0.1","46 [33, 177]",45.75,"51 [40, 72]",51.25
"num.W","state","T_var_0.2","34 [26, 47]",33.75,"37 [29, 49]",37
"num.W","state","T_mean_0.1","65 [64, 91]",64.75,"50 [44, 82]",49.75
"num.W","state","T_mean_0.2","62 [59, 69]",62,"44 [39, 56]",44
"hiv.inf.W","state","T_var_0.1","56 [41, 134]",56.5,"88 [56, 530]",88.25
"hiv.inf.W","state","T_var_0.2","41 [31, 59]",40.75,"54 [40, 83]",53.75
"hiv.inf.W","state","T_mean_0.1","111 [99, 176]",111.25,"92 [78, 174]",92
"hiv.inf.W","state","T_mean_0.2","100 [92, 112]",99.75,"74 [64, 95]",74.25
"hiv.dx.W","state","T_var_0.1","56 [40, 104]",56.25,"90 [62, 440]",90.25
"hiv.dx.W","state","T_var_0.2","41 [32, 55]",41.25,"56 [44, 78]",56.25
"hiv.dx.W","state","T_mean_0.1","112 [98, 146]",111.75,"94 [80, 133]",93.75
"hiv.dx.W","state","T_mean_0.2","100 [92, 112]",100.25,"76 [64, 90]",75.75
"hiv.tx.W","state","T_var_0.1","52 [36, 97]",51.75,"82 [59, 211]",81.75
"hiv.tx.W","state","T_var_0.2","37 [28, 53]",36.75,"54 [41, 72]",54.25
"hiv.tx.W","state","T_mean_0.1","110 [100, 175]",110,"90 [73, 131]",89.75
"hiv.tx.W","state","T_mean_0.2","98 [92, 111]",98.5,"72 [60, 90]",72.25
"hiv.supp.W","state","T_var_0.1","52 [39, 108]",51.5,"82 [57, 279]",81.5
"hiv.supp.W","state","T_var_0.2","36 [29, 51]",36.5,"54 [40, 70]",54.25
"hiv.supp.W","state","T_mean_0.1","110 [97, 144]",110,"90 [76, 140]",90
"hiv.supp.W","state","T_mean_0.2","98 [91, 108]",98.5,"72 [62, 96]",72.25
"prep.W","state","T_var_0.1","38 [31, 50]",37.5,"30 [23, 44]",30
"prep.W","state","T_var_0.2","23 [20, 30]",23.25,"19 [14, 26]",18.75
"prep.W","state","T_mean_0.1","109 [97, 160]",109.25,"64 [55, 102]",63.75
"prep.W","state","T_mean_0.2","93 [83, 103]",93.25,"51 [44, 71]",51.25
"prep.indic.W","state","T_var_0.1","44 [34, 71]",43.5,"45 [36, 79]",45.25
"prep.indic.W","state","T_var_0.2","33 [26, 43]",33.25,"32 [25, 45]",32
"prep.indic.W","state","T_mean_0.1","114 [93, 200]",114.5,"75 [60, 104]",74.75
"prep.indic.W","state","T_mean_0.2","95 [86, 110]",95,"60 [51, 78]",60.25
"gono.uret.inf","state","T_var_0.1","45 [22, Inf]",45,"37 [25, 75]",36.75
"gono.uret.inf","state","T_var_0.2","10 [0, Inf]",10.5,"22 [15, 30]",22
"gono.uret.inf","state","T_mean_0.1","60 [40, 62]",60.25,"35 [31, 39]",34.75
"gono.uret.inf","state","T_mean_0.2","36 [35, 55]",36,"29 [26, 32]",29
"gono.rect.inf","state","T_var_0.1","48 [19, Inf]",47.75,"37 [27, 66]",37
"gono.rect.inf","state","T_var_0.2","11 [0, Inf]",11,"22 [16, 32]",22.25
"gono.rect.inf","state","T_mean_0.1","60 [57, 62]",60.25,"35 [31, 39]",35
"gono.rect.inf","state","T_mean_0.2","36 [35, 55]",35.75,"29 [26, 32]",29.25
"chla.uret.inf","state","T_var_0.1","48 [28, 94]",47.75,"40 [29, 173]",40.25
"chla.uret.inf","state","T_var_0.2","21 [11, 37]",20.75,"22 [15, 33]",22.5
"chla.uret.inf","state","T_mean_0.1","60 [57, 63]",60.25,"54 [43, 67]",54.5
"chla.uret.inf","state","T_mean_0.2","52 [36, 56]",52,"40 [32, 49]",40.25
"chla.rect.inf","state","T_var_0.1","48 [32, 95]",47.75,"45 [30, 205]",44.75
"chla.rect.inf","state","T_var_0.2","21 [11, 35]",21,"24 [16, 38]",23.75
"chla.rect.inf","state","T_mean_0.1","60 [58, 63]",60.5,"53 [44, 70]",53
"chla.rect.inf","state","T_mean_0.2","53 [36, 57]",53.25,"39 [33, 50]",39.25
"syph.inf","state","T_var_0.1","23 [13, 60]",23,"59 [23, 118]",59.25
"syph.inf","state","T_var_0.2","13 [9, 20]",13.25,"17 [8, 36]",17.25
"syph.inf","state","T_mean_0.1","79 [74, 84]",79.25,"62 [51, 77]",62
"syph.inf","state","T_mean_0.2","54 [51, 73]",53.5,"44 [37, 54]",44.5
