"var","functional","h","icc_lb_cold start","icc_lb_x0 restart","icc_lb_lo_cold start","icc_lb_lo_x0 restart","icc_lb_hi_cold start","icc_lb_hi_x0 restart","x0_cycle1"
"prev","value",5,0.89788,0.90308,0.89268,0.89745,0.90262,0.90844,0.90253
"prev","value",10,0.75752,0.76854,0.74301,0.75521,0.7706,0.78045,0.76724
"prev","value",20,0.47583,0.48363,0.45479,0.45935,0.49899,0.5067,0.4855
"prev","value",30,0.25172,0.26498,0.22445,0.24072,0.27604,0.28995,0.26777
"prev","window_mean",0,0.80296,0.81029,0.79164,0.79928,0.81404,0.82034,0.8095
"prev","window_mean",10,0.508,0.5185,0.4853,0.49331,0.53033,0.54055,0.51985
"prev","window_mean",20,0.27266,0.28717,0.24912,0.26153,0.29548,0.31166,0.28966
"incid_rate","value",5,0.075549,0.081396,0.067144,0.070585,0.084784,0.091061,0.083484
"incid_rate","value",10,0.04581,0.051886,0.038771,0.043103,0.052431,0.060379,0.053377
"incid_rate","value",20,0.022787,0.022274,0.017269,0.015917,0.028293,0.028061,0.025445
"incid_rate","value",30,0.0041092,0.0091981,0.0016531,0.0050932,0.0066927,0.013269,0.010335
"incid_rate","window_mean",0,0.30905,0.31784,0.28494,0.29613,0.33198,0.34378,0.32125
"incid_rate","window_mean",10,0.13739,0.14225,0.1179,0.12091,0.15426,0.16157,0.14671
"incid_rate","window_mean",20,0.051816,0.062789,0.037832,0.047911,0.066215,0.076054,0.065032
"dx_frac","value",5,0.23252,0.22121,0.21929,0.20916,0.24512,0.23424,0.22511
"dx_frac","value",10,0.13332,0.12296,0.12115,0.11162,0.14514,0.13409,0.12388
"dx_frac","value",20,0.088562,0.085372,0.078793,0.075657,0.098741,0.09447,0.084852
"dx_frac","value",30,0.052196,0.050183,0.04352,0.042722,0.061391,0.0577,0.05264
"dx_frac","window_mean",0,0.35519,0.33571,0.33575,0.31533,0.37297,0.35279,0.33841
"dx_frac","window_mean",10,0.21712,0.20705,0.19579,0.1876,0.23621,0.22575,0.20942
"dx_frac","window_mean",20,0.1262,0.12361,0.10716,0.10759,0.14272,0.13858,0.12936
"supp_frac","value",5,0.06526,0.073171,0.058086,0.064228,0.073402,0.082958,0.076283
"supp_frac","value",10,0.010679,0.016174,0.0073599,0.01136,0.013922,0.020666,0.017269
"supp_frac","value",20,0.0038582,0.005773,0.0017074,0.0031029,0.0061627,0.0085766,0.0064022
"supp_frac","value",30,0.0018378,0.0032908,0.00039239,0.001432,0.0032157,0.0053431,0.00361
"supp_frac","window_mean",0,0.10675,0.11955,0.093345,0.10525,0.11884,0.13299,0.12374
"supp_frac","window_mean",10,0.014255,0.023101,0.0072194,0.014166,0.021451,0.032717,0.023632
"supp_frac","window_mean",20,0.0053655,0.010483,0.0012143,0.0051686,0.010584,0.016102,0.011319
"prep_cov","value",5,0.019167,0.017841,0.015575,0.014153,0.022738,0.021978,0.020255
"prep_cov","value",10,0.013471,0.011483,0.0097396,0.0082839,0.016921,0.014362,0.013877
"prep_cov","value",20,0.0058672,0.004681,0.0037162,0.0024794,0.0084405,0.0066068,0.0060322
"prep_cov","value",30,0.00090876,0.00047644,0,0,0.0019759,0.0014956,0.0017459
"prep_cov","window_mean",0,0.12648,0.1345,0.1077,0.11837,0.14295,0.15232,0.14218
"prep_cov","window_mean",10,0.052168,0.057989,0.040045,0.045647,0.064681,0.069982,0.061262
"prep_cov","window_mean",20,0.015256,0.018188,0.0079082,0.008972,0.022622,0.026313,0.018684
"prev.B","value",5,0.86805,0.87383,0.86111,0.86684,0.87483,0.87984,0.87303
"prev.B","value",10,0.70558,0.71792,0.69184,0.70221,0.71829,0.73209,0.71709
"prev.B","value",20,0.41735,0.4273,0.39566,0.40159,0.43815,0.45128,0.43006
"prev.B","value",30,0.215,0.22541,0.19176,0.20267,0.23467,0.24991,0.2297
"prev.B","window_mean",0,0.76559,0.77475,0.75284,0.76198,0.77846,0.7853,0.77415
"prev.B","window_mean",10,0.45685,0.46788,0.43175,0.44633,0.4796,0.49234,0.47055
"prev.B","window_mean",20,0.23826,0.24965,0.21306,0.22476,0.26072,0.27338,0.25385
"incid_rate.B","value",5,0.061477,0.065609,0.053605,0.056512,0.069779,0.075005,0.067007
"incid_rate.B","value",10,0.036725,0.042943,0.028963,0.033515,0.04365,0.050735,0.043899
"incid_rate.B","value",20,0.017383,0.01742,0.013038,0.012433,0.022208,0.022395,0.020656
"incid_rate.B","value",30,0.0033949,0.0065215,0.0011296,0.0032938,0.005653,0.0098003,0.0080324
"incid_rate.B","window_mean",0,0.2739,0.28697,0.25169,0.26285,0.29532,0.30884,0.29113
"incid_rate.B","window_mean",10,0.12239,0.12827,0.10502,0.10853,0.14058,0.1497,0.13336
"incid_rate.B","window_mean",20,0.047234,0.05529,0.034145,0.039377,0.059345,0.070108,0.059348
"dx_frac.B","value",5,0.23451,0.22593,0.22097,0.2124,0.24756,0.23962,0.23018
"dx_frac.B","value",10,0.13133,0.12199,0.11912,0.10835,0.14207,0.13404,0.12376
"dx_frac.B","value",20,0.075776,0.07338,0.065566,0.063098,0.085209,0.084049,0.07313
"dx_frac.B","value",30,0.03969,0.039427,0.031883,0.032659,0.047464,0.046289,0.040492
"dx_frac.B","window_mean",0,0.34293,0.32871,0.32488,0.30898,0.35931,0.34714,0.33124
"dx_frac.B","window_mean",10,0.18551,0.17665,0.16645,0.15864,0.20623,0.19465,0.17766
"dx_frac.B","window_mean",20,0.097917,0.095377,0.080701,0.079934,0.11297,0.11018,0.098954
"supp_frac.B","value",5,0.054767,0.056085,0.047322,0.049,0.062389,0.063036,0.05878
"supp_frac.B","value",10,0.001725,0.0030154,4.8712e-05,0.00049808,0.0033489,0.00534,0.0047512
"supp_frac.B","value",20,0,0.00024923,0,0,0.00046924,0.00092716,0.00011723
"supp_frac.B","value",30,0,0,0,0,0.00024816,0,0
"supp_frac.B","window_mean",0,0.079771,0.091521,0.070666,0.080612,0.089327,0.10122,0.093055
"supp_frac.B","window_mean",10,0,0,0,0,0.0016027,0.00031023,0
"supp_frac.B","window_mean",20,0,0,0,0,0.0009727,0,0
"prep_cov.B","value",5,0.018655,0.017306,0.013844,0.013787,0.023108,0.020813,0.018777
"prep_cov.B","value",10,0.01091,0.010879,0.0075299,0.0078659,0.013857,0.013592,0.010913
"prep_cov.B","value",20,0.004655,0.0051831,0.0022724,0.0030644,0.0073581,0.0074208,0.004987
"prep_cov.B","value",30,0.0012521,0.0013136,5.1906e-05,2.8516e-06,0.0025055,0.0025618,0.001424
"prep_cov.B","window_mean",0,0.10105,0.10867,0.08544,0.092326,0.11728,0.12731,0.1136
"prep_cov.B","window_mean",10,0.035849,0.044712,0.025258,0.03235,0.047566,0.059385,0.046686
"prep_cov.B","window_mean",20,0.014262,0.021126,0.0053815,0.011858,0.02214,0.02951,0.019828
"prev.H","value",5,0.69878,0.708,0.68531,0.69638,0.71074,0.7174,0.7093
"prev.H","value",10,0.45671,0.47397,0.43747,0.45601,0.47723,0.49039,0.47553
"prev.H","value",20,0.19263,0.19583,0.16834,0.17554,0.21741,0.21257,0.20368
"prev.H","value",30,0.074692,0.084604,0.058641,0.069177,0.090401,0.099466,0.090343
"prev.H","window_mean",0,0.58214,0.59426,0.56453,0.57966,0.59872,0.60692,0.59625
"prev.H","window_mean",10,0.24354,0.25213,0.2171,0.23234,0.26818,0.27443,0.25885
"prev.H","window_mean",20,0.097735,0.1101,0.078309,0.091944,0.11695,0.12762,0.11605
"incid_rate.H","value",5,0.0047782,0.0095366,0.0028631,0.0067491,0.0068355,0.012551,0.010523
"incid_rate.H","value",10,0.0037254,0.0062519,0.0014744,0.004003,0.006033,0.0084408,0.0073461
"incid_rate.H","value",20,0.0014682,0.0028252,0.00061729,0.0013402,0.0025015,0.0044848,0.0034863
"incid_rate.H","value",30,2.1348e-06,0.0016294,0,0.00056319,0.00053076,0.0027174,0.0013143
"incid_rate.H","window_mean",0,0.085912,0.10237,0.068771,0.087073,0.10163,0.11861,0.11061
"incid_rate.H","window_mean",10,0.035832,0.045531,0.025793,0.035138,0.046499,0.058132,0.048489
"incid_rate.H","window_mean",20,0.0091988,0.022819,0.002974,0.014305,0.015175,0.032074,0.022894
"dx_frac.H","value",5,0.17258,0.16407,0.15952,0.15186,0.18527,0.17486,0.1653
"dx_frac.H","value",10,0.074874,0.069581,0.06515,0.061212,0.084621,0.078352,0.068789
"dx_frac.H","value",20,0.021265,0.021776,0.015164,0.015921,0.026936,0.027224,0.021013
"dx_frac.H","value",30,0.0020022,0.0044174,0.00016953,0.001962,0.0041168,0.0070623,0.0039828
"dx_frac.H","window_mean",0,0.23471,0.21991,0.21592,0.20373,0.25256,0.23411,0.22261
"dx_frac.H","window_mean",10,0.060551,0.058208,0.047704,0.046607,0.074189,0.069594,0.057257
"dx_frac.H","window_mean",20,0.0093371,0.016148,0.0034449,0.0086886,0.015319,0.024441,0.014829
"supp_frac.H","value",5,0.063338,0.058387,0.054502,0.050238,0.072071,0.066708,0.059156
"supp_frac.H","value",10,0.001751,0.0016102,0,0.00017,0.0034999,0.0030697,0.0024437
"supp_frac.H","value",20,0,0,0,0,0.0002309,2.257e-06,0
"supp_frac.H","value",30,0,0,0,0,0,3.6445e-05,0
"supp_frac.H","window_mean",0,0.093449,0.08293,0.083402,0.073599,0.10316,0.092585,0.084953
"supp_frac.H","window_mean",10,9.8081e-05,0,0,0,0.0011775,0.00071049,0.00035532
"supp_frac.H","window_mean",20,0,0,0,0,0,0,0
"prep_cov.H","value",5,0.00074925,0.001297,0,0.00040251,0.0018277,0.0021553,0.0015055
"prep_cov.H","value",10,0.00057005,0.0007209,0,0,0.0014956,0.0015679,0.00096192
"prep_cov.H","value",20,0.00035362,0.00055027,0,0,0.0011273,0.0011719,0.00041725
"prep_cov.H","value",30,0.00016593,0,0,0,0.0006704,0.00038577,0
"prep_cov.H","window_mean",0,0.018519,0.019414,0.012576,0.012071,0.024951,0.026734,0.019484
"prep_cov.H","window_mean",10,0.0034573,0.0036565,0,2.8093e-05,0.0067599,0.0073527,0.0037973
"prep_cov.H","window_mean",20,0.0013743,0.00041529,0,0,0.0035089,0.0028085,0.0017426
"prev.W","value",5,0.84812,0.85637,0.83903,0.8479,0.85518,0.86385,0.85586
"prev.W","value",10,0.68215,0.70102,0.66479,0.68554,0.69714,0.71512,0.69913
"prev.W","value",20,0.40823,0.42531,0.3849,0.39948,0.43213,0.44734,0.4225
"prev.W","value",30,0.21438,0.23204,0.19142,0.20419,0.23804,0.25705,0.22783
"prev.W","window_mean",0,0.75582,0.76781,0.74407,0.75335,0.76753,0.77957,0.76623
"prev.W","window_mean",10,0.45433,0.47275,0.4328,0.44602,0.47509,0.49771,0.46934
"prev.W","window_mean",20,0.24115,0.26028,0.21897,0.23492,0.26369,0.28896,0.25626
"incid_rate.W","value",5,0.045635,0.048821,0.03921,0.040929,0.052116,0.056496,0.048359
"incid_rate.W","value",10,0.029527,0.030818,0.024239,0.025239,0.034733,0.036502,0.030075
"incid_rate.W","value",20,0.012619,0.014044,0.0088798,0.0096738,0.016192,0.018984,0.014288
"incid_rate.W","value",30,0.0027307,0.0071352,0.00094109,0.0040466,0.0045449,0.010218,0.0059577
"incid_rate.W","window_mean",0,0.27978,0.29156,0.2561,0.26721,0.30176,0.31759,0.28837
"incid_rate.W","window_mean",10,0.12703,0.13972,0.10823,0.11822,0.14619,0.16013,0.13823
"incid_rate.W","window_mean",20,0.051106,0.069026,0.039016,0.05351,0.063364,0.0839,0.065187
"dx_frac.W","value",5,0.14649,0.13731,0.1351,0.12423,0.15781,0.14829,0.13804
"dx_frac.W","value",10,0.078154,0.066389,0.068801,0.057076,0.088307,0.075561,0.066518
"dx_frac.W","value",20,0.036409,0.03152,0.028781,0.025137,0.043161,0.038591,0.032921
"dx_frac.W","value",30,0.019912,0.018172,0.014887,0.01333,0.024963,0.022793,0.020165
"dx_frac.W","window_mean",0,0.2464,0.22895,0.22803,0.21081,0.2658,0.24469,0.22635
"dx_frac.W","window_mean",10,0.10846,0.10076,0.0908,0.08401,0.12714,0.11762,0.1029
"dx_frac.W","window_mean",20,0.055706,0.053162,0.042558,0.039812,0.067737,0.066524,0.057864
"supp_frac.W","value",5,0.067272,0.071547,0.059032,0.062765,0.074795,0.07993,0.076444
"supp_frac.W","value",10,0.0039083,0.0029293,0.001351,0.00088488,0.0065677,0.0052856,0.0042374
"supp_frac.W","value",20,0.00025276,0.00014387,0,0,0.0011946,0.00084628,0.00080342
"supp_frac.W","value",30,0,0.00073485,0,0,8.7759e-06,0.0018121,0.0011196
"supp_frac.W","window_mean",0,0.096951,0.086022,0.086995,0.076705,0.10609,0.095218,0.089319
"supp_frac.W","window_mean",10,0.0017439,0.0023871,0,0,0.0046182,0.0054241,0.0047268
"supp_frac.W","window_mean",20,8.1193e-07,0.0019778,0,0,0.0026911,0.0048298,0.0030433
"prep_cov.W","value",5,0.0027639,0.0012514,0.0012662,0,0.0042763,0.002495,0.0019779
"prep_cov.W","value",10,0.0023366,0.00089033,0.0010772,0,0.0038135,0.0017721,0.0012971
"prep_cov.W","value",20,0.0015787,0.00060826,0.00014257,0,0.0029871,0.0014023,0.00084818
"prep_cov.W","value",30,0.00099972,9.3044e-05,0.00025509,0,0.0017892,0.00077545,0.00010835
"prep_cov.W","window_mean",0,0.029208,0.031681,0.019227,0.022015,0.038335,0.040728,0.033022
"prep_cov.W","window_mean",10,0.012556,0.012713,0.0058978,0.0071571,0.019171,0.01908,0.010446
"prep_cov.W","window_mean",20,0.0070171,0.0070765,0.0027912,0.0026152,0.01101,0.011796,0.0063216
"gono_prev","value",5,0.36366,0.41046,0.34667,0.39451,0.37884,0.42541,0.41324
"gono_prev","value",10,0.15474,0.18152,0.13965,0.16355,0.16848,0.19958,0.18313
"gono_prev","value",20,0.048735,0.058771,0.038113,0.046019,0.057915,0.070365,0.060926
"gono_prev","value",30,0.011305,0.024947,0.0054608,0.01648,0.017072,0.032186,0.025549
"gono_prev","window_mean",0,0.34594,0.3755,0.32635,0.35367,0.36572,0.39492,0.37666
"gono_prev","window_mean",10,0.091638,0.10746,0.076668,0.089969,0.10803,0.12486,0.10803
"gono_prev","window_mean",20,0.028458,0.040459,0.017917,0.028559,0.038646,0.052351,0.041635
"gono_ir","value",5,0.3449,0.39206,0.32796,0.37535,0.36017,0.40976,0.39487
"gono_ir","value",10,0.14812,0.1743,0.13172,0.1577,0.16163,0.19201,0.1761
"gono_ir","value",20,0.047558,0.056599,0.037559,0.045473,0.057448,0.068674,0.05917
"gono_ir","value",30,0.010773,0.024071,0.005228,0.0169,0.016475,0.0329,0.024595
"gono_ir","window_mean",0,0.33458,0.36395,0.31527,0.34553,0.35255,0.38465,0.36521
"gono_ir","window_mean",10,0.089603,0.10403,0.074805,0.086834,0.1049,0.11928,0.10522
"gono_ir","window_mean",20,0.027676,0.03928,0.017535,0.027935,0.037322,0.050838,0.040551
"chla_prev","value",5,0.38556,0.42689,0.36782,0.41134,0.40365,0.4421,0.42556
"chla_prev","value",10,0.16915,0.19343,0.15335,0.17354,0.18429,0.21105,0.19258
"chla_prev","value",20,0.059146,0.066542,0.04825,0.05388,0.070663,0.079764,0.068117
"chla_prev","value",30,0.018886,0.026397,0.011954,0.01891,0.024604,0.034022,0.027027
"chla_prev","window_mean",0,0.37186,0.39012,0.35209,0.37153,0.3916,0.40757,0.39083
"chla_prev","window_mean",10,0.10962,0.11602,0.094234,0.098734,0.12305,0.13163,0.1167
"chla_prev","window_mean",20,0.037138,0.044011,0.026039,0.032277,0.04716,0.055146,0.044665
"chla_ir","value",5,0.3524,0.39447,0.33529,0.3789,0.37021,0.41202,0.39249
"chla_ir","value",10,0.15655,0.17994,0.14089,0.1628,0.17223,0.19479,0.17846
"chla_ir","value",20,0.055029,0.061998,0.044203,0.05077,0.065574,0.073162,0.06378
"chla_ir","value",30,0.017877,0.023793,0.011905,0.015996,0.024539,0.031148,0.024509
"chla_ir","window_mean",0,0.35132,0.37006,0.33154,0.34945,0.3695,0.38878,0.37027
"chla_ir","window_mean",10,0.10383,0.10979,0.088682,0.094259,0.11823,0.12565,0.1108
"chla_ir","window_mean",20,0.034648,0.040821,0.024337,0.029525,0.043905,0.051886,0.041602
"syph_prev","value",5,0.35019,0.44872,0.33644,0.43206,0.36303,0.46508,0.44782
"syph_prev","value",10,0.082871,0.1373,0.07016,0.12142,0.094058,0.15255,0.13802
"syph_prev","value",20,0.022497,0.030449,0.015725,0.02297,0.028926,0.038616,0.033366
"syph_prev","value",30,0.0038562,0.0096651,0.00028731,0.0044498,0.0073908,0.01507,0.010328
"syph_prev","window_mean",0,0.28567,0.34227,0.2699,0.32275,0.30067,0.35848,0.34191
"syph_prev","window_mean",10,0.045523,0.061294,0.034709,0.048033,0.057584,0.073113,0.063461
"syph_prev","window_mean",20,0.012981,0.01783,0.0053288,0.0092211,0.020004,0.026279,0.019217
"syph_ir","value",5,0.19037,0.2773,0.17747,0.26108,0.20254,0.2943,0.27623
"syph_ir","value",10,0.049776,0.089427,0.040743,0.076637,0.057677,0.10252,0.090117
"syph_ir","value",20,0.016433,0.021997,0.011127,0.015339,0.021884,0.029248,0.024725
"syph_ir","value",30,0.003095,0.0063698,0,0.0024534,0.0062564,0.010605,0.0069732
"syph_ir","window_mean",0,0.21519,0.2677,0.19703,0.24991,0.2295,0.28572,0.26836
"syph_ir","window_mean",10,0.038182,0.050123,0.027177,0.038361,0.048872,0.06135,0.052691
"syph_ir","window_mean",20,0.010426,0.014285,0.0040883,0.0064539,0.018286,0.022821,0.01586
"num","value",5,0.80937,0.81299,0.8003,0.80321,0.81767,0.82268,0.81213
"num","value",10,0.63153,0.63591,0.61484,0.61974,0.64627,0.65311,0.63729
"num","value",20,0.35208,0.36,0.3294,0.33577,0.37304,0.38195,0.35996
"num","value",30,0.16621,0.17501,0.14646,0.15533,0.18478,0.19597,0.17288
"num","window_mean",0,0.71485,0.71859,0.70198,0.70309,0.72688,0.73205,0.71926
"num","window_mean",10,0.39749,0.40497,0.37583,0.38468,0.41771,0.42596,0.40434
"num","window_mean",20,0.18387,0.19484,0.16276,0.17416,0.20464,0.21394,0.19233
"i.prev.dx.B","value",5,0.90387,0.90702,0.89864,0.90167,0.90929,0.91196,NA
"i.prev.dx.B","value",10,0.76088,0.76993,0.74921,0.75844,0.77307,0.78029,NA
"i.prev.dx.B","value",20,0.45799,0.46817,0.43365,0.44639,0.47971,0.49209,NA
"i.prev.dx.B","value",30,0.23994,0.24878,0.21605,0.22551,0.26377,0.2737,NA
"i.prev.dx.B","window_mean",0,0.80963,0.8167,0.79921,0.80666,0.81869,0.82565,NA
"i.prev.dx.B","window_mean",10,0.50226,0.51294,0.47754,0.48887,0.5244,0.53456,NA
"i.prev.dx.B","window_mean",20,0.26527,0.27638,0.24033,0.25139,0.2907,0.30194,NA
"i.prev.dx.H","value",5,0.7345,0.74172,0.72262,0.73127,0.74506,0.75192,NA
"i.prev.dx.H","value",10,0.4962,0.51263,0.47663,0.49821,0.51307,0.52812,NA
"i.prev.dx.H","value",20,0.20401,0.21019,0.18202,0.19065,0.22442,0.22884,NA
"i.prev.dx.H","value",30,0.076598,0.086576,0.060575,0.069777,0.091408,0.1028,NA
"i.prev.dx.H","window_mean",0,0.62001,0.63116,0.60366,0.6172,0.63402,0.64564,NA
"i.prev.dx.H","window_mean",10,0.26326,0.273,0.24033,0.25177,0.28404,0.29281,NA
"i.prev.dx.H","window_mean",20,0.10126,0.11497,0.080329,0.09512,0.12059,0.13388,NA
"i.prev.dx.W","value",5,0.87434,0.88082,0.86732,0.8737,0.88049,0.88809,NA
"i.prev.dx.W","value",10,0.71582,0.73331,0.70257,0.71682,0.72896,0.74838,NA
"i.prev.dx.W","value",20,0.43005,0.44911,0.40721,0.42407,0.45321,0.46964,NA
"i.prev.dx.W","value",30,0.2291,0.24726,0.20379,0.21959,0.24868,0.27338,NA
"i.prev.dx.W","window_mean",0,0.78617,0.79702,0.7754,0.784,0.79703,0.80857,NA
"i.prev.dx.W","window_mean",10,0.48357,0.50255,0.45942,0.47882,0.50511,0.52648,NA
"i.prev.dx.W","window_mean",20,0.25895,0.27813,0.2365,0.25243,0.28318,0.30298,NA
"hiv.incid","cml10",5,0.14663,0.14484,0.13025,0.12891,0.16222,0.15959,NA
"hiv.incid.B","cml10",5,0.14407,0.1312,0.13121,0.11575,0.15666,0.14475,NA
"hiv.incid.H","cml10",5,0.07808,0.08299,0.066443,0.07341,0.089082,0.093735,NA
"hiv.incid.W","cml10",5,0.15326,0.15974,0.13634,0.14248,0.16993,0.17671,NA
