"var","PC1","PC2","PC3","PC4","PC5","PC6","PC7","PC8","PC9","PC10","PC11","PC12","PC13","PC14","PC15","PC16","PC17","PC18"
"prev",-0.905,-0.24,-0.0814,0.259,0.0959,0.0105,-0.0936,0.107,0.00567,0.00318,-0.0147,-0.0116,0.0179,0.0986,-0.0364,-0.0435,-0.0408,-0.014
"incid_rate",-0.387,0.333,0.127,0.462,0.135,-0.041,-0.0918,0.0721,-0.00829,0.106,-0.0338,-0.000441,-0.0839,-0.65,0.0459,-0.107,0.0932,0.0807
"dx_frac",-0.107,-0.573,-0.25,-0.53,-0.135,0.116,0.0481,-0.00558,-0.00177,-0.0362,0.0329,0.0285,0.0433,-0.104,0.00208,-0.24,0.451,0.0378
"supp_frac",-0.119,-0.392,-0.262,-0.61,-0.124,0.267,0.132,-0.0811,-0.0711,0.0335,0.00121,-0.0219,-0.116,-0.356,0.0632,0.233,-0.272,0.00778
"prep_cov",0.0894,0.000273,-0.0376,-0.454,0.188,-0.274,-0.624,0.484,0.0982,0.183,0.0269,0.0128,0.0133,-0.000136,-0.0328,-0.0134,-0.0512,-0.00532
"prev.B",-0.835,-0.2,-0.109,0.253,0.142,0.0906,-0.139,0.165,0.00328,-0.163,-0.025,-0.0378,-0.0241,0.101,-0.0498,-0.201,-0.121,-0.0171
"incid_rate.B",-0.34,0.273,0.112,0.425,0.135,-0.0575,-0.0922,0.0754,-0.00181,0.0525,-0.105,-0.0771,-0.212,-0.539,0.0427,-0.232,-0.0189,0.163
"dx_frac.B",-0.111,-0.473,-0.26,-0.465,-0.0786,0.251,0.00521,0.0439,-0.00564,-0.099,0.171,0.127,0.218,-0.113,-0.00681,-0.152,0.45,0.00611
"supp_frac.B",-0.0589,-0.296,-0.266,-0.517,-0.0358,0.472,0.0535,-0.00281,-0.0715,-0.0611,0.156,0.0686,0.0711,-0.326,0.0733,0.318,-0.225,0.0534
"prep_cov.B",0.176,-0.0374,-0.0251,-0.322,0.0434,-0.0728,-0.244,0.134,0.0893,0.593,0.133,0.16,0.386,-0.0244,-0.136,-0.378,-0.25,0.00047
"prev.H",-0.539,-0.247,0.592,-0.0187,-0.0427,-0.0415,-0.169,-0.165,-0.00348,0.0403,0.302,0.0083,0.0289,0.0678,0.336,0.0359,-0.00155,0.116
"incid_rate.H",-0.134,0.0932,0.0507,0.114,0.0459,-0.048,-0.0173,-0.0115,-0.015,0.054,0.393,-0.019,-0.0515,-0.234,0.236,-0.0577,0.107,-0.746
"dx_frac.H",-0.0409,-0.19,0.3,-0.187,-0.126,0.101,-0.0756,-0.0503,0.0291,-0.027,-0.61,0.031,0.0259,-0.0418,-0.188,-0.0663,0.125,0.18
"supp_frac.H",-0.0571,-0.159,0.402,-0.204,-0.141,0.156,-0.0699,-0.0671,0.00654,-0.009,-0.637,0.00744,-0.0344,-0.119,-0.312,-0.0134,-0.0532,-0.378
"prep_cov.H",0.0361,0.0304,0.0209,-0.0991,0.0591,-0.0395,0.155,0.568,0.0418,0.0326,-0.438,0.098,0.137,0.0543,0.634,0.0365,0.012,-0.0192
"prev.W",-0.815,-0.194,-0.144,0.122,-0.0549,-0.351,0.0724,0.0044,-0.0165,0.112,-0.0384,0.0945,0.19,0.00638,-0.0986,0.207,0.0488,-0.0312
"incid_rate.W",-0.315,0.237,0.0612,0.239,0.0556,0.00354,-0.0574,0.0564,-0.0201,0.0212,-0.00233,0.174,0.267,-0.446,-0.0664,0.158,0.185,0.13
"dx_frac.W",0.00468,-0.38,-0.177,-0.279,-0.122,-0.277,0.143,-0.0893,-0.00155,0.143,-0.0351,-0.246,-0.423,0.00403,0.113,-0.289,0.123,0.0184
"supp_frac.W",-0.0334,-0.245,-0.194,-0.279,-0.122,-0.263,0.197,-0.134,-0.0121,0.207,-0.0606,-0.252,-0.507,-0.0999,0.149,-0.184,-0.18,0.0678
"prep_cov.W",0.0659,0.032,-0.0147,-0.287,0.191,-0.256,-0.621,0.363,0.0649,-0.0377,0.0596,-0.144,-0.337,0.00939,-0.136,0.321,0.155,0.000579
"gono_prev",-0.638,0.516,-0.0385,-0.206,-0.148,0.0813,0.0309,-0.0282,0.285,-0.00564,-0.00419,-0.38,0.156,0.0122,0.0103,0.00534,0.0204,0.00156
"gono_ir",-0.632,0.523,-0.0375,-0.211,-0.148,0.0812,0.0288,-0.0283,0.284,-0.00485,-0.00346,-0.373,0.152,0.0074,0.00977,0.00183,0.0221,0.00171
"chla_prev",-0.673,0.492,-0.0501,-0.185,-0.112,0.0786,0.0285,-0.0408,0.151,0.0261,0.0145,0.402,-0.23,0.074,-0.00232,-0.0253,0.0128,0.00154
"chla_ir",-0.658,0.505,-0.0474,-0.195,-0.11,0.0775,0.0235,-0.0389,0.153,0.0264,0.015,0.395,-0.226,0.0634,-0.00172,-0.0294,0.0165,0.00197
"syph_prev",-0.439,0.419,0.00495,-0.151,-0.0946,0.0588,-0.0411,0.0553,-0.745,0.0865,-0.0141,-0.0886,0.0183,0.072,-0.00554,-0.0211,0.0268,0.00313
"syph_ir",-0.398,0.431,0.00858,-0.157,-0.095,0.0673,-0.0432,0.054,-0.729,0.0899,-0.0134,-0.0865,0.0117,0.0523,-0.00171,-0.0344,0.0416,0.00569
"num",-0.028,0.0697,0.103,-0.233,0.87,-0.0325,0.258,-0.261,-0.0201,0.038,-0.0648,-0.0263,0.0203,0.0414,-0.00739,0.0141,0.0754,-0.00628
"num.B",-0.0726,-0.036,0.0135,0.0729,0.694,0.317,0.121,-0.19,0.033,0.443,-0.112,-0.101,-0.134,0.138,0.0317,0.161,0.206,-0.0165
"hiv.inf.B",-0.799,-0.198,-0.0965,0.26,0.365,0.191,-0.088,0.0891,0.0142,-0.00213,-0.0609,-0.0691,-0.0673,0.14,-0.0356,-0.133,-0.0432,-0.0213
"hiv.dx.B",-0.792,-0.301,-0.153,0.14,0.332,0.241,-0.0832,0.0956,0.0123,-0.0252,-0.0185,-0.0364,-0.0135,0.108,-0.0357,-0.163,0.0639,-0.0191
"hiv.tx.B",-0.755,-0.313,-0.207,0.00523,0.317,0.385,-0.056,0.0798,-0.0191,-0.0299,0.0146,-0.0322,-0.0286,-0.014,-0.000269,0.0224,-0.141,0.00332
"hiv.supp.B",-0.753,-0.315,-0.209,0.000198,0.316,0.388,-0.0556,0.0797,-0.0197,-0.0297,0.0157,-0.0315,-0.0287,-0.0216,0.00102,0.0242,-0.142,0.00498
"prep.B",0.517,0.186,0.086,-0.259,0.182,-0.00135,-0.0495,-0.0703,0.0748,0.699,0.0487,0.0843,0.204,-0.0255,-0.0609,-0.105,-0.0793,0.0146
"prep.indic.B",0.592,0.329,0.161,-0.0302,0.23,0.0812,0.203,-0.261,0.0125,0.393,-0.0768,-0.0534,-0.129,-0.0113,0.0621,0.271,0.165,0.0219
"num.H",-0.0164,-0.00691,0.397,-0.153,0.147,-0.0629,0.531,0.444,0.00472,-0.0633,0.284,-0.0513,-0.0855,-0.0328,-0.37,-0.0228,-0.0161,0.0726
"hiv.inf.H",-0.509,-0.233,0.69,-0.0701,0.011,-0.0604,0.0258,-0.000599,-0.00163,0.0161,0.38,-0.00985,-0.00255,0.052,0.186,0.0258,-0.00681,0.134
"hiv.dx.H",-0.485,-0.285,0.747,-0.133,-0.0354,-0.0189,-0.00365,-0.0189,0.00923,0.00502,0.129,0.00239,0.00691,0.0329,0.104,-0.000325,0.0392,0.189
"hiv.tx.H",-0.433,-0.282,0.793,-0.183,-0.0797,0.051,-0.0233,-0.0429,0.0031,0.00668,-0.103,-0.00266,-0.0237,-0.0317,-0.0503,0.0127,-0.0394,-0.127
"hiv.supp.H",-0.431,-0.282,0.792,-0.184,-0.081,0.0526,-0.0241,-0.0432,0.00311,0.00672,-0.11,-0.00275,-0.0242,-0.0353,-0.0535,0.0116,-0.0391,-0.136
"prep.H",0.128,0.121,0.071,-0.14,0.126,-0.0601,0.453,0.741,0.0343,-0.0125,-0.238,0.0591,0.0672,0.0167,0.308,0.0115,0.00362,-0.0365
"prep.indic.H",0.178,0.175,0.0973,-0.1,0.138,-0.048,0.587,0.467,-0.00288,-0.0742,0.252,-0.0458,-0.0925,-0.0547,-0.432,-0.0362,-0.0123,-0.0369
"num.W",0.0423,0.147,0.0134,-0.381,0.507,-0.374,0.0856,-0.329,-0.0677,-0.405,-0.0666,0.0872,0.204,-0.0775,0.0734,-0.146,-0.106,-0.0149
"hiv.inf.W",-0.801,-0.166,-0.141,0.0501,0.0392,-0.417,0.0876,-0.0566,-0.0289,0.0364,-0.0504,0.11,0.226,-0.00803,-0.0842,0.179,0.0288,-0.0337
"hiv.dx.W",-0.772,-0.247,-0.176,-0.0155,0.00997,-0.466,0.117,-0.0751,-0.0283,0.0678,-0.0567,0.05,0.122,-0.00683,-0.0554,0.106,0.056,-0.0284
"hiv.tx.W",-0.751,-0.25,-0.208,-0.0667,-0.0132,-0.491,0.161,-0.106,-0.0316,0.117,-0.071,-0.000494,0.00335,-0.0452,-0.0174,0.0904,-0.0475,-0.0044
"hiv.supp.W",-0.749,-0.253,-0.209,-0.0685,-0.0141,-0.491,0.162,-0.107,-0.0315,0.118,-0.0711,-0.00234,-0.000682,-0.0485,-0.0162,0.0881,-0.0475,-0.00314
"prep.W",0.268,0.302,0.0552,-0.462,0.402,-0.275,-0.45,0.0771,0.00139,-0.335,0.0241,-0.0596,-0.157,-0.0474,-0.0395,0.0928,0.0389,0.00764
"prep.indic.W",0.31,0.398,0.0963,-0.337,0.36,-0.102,0.0643,-0.305,-0.0724,-0.439,-0.0336,0.0794,0.16,-0.079,0.0986,-0.234,-0.121,0.0103
"gono.uret.inf",-0.637,0.516,-0.035,-0.213,-0.123,0.0799,0.0378,-0.0367,0.283,-0.00437,-0.00579,-0.381,0.156,0.0131,0.0104,0.00559,0.0232,0.00148
"gono.rect.inf",-0.638,0.518,-0.0356,-0.212,-0.121,0.0803,0.0388,-0.0353,0.283,-0.00444,-0.00612,-0.38,0.156,0.0137,0.00996,0.00587,0.0223,0.00126
"chla.uret.inf",-0.67,0.492,-0.0445,-0.195,-0.0706,0.0766,0.0404,-0.0534,0.149,0.0278,0.0117,0.401,-0.23,0.0765,-0.00261,-0.0243,0.0168,0.00184
"chla.rect.inf",-0.672,0.496,-0.045,-0.195,-0.0682,0.0769,0.0409,-0.0527,0.149,0.0284,0.0113,0.398,-0.226,0.0752,-0.00271,-0.0247,0.0157,0.000281
"syph.inf",-0.44,0.42,0.00661,-0.155,-0.0806,0.0583,-0.0369,0.0511,-0.745,0.0871,-0.0151,-0.089,0.0186,0.0726,-0.00565,-0.021,0.028,0.00304
