"start","var","functional","h","r2_full","r2_full_lo","r2_full_hi","r2_own","r2_own_lo","r2_own_hi","icc_lb","icc_lb_lo","icc_lb_hi"
"cold start","prev","value",5,0.89788,0.89268,0.90262,0.86847,0.86183,0.87493,0.89788,0.89268,0.90262
"cold start","prev","value",10,0.75752,0.74301,0.7706,0.68831,0.67434,0.7019,0.75752,0.74301,0.7706
"cold start","prev","value",20,0.47583,0.45479,0.49899,0.34778,0.32049,0.37219,0.47583,0.45479,0.49899
"cold start","prev","value",30,0.25172,0.22445,0.27604,0.13078,0.1094,0.15207,0.25172,0.22445,0.27604
"cold start","prev","window_mean",0,0.80296,0.79164,0.81404,0.73442,0.72025,0.74687,0.80296,0.79164,0.81404
"cold start","prev","window_mean",10,0.508,0.4853,0.53033,0.37776,0.34824,0.40341,0.508,0.4853,0.53033
"cold start","prev","window_mean",20,0.27266,0.24912,0.29548,0.14779,0.1216,0.17378,0.27266,0.24912,0.29548
"cold start","incid_rate","value",5,0.075549,0.067144,0.084784,0.017796,0.01374,0.022028,0.075549,0.067144,0.084784
"cold start","incid_rate","value",10,0.04581,0.038771,0.052431,0.010841,0.0071657,0.014773,0.04581,0.038771,0.052431
"cold start","incid_rate","value",20,0.022787,0.017269,0.028293,0.0038508,0.001724,0.0058997,0.022787,0.017269,0.028293
"cold start","incid_rate","value",30,0.0041092,0.0016531,0.0066927,0.00039509,-0.00052266,0.0013018,0.0041092,0.0016531,0.0066927
"cold start","incid_rate","window_mean",0,0.30905,0.28494,0.33198,0.077629,0.068978,0.086949,0.30905,0.28494,0.33198
"cold start","incid_rate","window_mean",10,0.13739,0.1179,0.15426,0.025029,0.019029,0.030892,0.13739,0.1179,0.15426
"cold start","incid_rate","window_mean",20,0.051816,0.037832,0.066215,0.0057403,0.002374,0.0086566,0.051816,0.037832,0.066215
"cold start","dx_frac","value",5,0.23252,0.21929,0.24512,0.14831,0.13714,0.15919,0.23252,0.21929,0.24512
"cold start","dx_frac","value",10,0.13332,0.12115,0.14514,0.020195,0.01559,0.024831,0.13332,0.12115,0.14514
"cold start","dx_frac","value",20,0.088562,0.078793,0.098741,0.00019299,-0.00038963,0.00076475,0.088562,0.078793,0.098741
"cold start","dx_frac","value",30,0.052196,0.04352,0.061391,0.00061877,-0.00030594,0.0014846,0.052196,0.04352,0.061391
"cold start","dx_frac","window_mean",0,0.35519,0.33575,0.37297,0.14084,0.13092,0.14988,0.35519,0.33575,0.37297
"cold start","dx_frac","window_mean",10,0.21712,0.19579,0.23621,0.0012465,-0.00011928,0.0026998,0.21712,0.19579,0.23621
"cold start","dx_frac","window_mean",20,0.1262,0.10716,0.14272,0.0010899,-0.00061774,0.0026823,0.1262,0.10716,0.14272
"cold start","supp_frac","value",5,0.06526,0.058086,0.073402,0.043302,0.037003,0.048807,0.06526,0.058086,0.073402
"cold start","supp_frac","value",10,0.010679,0.0073599,0.013922,0.00028895,-0.0005098,0.0009919,0.010679,0.0073599,0.013922
"cold start","supp_frac","value",20,0.0038582,0.0017074,0.0061627,-0.00029583,-0.00070401,0.00011051,0.0038582,0.0017074,0.0061627
"cold start","supp_frac","value",30,0.0018378,0.00039239,0.0032157,-0.00040662,-0.00060926,-0.00019706,0.0018378,0.00039239,0.0032157
"cold start","supp_frac","window_mean",0,0.10675,0.093345,0.11884,0.071635,0.062288,0.079342,0.10675,0.093345,0.11884
"cold start","supp_frac","window_mean",10,0.014255,0.0072194,0.021451,-0.00067375,-0.0014829,7.3935e-05,0.014255,0.0072194,0.021451
"cold start","supp_frac","window_mean",20,0.0053655,0.0012143,0.010584,-0.0010233,-0.0015617,-0.00051881,0.0053655,0.0012143,0.010584
"cold start","prep_cov","value",5,0.019167,0.015575,0.022738,0.00042735,-0.00023332,0.0010876,0.019167,0.015575,0.022738
"cold start","prep_cov","value",10,0.013471,0.0097396,0.016921,1.9201e-05,-0.00038371,0.00036135,0.013471,0.0097396,0.016921
"cold start","prep_cov","value",20,0.0058672,0.0037162,0.0084405,5.9827e-05,-0.00014253,0.00027654,0.0058672,0.0037162,0.0084405
"cold start","prep_cov","value",30,0.00090876,-0.00028973,0.0019759,-4.6895e-05,-0.00010552,4.5143e-06,0.00090876,0,0.0019759
"cold start","prep_cov","window_mean",0,0.12648,0.1077,0.14295,0.014433,0.010346,0.018049,0.12648,0.1077,0.14295
"cold start","prep_cov","window_mean",10,0.052168,0.040045,0.064681,0.00046833,-0.0004349,0.0013479,0.052168,0.040045,0.064681
"cold start","prep_cov","window_mean",20,0.015256,0.0079082,0.022622,-0.00029367,-0.00073216,9.4353e-05,0.015256,0.0079082,0.022622
"cold start","prev.B","value",5,0.86805,0.86111,0.87483,0.83648,0.82826,0.84455,0.86805,0.86111,0.87483
"cold start","prev.B","value",10,0.70558,0.69184,0.71829,0.63176,0.61604,0.64699,0.70558,0.69184,0.71829
"cold start","prev.B","value",20,0.41735,0.39566,0.43815,0.281,0.2541,0.30503,0.41735,0.39566,0.43815
"cold start","prev.B","value",30,0.215,0.19176,0.23467,0.087588,0.069683,0.10773,0.215,0.19176,0.23467
"cold start","prev.B","window_mean",0,0.76559,0.75284,0.77846,0.69052,0.67473,0.70325,0.76559,0.75284,0.77846
"cold start","prev.B","window_mean",10,0.45685,0.43175,0.4796,0.31453,0.29126,0.33905,0.45685,0.43175,0.4796
"cold start","prev.B","window_mean",20,0.23826,0.21306,0.26072,0.10348,0.082483,0.12663,0.23826,0.21306,0.26072
"cold start","incid_rate.B","value",5,0.061477,0.053605,0.069779,0.013581,0.0098562,0.017434,0.061477,0.053605,0.069779
"cold start","incid_rate.B","value",10,0.036725,0.028963,0.04365,0.0081287,0.005249,0.011236,0.036725,0.028963,0.04365
"cold start","incid_rate.B","value",20,0.017383,0.013038,0.022208,0.0022377,0.00062539,0.0039457,0.017383,0.013038,0.022208
"cold start","incid_rate.B","value",30,0.0033949,0.0011296,0.005653,0.00035277,-0.00042069,0.0011426,0.0033949,0.0011296,0.005653
"cold start","incid_rate.B","window_mean",0,0.2739,0.25169,0.29532,0.062122,0.054345,0.069495,0.2739,0.25169,0.29532
"cold start","incid_rate.B","window_mean",10,0.12239,0.10502,0.14058,0.020865,0.015468,0.02577,0.12239,0.10502,0.14058
"cold start","incid_rate.B","window_mean",20,0.047234,0.034145,0.059345,0.0046959,0.0018079,0.0071856,0.047234,0.034145,0.059345
"cold start","dx_frac.B","value",5,0.23451,0.22097,0.24756,0.15368,0.1414,0.16529,0.23451,0.22097,0.24756
"cold start","dx_frac.B","value",10,0.13133,0.11912,0.14207,0.021485,0.016173,0.026766,0.13133,0.11912,0.14207
"cold start","dx_frac.B","value",20,0.075776,0.065566,0.085209,-7.8143e-05,-0.00066645,0.00049161,0.075776,0.065566,0.085209
"cold start","dx_frac.B","value",30,0.03969,0.031883,0.047464,-0.00069129,-0.0011896,-0.00018391,0.03969,0.031883,0.047464
"cold start","dx_frac.B","window_mean",0,0.34293,0.32488,0.35931,0.14342,0.13229,0.15465,0.34293,0.32488,0.35931
"cold start","dx_frac.B","window_mean",10,0.18551,0.16645,0.20623,0.0010145,-0.00092262,0.0026958,0.18551,0.16645,0.20623
"cold start","dx_frac.B","window_mean",20,0.097917,0.080701,0.11297,-0.0012615,-0.0022644,-0.00033392,0.097917,0.080701,0.11297
"cold start","supp_frac.B","value",5,0.054767,0.047322,0.062389,0.040765,0.035202,0.046836,0.054767,0.047322,0.062389
"cold start","supp_frac.B","value",10,0.001725,4.8712e-05,0.0033489,-0.00023931,-0.00083087,0.00032858,0.001725,4.8712e-05,0.0033489
"cold start","supp_frac.B","value",20,-3.2286e-05,-0.00055914,0.00046924,-6.4634e-05,-0.00038953,0.00025918,0,0,0.00046924
"cold start","supp_frac.B","value",30,-0.00012653,-0.00047863,0.00024816,-0.00016121,-0.00037019,4.4945e-05,0,0,0.00024816
"cold start","supp_frac.B","window_mean",0,0.079771,0.070666,0.089327,0.067572,0.058979,0.074626,0.079771,0.070666,0.089327
"cold start","supp_frac.B","window_mean",10,-0.00018235,-0.0021447,0.0016027,-0.0003641,-0.0011187,0.00038304,0,0,0.0016027
"cold start","supp_frac.B","window_mean",20,-0.00069298,-0.0023846,0.0009727,-0.00077297,-0.0013765,-0.00023303,0,0,0.0009727
"cold start","prep_cov.B","value",5,0.018655,0.013844,0.023108,0.00082489,-0.00019668,0.0017453,0.018655,0.013844,0.023108
"cold start","prep_cov.B","value",10,0.01091,0.0075299,0.013857,0.00033139,-0.00024673,0.0010043,0.01091,0.0075299,0.013857
"cold start","prep_cov.B","value",20,0.004655,0.0022724,0.0073581,-0.00017397,-0.00029341,-6.7383e-05,0.004655,0.0022724,0.0073581
"cold start","prep_cov.B","value",30,0.0012521,5.1906e-05,0.0025055,-9.011e-05,-0.00031044,0.0001292,0.0012521,5.1906e-05,0.0025055
"cold start","prep_cov.B","window_mean",0,0.10105,0.08544,0.11728,0.015754,0.011348,0.01969,0.10105,0.08544,0.11728
"cold start","prep_cov.B","window_mean",10,0.035849,0.025258,0.047566,0.0007197,-0.00071169,0.0022021,0.035849,0.025258,0.047566
"cold start","prep_cov.B","window_mean",20,0.014262,0.0053815,0.02214,0.00075559,-0.0005367,0.0019545,0.014262,0.0053815,0.02214
"cold start","prev.H","value",5,0.69878,0.68531,0.71074,0.6757,0.6641,0.68668,0.69878,0.68531,0.71074
"cold start","prev.H","value",10,0.45671,0.43747,0.47723,0.40869,0.39016,0.42562,0.45671,0.43747,0.47723
"cold start","prev.H","value",20,0.19263,0.16834,0.21741,0.11514,0.096957,0.132,0.19263,0.16834,0.21741
"cold start","prev.H","value",30,0.074692,0.058641,0.090401,0.01593,0.007676,0.024051,0.074692,0.058641,0.090401
"cold start","prev.H","window_mean",0,0.58214,0.56453,0.59872,0.5273,0.51004,0.54339,0.58214,0.56453,0.59872
"cold start","prev.H","window_mean",10,0.24354,0.2171,0.26818,0.15318,0.13433,0.17049,0.24354,0.2171,0.26818
"cold start","prev.H","window_mean",20,0.097735,0.078309,0.11695,0.026126,0.014262,0.037338,0.097735,0.078309,0.11695
"cold start","incid_rate.H","value",5,0.0047782,0.0028631,0.0068355,-7.3848e-06,-0.00035555,0.00027262,0.0047782,0.0028631,0.0068355
"cold start","incid_rate.H","value",10,0.0037254,0.0014744,0.006033,-0.00010695,-0.00036241,0.00015491,0.0037254,0.0014744,0.006033
"cold start","incid_rate.H","value",20,0.0014682,0.00061729,0.0025015,-0.00012577,-0.00043462,0.00016672,0.0014682,0.00061729,0.0025015
"cold start","incid_rate.H","value",30,2.1348e-06,-0.00054155,0.00053076,-6.526e-05,-0.00012994,-5.6654e-06,2.1348e-06,0,0.00053076
"cold start","incid_rate.H","window_mean",0,0.085912,0.068771,0.10163,0.0018697,0.000472,0.0033476,0.085912,0.068771,0.10163
"cold start","incid_rate.H","window_mean",10,0.035832,0.025793,0.046499,0.00036382,-0.00040286,0.0012075,0.035832,0.025793,0.046499
"cold start","incid_rate.H","window_mean",20,0.0091988,0.002974,0.015175,-0.00025849,-0.00063718,0.00011133,0.0091988,0.002974,0.015175
"cold start","dx_frac.H","value",5,0.17258,0.15952,0.18527,0.11284,0.10243,0.12316,0.17258,0.15952,0.18527
"cold start","dx_frac.H","value",10,0.074874,0.06515,0.084621,0.012925,0.0098865,0.01615,0.074874,0.06515,0.084621
"cold start","dx_frac.H","value",20,0.021265,0.015164,0.026936,-6.8447e-05,-0.000392,0.00027608,0.021265,0.015164,0.026936
"cold start","dx_frac.H","value",30,0.0020022,0.00016953,0.0041168,-0.00029215,-0.00057419,-2.6163e-05,0.0020022,0.00016953,0.0041168
"cold start","dx_frac.H","window_mean",0,0.23471,0.21592,0.25256,0.11721,0.10872,0.1268,0.23471,0.21592,0.25256
"cold start","dx_frac.H","window_mean",10,0.060551,0.047704,0.074189,0.00057774,-0.00046588,0.0015792,0.060551,0.047704,0.074189
"cold start","dx_frac.H","window_mean",20,0.0093371,0.0034449,0.015319,-0.00050707,-0.0010766,4.1357e-05,0.0093371,0.0034449,0.015319
"cold start","supp_frac.H","value",5,0.063338,0.054502,0.072071,0.053266,0.046051,0.05978,0.063338,0.054502,0.072071
"cold start","supp_frac.H","value",10,0.001751,-5.7324e-05,0.0034999,0.0016241,0.00030603,0.0029822,0.001751,0,0.0034999
"cold start","supp_frac.H","value",20,-0.00021465,-0.00063501,0.0002309,-0.00032892,-0.0007202,3.648e-06,0,0,0.0002309
"cold start","supp_frac.H","value",30,-0.00022873,-0.0003885,-8.9089e-05,-0.00016772,-0.00030874,-4.1142e-05,0,0,0
"cold start","supp_frac.H","window_mean",0,0.093449,0.083402,0.10316,0.079597,0.071842,0.087199,0.093449,0.083402,0.10316
"cold start","supp_frac.H","window_mean",10,-0.00018148,-0.001735,0.0013553,9.8081e-05,-0.0010546,0.0011775,9.8081e-05,0,0.0011775
"cold start","supp_frac.H","window_mean",20,-0.00052977,-0.00088119,-0.00019328,-0.00053446,-0.00094907,-0.00010909,0,0,0
"cold start","prep_cov.H","value",5,0.00074925,-0.0004563,0.0018277,0.00038224,-0.00023177,0.0010098,0.00074925,0,0.0018277
"cold start","prep_cov.H","value",10,0.00057005,-0.00034836,0.0014956,-0.00020663,-0.00032821,-8.1299e-05,0.00057005,0,0.0014956
"cold start","prep_cov.H","value",20,0.00035362,-0.00040795,0.0011273,-0.00021821,-0.0004248,-2.2272e-05,0.00035362,0,0.0011273
"cold start","prep_cov.H","value",30,0.00016593,-0.00033912,0.0006704,-0.00015907,-0.00024124,-6.596e-05,0.00016593,0,0.0006704
"cold start","prep_cov.H","window_mean",0,0.018519,0.012576,0.024951,0.012019,0.0084716,0.015305,0.018519,0.012576,0.024951
"cold start","prep_cov.H","window_mean",10,0.0034573,-0.00022173,0.0067599,-0.00054815,-0.0008884,-0.00018709,0.0034573,0,0.0067599
"cold start","prep_cov.H","window_mean",20,0.0013743,-0.00084223,0.0035089,-0.00055546,-0.00090731,-0.00017495,0.0013743,0,0.0035089
"cold start","prev.W","value",5,0.84812,0.83903,0.85518,0.81741,0.80857,0.82561,0.84812,0.83903,0.85518
"cold start","prev.W","value",10,0.68215,0.66479,0.69714,0.61175,0.59413,0.62844,0.68215,0.66479,0.69714
"cold start","prev.W","value",20,0.40823,0.3849,0.43213,0.28158,0.25922,0.30389,0.40823,0.3849,0.43213
"cold start","prev.W","value",30,0.21438,0.19142,0.23804,0.1001,0.078747,0.11617,0.21438,0.19142,0.23804
"cold start","prev.W","window_mean",0,0.75582,0.74407,0.76753,0.68378,0.66878,0.69729,0.75582,0.74407,0.76753
"cold start","prev.W","window_mean",10,0.45433,0.4328,0.47509,0.32141,0.30008,0.34328,0.45433,0.4328,0.47509
"cold start","prev.W","window_mean",20,0.24115,0.21897,0.26369,0.11869,0.098343,0.13776,0.24115,0.21897,0.26369
"cold start","incid_rate.W","value",5,0.045635,0.03921,0.052116,0.0070149,0.0043983,0.010027,0.045635,0.03921,0.052116
"cold start","incid_rate.W","value",10,0.029527,0.024239,0.034733,0.0040902,0.0022601,0.0060621,0.029527,0.024239,0.034733
"cold start","incid_rate.W","value",20,0.012619,0.0088798,0.016192,0.00062056,-0.00029318,0.0015873,0.012619,0.0088798,0.016192
"cold start","incid_rate.W","value",30,0.0027307,0.00094109,0.0045449,-0.00024926,-0.0006512,0.00011421,0.0027307,0.00094109,0.0045449
"cold start","incid_rate.W","window_mean",0,0.27978,0.2561,0.30176,0.03818,0.031857,0.044458,0.27978,0.2561,0.30176
"cold start","incid_rate.W","window_mean",10,0.12703,0.10823,0.14619,0.011445,0.0074764,0.014818,0.12703,0.10823,0.14619
"cold start","incid_rate.W","window_mean",20,0.051106,0.039016,0.063364,0.0030624,0.00076461,0.0051812,0.051106,0.039016,0.063364
"cold start","dx_frac.W","value",5,0.14649,0.1351,0.15781,0.077995,0.069969,0.087607,0.14649,0.1351,0.15781
"cold start","dx_frac.W","value",10,0.078154,0.068801,0.088307,0.0079786,0.0050332,0.011265,0.078154,0.068801,0.088307
"cold start","dx_frac.W","value",20,0.036409,0.028781,0.043161,-0.00030164,-0.00046348,-0.00014954,0.036409,0.028781,0.043161
"cold start","dx_frac.W","value",30,0.019912,0.014887,0.024963,0.0001413,-0.00040237,0.00070012,0.019912,0.014887,0.024963
"cold start","dx_frac.W","window_mean",0,0.2464,0.22803,0.2658,0.096575,0.088055,0.10617,0.2464,0.22803,0.2658
"cold start","dx_frac.W","window_mean",10,0.10846,0.0908,0.12714,-0.0007593,-0.0012716,-0.00026057,0.10846,0.0908,0.12714
"cold start","dx_frac.W","window_mean",20,0.055706,0.042558,0.067737,0.0004524,-0.00071161,0.0015301,0.055706,0.042558,0.067737
"cold start","supp_frac.W","value",5,0.067272,0.059032,0.074795,0.053948,0.047458,0.060753,0.067272,0.059032,0.074795
"cold start","supp_frac.W","value",10,0.0039083,0.001351,0.0065677,0.0021442,0.00066873,0.0036906,0.0039083,0.001351,0.0065677
"cold start","supp_frac.W","value",20,0.00025276,-0.00066962,0.0011946,-0.00016117,-0.00027911,-3.6755e-05,0.00025276,0,0.0011946
"cold start","supp_frac.W","value",30,-0.00028842,-0.0011504,0.00051857,-0.00019603,-0.00040752,8.7759e-06,0,0,8.7759e-06
"cold start","supp_frac.W","window_mean",0,0.096951,0.086995,0.10609,0.080358,0.071834,0.088655,0.096951,0.086995,0.10609
"cold start","supp_frac.W","window_mean",10,0.0017439,-0.0012527,0.0046182,-3.0772e-05,-0.00090743,0.00093371,0.0017439,0,0.0046182
"cold start","supp_frac.W","window_mean",20,8.1193e-07,-0.0024995,0.0026911,-0.00029316,-0.00056352,-6.4624e-05,8.1193e-07,0,0.0026911
"cold start","prep_cov.W","value",5,0.0027639,0.0012662,0.0042763,-0.00016175,-0.00026042,-6.5747e-05,0.0027639,0.0012662,0.0042763
"cold start","prep_cov.W","value",10,0.0023366,0.0010772,0.0038135,-0.00015635,-0.00027366,-4.6423e-05,0.0023366,0.0010772,0.0038135
"cold start","prep_cov.W","value",20,0.0015787,0.00014257,0.0029871,-0.00010078,-0.00028745,6.6793e-05,0.0015787,0.00014257,0.0029871
"cold start","prep_cov.W","value",30,0.00099972,0.00025509,0.0017892,-0.00010706,-0.00020375,-1.9042e-05,0.00099972,0.00025509,0.0017892
"cold start","prep_cov.W","window_mean",0,0.029208,0.019227,0.038335,0.0081943,0.0057392,0.010376,0.029208,0.019227,0.038335
"cold start","prep_cov.W","window_mean",10,0.012556,0.0058978,0.019171,-0.00035547,-0.00073193,9.3489e-06,0.012556,0.0058978,0.019171
"cold start","prep_cov.W","window_mean",20,0.0070171,0.0027912,0.01101,-0.00040999,-0.00081422,-3.3586e-05,0.0070171,0.0027912,0.01101
"cold start","gono_prev","value",5,0.36366,0.34667,0.37884,0.3221,0.30601,0.33751,0.36366,0.34667,0.37884
"cold start","gono_prev","value",10,0.15474,0.13965,0.16848,0.11071,0.098148,0.122,0.15474,0.13965,0.16848
"cold start","gono_prev","value",20,0.048735,0.038113,0.057915,0.018647,0.012689,0.024796,0.048735,0.038113,0.057915
"cold start","gono_prev","value",30,0.011305,0.0054608,0.017072,0.0028079,0.00018225,0.0049979,0.011305,0.0054608,0.017072
"cold start","gono_prev","window_mean",0,0.34594,0.32635,0.36572,0.28154,0.26505,0.29697,0.34594,0.32635,0.36572
"cold start","gono_prev","window_mean",10,0.091638,0.076668,0.10803,0.040056,0.030301,0.050002,0.091638,0.076668,0.10803
"cold start","gono_prev","window_mean",20,0.028458,0.017917,0.038646,0.0071137,0.0027753,0.011357,0.028458,0.017917,0.038646
"cold start","gono_ir","value",5,0.3449,0.32796,0.36017,0.31456,0.29867,0.32878,0.3449,0.32796,0.36017
"cold start","gono_ir","value",10,0.14812,0.13172,0.16163,0.1082,0.096183,0.11968,0.14812,0.13172,0.16163
"cold start","gono_ir","value",20,0.047558,0.037559,0.057448,0.018192,0.012122,0.024267,0.047558,0.037559,0.057448
"cold start","gono_ir","value",30,0.010773,0.005228,0.016475,0.0025767,0.00023815,0.0049932,0.010773,0.005228,0.016475
"cold start","gono_ir","window_mean",0,0.33458,0.31527,0.35255,0.27853,0.26178,0.29571,0.33458,0.31527,0.35255
"cold start","gono_ir","window_mean",10,0.089603,0.074805,0.1049,0.039508,0.029673,0.048678,0.089603,0.074805,0.1049
"cold start","gono_ir","window_mean",20,0.027676,0.017535,0.037322,0.0067421,0.0024465,0.011091,0.027676,0.017535,0.037322
"cold start","chla_prev","value",5,0.38556,0.36782,0.40365,0.33546,0.3196,0.35263,0.38556,0.36782,0.40365
"cold start","chla_prev","value",10,0.16915,0.15335,0.18429,0.11808,0.10578,0.13094,0.16915,0.15335,0.18429
"cold start","chla_prev","value",20,0.059146,0.04825,0.070663,0.029914,0.022268,0.036729,0.059146,0.04825,0.070663
"cold start","chla_prev","value",30,0.018886,0.011954,0.024604,0.0065181,0.0026982,0.010071,0.018886,0.011954,0.024604
"cold start","chla_prev","window_mean",0,0.37186,0.35209,0.3916,0.30314,0.28668,0.31755,0.37186,0.35209,0.3916
"cold start","chla_prev","window_mean",10,0.10962,0.094234,0.12305,0.057443,0.045493,0.067658,0.10962,0.094234,0.12305
"cold start","chla_prev","window_mean",20,0.037138,0.026039,0.04716,0.013263,0.0070256,0.019098,0.037138,0.026039,0.04716
"cold start","chla_ir","value",5,0.3524,0.33529,0.37021,0.31984,0.30546,0.3362,0.3524,0.33529,0.37021
"cold start","chla_ir","value",10,0.15655,0.14089,0.17223,0.11214,0.098557,0.12537,0.15655,0.14089,0.17223
"cold start","chla_ir","value",20,0.055029,0.044203,0.065574,0.028074,0.021215,0.034612,0.055029,0.044203,0.065574
"cold start","chla_ir","value",30,0.017877,0.011905,0.024539,0.0055709,0.0021216,0.0088373,0.017877,0.011905,0.024539
"cold start","chla_ir","window_mean",0,0.35132,0.33154,0.3695,0.29497,0.27865,0.30986,0.35132,0.33154,0.3695
"cold start","chla_ir","window_mean",10,0.10383,0.088682,0.11823,0.054355,0.043512,0.064246,0.10383,0.088682,0.11823
"cold start","chla_ir","window_mean",20,0.034648,0.024337,0.043905,0.011478,0.0055592,0.016864,0.034648,0.024337,0.043905
"cold start","syph_prev","value",5,0.35019,0.33644,0.36303,0.25814,0.24638,0.27051,0.35019,0.33644,0.36303
"cold start","syph_prev","value",10,0.082871,0.07016,0.094058,0.048646,0.04045,0.056317,0.082871,0.07016,0.094058
"cold start","syph_prev","value",20,0.022497,0.015725,0.028926,0.0043891,0.001873,0.0069133,0.022497,0.015725,0.028926
"cold start","syph_prev","value",30,0.0038562,0.00028731,0.0073908,-0.00022263,-0.00039884,-5.7236e-05,0.0038562,0.00028731,0.0073908
"cold start","syph_prev","window_mean",0,0.28567,0.2699,0.30067,0.20733,0.19464,0.21895,0.28567,0.2699,0.30067
"cold start","syph_prev","window_mean",10,0.045523,0.034709,0.057584,0.011481,0.0067543,0.015631,0.045523,0.034709,0.057584
"cold start","syph_prev","window_mean",20,0.012981,0.0053288,0.020004,0.00032655,-0.0006229,0.0012805,0.012981,0.0053288,0.020004
"cold start","syph_ir","value",5,0.19037,0.17747,0.20254,0.16472,0.15314,0.17672,0.19037,0.17747,0.20254
"cold start","syph_ir","value",10,0.049776,0.040743,0.057677,0.030338,0.023416,0.036122,0.049776,0.040743,0.057677
"cold start","syph_ir","value",20,0.016433,0.011127,0.021884,0.0034214,0.0013838,0.0057394,0.016433,0.011127,0.021884
"cold start","syph_ir","value",30,0.003095,-1.0077e-05,0.0062564,-0.00045877,-0.00072198,-0.00020939,0.003095,0,0.0062564
"cold start","syph_ir","window_mean",0,0.21519,0.19703,0.2295,0.16971,0.15801,0.18042,0.21519,0.19703,0.2295
"cold start","syph_ir","window_mean",10,0.038182,0.027177,0.048872,0.0088145,0.0046529,0.012989,0.038182,0.027177,0.048872
"cold start","syph_ir","window_mean",20,0.010426,0.0040883,0.018286,-0.00055199,-0.0017832,0.00045885,0.010426,0.0040883,0.018286
"cold start","num","value",5,0.80937,0.8003,0.81767,0.80572,0.79639,0.81497,0.80937,0.8003,0.81767
"cold start","num","value",10,0.63153,0.61484,0.64627,0.6223,0.60772,0.6352,0.63153,0.61484,0.64627
"cold start","num","value",20,0.35208,0.3294,0.37304,0.33146,0.30659,0.35215,0.35208,0.3294,0.37304
"cold start","num","value",30,0.16621,0.14646,0.18478,0.14006,0.11783,0.16219,0.16621,0.14646,0.18478
"cold start","num","window_mean",0,0.71485,0.70198,0.72688,0.70443,0.69039,0.71701,0.71485,0.70198,0.72688
"cold start","num","window_mean",10,0.39749,0.37583,0.41771,0.37456,0.35126,0.40002,0.39749,0.37583,0.41771
"cold start","num","window_mean",20,0.18387,0.16276,0.20464,0.15629,0.13137,0.17989,0.18387,0.16276,0.20464
"cold start","i.prev.dx.B","value",5,0.90387,0.89864,0.90929,0.83707,0.82938,0.84389,0.90387,0.89864,0.90929
"cold start","i.prev.dx.B","value",10,0.76088,0.74921,0.77307,0.62757,0.61137,0.64359,0.76088,0.74921,0.77307
"cold start","i.prev.dx.B","value",20,0.45799,0.43365,0.47971,0.27247,0.24913,0.29249,0.45799,0.43365,0.47971
"cold start","i.prev.dx.B","value",30,0.23994,0.21605,0.26377,0.081778,0.062404,0.10106,0.23994,0.21605,0.26377
"cold start","i.prev.dx.B","window_mean",0,0.80963,0.79921,0.81869,0.68579,0.67155,0.70019,0.80963,0.79921,0.81869
"cold start","i.prev.dx.B","window_mean",10,0.50226,0.47754,0.5244,0.30568,0.27971,0.33008,0.50226,0.47754,0.5244
"cold start","i.prev.dx.B","window_mean",20,0.26527,0.24033,0.2907,0.097159,0.075737,0.11716,0.26527,0.24033,0.2907
"cold start","i.prev.dx.H","value",5,0.7345,0.72262,0.74506,0.6584,0.64432,0.66899,0.7345,0.72262,0.74506
"cold start","i.prev.dx.H","value",10,0.4962,0.47663,0.51307,0.38287,0.36423,0.40093,0.4962,0.47663,0.51307
"cold start","i.prev.dx.H","value",20,0.20401,0.18202,0.22442,0.09719,0.082467,0.11069,0.20401,0.18202,0.22442
"cold start","i.prev.dx.H","value",30,0.076598,0.060575,0.091408,0.011581,0.0046904,0.01841,0.076598,0.060575,0.091408
"cold start","i.prev.dx.H","window_mean",0,0.62001,0.60366,0.63402,0.50531,0.4895,0.52153,0.62001,0.60366,0.63402
"cold start","i.prev.dx.H","window_mean",10,0.26326,0.24033,0.28404,0.13289,0.11292,0.14994,0.26326,0.24033,0.28404
"cold start","i.prev.dx.H","window_mean",20,0.10126,0.080329,0.12059,0.019911,0.010178,0.029427,0.10126,0.080329,0.12059
"cold start","i.prev.dx.W","value",5,0.87434,0.86732,0.88049,0.80875,0.8001,0.81776,0.87434,0.86732,0.88049
"cold start","i.prev.dx.W","value",10,0.71582,0.70257,0.72896,0.59492,0.57849,0.6117,0.71582,0.70257,0.72896
"cold start","i.prev.dx.W","value",20,0.43005,0.40721,0.45321,0.2641,0.24066,0.28548,0.43005,0.40721,0.45321
"cold start","i.prev.dx.W","value",30,0.2291,0.20379,0.24868,0.091543,0.071722,0.11322,0.2291,0.20379,0.24868
"cold start","i.prev.dx.W","window_mean",0,0.78617,0.7754,0.79703,0.67095,0.65624,0.68587,0.78617,0.7754,0.79703
"cold start","i.prev.dx.W","window_mean",10,0.48357,0.45942,0.50511,0.30549,0.28014,0.32716,0.48357,0.45942,0.50511
"cold start","i.prev.dx.W","window_mean",20,0.25895,0.2365,0.28318,0.1092,0.090399,0.13003,0.25895,0.2365,0.28318
"cold start","hiv.incid","cml10",5,0.14663,0.13025,0.16222,0.020003,0.015808,0.02402,0.14663,0.13025,0.16222
"cold start","hiv.incid.B","cml10",5,0.14407,0.13121,0.15666,0.0084976,0.0058155,0.011071,0.14407,0.13121,0.15666
"cold start","hiv.incid.H","cml10",5,0.07808,0.066443,0.089082,-2.9054e-05,-0.00068383,0.00060023,0.07808,0.066443,0.089082
"cold start","hiv.incid.W","cml10",5,0.15326,0.13634,0.16993,0.014654,0.010466,0.018891,0.15326,0.13634,0.16993
"x0 restart","prev","value",5,0.90308,0.89745,0.90844,0.87784,0.87093,0.88458,0.90308,0.89745,0.90844
"x0 restart","prev","value",10,0.76854,0.75521,0.78045,0.71015,0.69417,0.72448,0.76854,0.75521,0.78045
"x0 restart","prev","value",20,0.48363,0.45935,0.5067,0.38606,0.35866,0.41256,0.48363,0.45935,0.5067
"x0 restart","prev","value",30,0.26498,0.24072,0.28995,0.17434,0.14868,0.20264,0.26498,0.24072,0.28995
"x0 restart","prev","window_mean",0,0.81029,0.79928,0.82034,0.7542,0.73952,0.7682,0.81029,0.79928,0.82034
"x0 restart","prev","window_mean",10,0.5185,0.49331,0.54055,0.41897,0.39171,0.44499,0.5185,0.49331,0.54055
"x0 restart","prev","window_mean",20,0.28717,0.26153,0.31166,0.19444,0.16296,0.22271,0.28717,0.26153,0.31166
"x0 restart","incid_rate","value",5,0.081396,0.070585,0.091061,0.020987,0.016134,0.025927,0.081396,0.070585,0.091061
"x0 restart","incid_rate","value",10,0.051886,0.043103,0.060379,0.015089,0.010506,0.019502,0.051886,0.043103,0.060379
"x0 restart","incid_rate","value",20,0.022274,0.015917,0.028061,0.0060971,0.0035162,0.0087479,0.022274,0.015917,0.028061
"x0 restart","incid_rate","value",30,0.0091981,0.0050932,0.013269,0.00084299,-0.00045983,0.0019369,0.0091981,0.0050932,0.013269
"x0 restart","incid_rate","window_mean",0,0.31784,0.29613,0.34378,0.084065,0.07352,0.093608,0.31784,0.29613,0.34378
"x0 restart","incid_rate","window_mean",10,0.14225,0.12091,0.16157,0.032496,0.025443,0.039208,0.14225,0.12091,0.16157
"x0 restart","incid_rate","window_mean",20,0.062789,0.047911,0.076054,0.010539,0.0062889,0.01514,0.062789,0.047911,0.076054
"x0 restart","dx_frac","value",5,0.22121,0.20916,0.23424,0.1384,0.12876,0.14859,0.22121,0.20916,0.23424
"x0 restart","dx_frac","value",10,0.12296,0.11162,0.13409,0.017827,0.013146,0.022298,0.12296,0.11162,0.13409
"x0 restart","dx_frac","value",20,0.085372,0.075657,0.09447,-0.00021837,-0.000372,-7.0393e-05,0.085372,0.075657,0.09447
"x0 restart","dx_frac","value",30,0.050183,0.042722,0.0577,0.0011148,-0.00013682,0.0021968,0.050183,0.042722,0.0577
"x0 restart","dx_frac","window_mean",0,0.33571,0.31533,0.35279,0.13287,0.1236,0.14236,0.33571,0.31533,0.35279
"x0 restart","dx_frac","window_mean",10,0.20705,0.1876,0.22575,0.00058396,-0.00055418,0.0016777,0.20705,0.1876,0.22575
"x0 restart","dx_frac","window_mean",20,0.12361,0.10759,0.13858,0.001391,-0.0002043,0.0030211,0.12361,0.10759,0.13858
"x0 restart","supp_frac","value",5,0.073171,0.064228,0.082958,0.048999,0.042194,0.055779,0.073171,0.064228,0.082958
"x0 restart","supp_frac","value",10,0.016174,0.01136,0.020666,0.0011726,-4.2397e-05,0.0022909,0.016174,0.01136,0.020666
"x0 restart","supp_frac","value",20,0.005773,0.0031029,0.0085766,-0.00047008,-0.00096593,5.4454e-05,0.005773,0.0031029,0.0085766
"x0 restart","supp_frac","value",30,0.0032908,0.001432,0.0053431,-0.00015593,-0.00031334,4.8649e-06,0.0032908,0.001432,0.0053431
"x0 restart","supp_frac","window_mean",0,0.11955,0.10525,0.13299,0.074154,0.066992,0.081413,0.11955,0.10525,0.13299
"x0 restart","supp_frac","window_mean",10,0.023101,0.014166,0.032717,-0.00029576,-0.0010179,0.00042402,0.023101,0.014166,0.032717
"x0 restart","supp_frac","window_mean",20,0.010483,0.0051686,0.016102,-0.00068486,-0.0012122,-0.0001553,0.010483,0.0051686,0.016102
"x0 restart","prep_cov","value",5,0.017841,0.014153,0.021978,0.00057606,-0.00011066,0.0013159,0.017841,0.014153,0.021978
"x0 restart","prep_cov","value",10,0.011483,0.0082839,0.014362,0.0001365,-0.0003987,0.00068092,0.011483,0.0082839,0.014362
"x0 restart","prep_cov","value",20,0.004681,0.0024794,0.0066068,-1.7749e-05,-0.00023555,0.000204,0.004681,0.0024794,0.0066068
"x0 restart","prep_cov","value",30,0.00047644,-0.00056258,0.0014956,-0.00016249,-0.00027368,-4.387e-05,0.00047644,0,0.0014956
"x0 restart","prep_cov","window_mean",0,0.1345,0.11837,0.15232,0.016149,0.012374,0.019745,0.1345,0.11837,0.15232
"x0 restart","prep_cov","window_mean",10,0.057989,0.045647,0.069982,0.0003046,-0.00069143,0.0013143,0.057989,0.045647,0.069982
"x0 restart","prep_cov","window_mean",20,0.018188,0.008972,0.026313,-0.00055879,-0.0011138,-8.6548e-06,0.018188,0.008972,0.026313
"x0 restart","prev.B","value",5,0.87383,0.86684,0.87984,0.84537,0.83689,0.85316,0.87383,0.86684,0.87984
"x0 restart","prev.B","value",10,0.71792,0.70221,0.73209,0.65176,0.63306,0.66723,0.71792,0.70221,0.73209
"x0 restart","prev.B","value",20,0.4273,0.40159,0.45128,0.31216,0.28511,0.33898,0.4273,0.40159,0.45128
"x0 restart","prev.B","value",30,0.22541,0.20267,0.24991,0.11883,0.096756,0.14252,0.22541,0.20267,0.24991
"x0 restart","prev.B","window_mean",0,0.77475,0.76198,0.7853,0.70862,0.6925,0.72383,0.77475,0.76198,0.7853
"x0 restart","prev.B","window_mean",10,0.46788,0.44633,0.49234,0.3483,0.32105,0.37601,0.46788,0.44633,0.49234
"x0 restart","prev.B","window_mean",20,0.24965,0.22476,0.27338,0.13774,0.11082,0.16305,0.24965,0.22476,0.27338
"x0 restart","incid_rate.B","value",5,0.065609,0.056512,0.075005,0.0149,0.010411,0.018986,0.065609,0.056512,0.075005
"x0 restart","incid_rate.B","value",10,0.042943,0.033515,0.050735,0.010854,0.0074016,0.014526,0.042943,0.033515,0.050735
"x0 restart","incid_rate.B","value",20,0.01742,0.012433,0.022395,0.0039767,0.0014073,0.0061363,0.01742,0.012433,0.022395
"x0 restart","incid_rate.B","value",30,0.0065215,0.0032938,0.0098003,0.00044984,-0.00066921,0.0015504,0.0065215,0.0032938,0.0098003
"x0 restart","incid_rate.B","window_mean",0,0.28697,0.26285,0.30884,0.068507,0.058709,0.077796,0.28697,0.26285,0.30884
"x0 restart","incid_rate.B","window_mean",10,0.12827,0.10853,0.1497,0.024502,0.018642,0.030543,0.12827,0.10853,0.1497
"x0 restart","incid_rate.B","window_mean",20,0.05529,0.039377,0.070108,0.007256,0.0032702,0.010927,0.05529,0.039377,0.070108
"x0 restart","dx_frac.B","value",5,0.22593,0.2124,0.23962,0.14669,0.13587,0.15678,0.22593,0.2124,0.23962
"x0 restart","dx_frac.B","value",10,0.12199,0.10835,0.13404,0.020225,0.015589,0.024821,0.12199,0.10835,0.13404
"x0 restart","dx_frac.B","value",20,0.07338,0.063098,0.084049,-0.00017757,-0.00077736,0.00037262,0.07338,0.063098,0.084049
"x0 restart","dx_frac.B","value",30,0.039427,0.032659,0.046289,-0.00043377,-0.0011183,0.00028297,0.039427,0.032659,0.046289
"x0 restart","dx_frac.B","window_mean",0,0.32871,0.30898,0.34714,0.14086,0.13075,0.15063,0.32871,0.30898,0.34714
"x0 restart","dx_frac.B","window_mean",10,0.17665,0.15864,0.19465,0.0016359,-0.00030032,0.0036324,0.17665,0.15864,0.19465
"x0 restart","dx_frac.B","window_mean",20,0.095377,0.079934,0.11018,-0.00067179,-0.0016926,0.00037093,0.095377,0.079934,0.11018
"x0 restart","supp_frac.B","value",5,0.056085,0.049,0.063036,0.044806,0.038786,0.050458,0.056085,0.049,0.063036
"x0 restart","supp_frac.B","value",10,0.0030154,0.00049808,0.00534,0.0006698,-0.00031301,0.0016701,0.0030154,0.00049808,0.00534
"x0 restart","supp_frac.B","value",20,-0.00015284,-0.00097919,0.00063748,0.00024923,-0.00039854,0.00092716,0.00024923,0,0.00092716
"x0 restart","supp_frac.B","value",30,-0.00055169,-0.00099286,-0.00013854,-0.00010916,-0.00020923,-1.6914e-05,0,0,0
"x0 restart","supp_frac.B","window_mean",0,0.091521,0.080612,0.10122,0.073302,0.066022,0.080268,0.091521,0.080612,0.10122
"x0 restart","supp_frac.B","window_mean",10,-0.0004818,-0.003067,0.0025336,-0.00038442,-0.001108,0.00031023,0,0,0.00031023
"x0 restart","supp_frac.B","window_mean",20,-0.00098706,-0.001924,-0.00013111,-0.0004349,-0.0007648,-8.1718e-05,0,0,0
"x0 restart","prep_cov.B","value",5,0.017306,0.013787,0.020813,0.00079798,-0.00016185,0.0018132,0.017306,0.013787,0.020813
"x0 restart","prep_cov.B","value",10,0.010879,0.0078659,0.013592,0.00078607,-8.6494e-05,0.0016753,0.010879,0.0078659,0.013592
"x0 restart","prep_cov.B","value",20,0.0051831,0.0030644,0.0074208,-0.00022868,-0.00036304,-7.7267e-05,0.0051831,0.0030644,0.0074208
"x0 restart","prep_cov.B","value",30,0.0013136,2.8516e-06,0.0025618,-0.00031885,-0.00050859,-0.00012313,0.0013136,2.8516e-06,0.0025618
"x0 restart","prep_cov.B","window_mean",0,0.10867,0.092326,0.12731,0.016749,0.012647,0.02061,0.10867,0.092326,0.12731
"x0 restart","prep_cov.B","window_mean",10,0.044712,0.03235,0.059385,0.0010698,-0.0002419,0.0023968,0.044712,0.03235,0.059385
"x0 restart","prep_cov.B","window_mean",20,0.021126,0.011858,0.02951,6.6272e-05,-0.00072732,0.00089978,0.021126,0.011858,0.02951
"x0 restart","prev.H","value",5,0.708,0.69638,0.7174,0.68552,0.67374,0.69657,0.708,0.69638,0.7174
"x0 restart","prev.H","value",10,0.47397,0.45601,0.49039,0.42701,0.4103,0.44427,0.47397,0.45601,0.49039
"x0 restart","prev.H","value",20,0.19583,0.17554,0.21257,0.1227,0.10811,0.13648,0.19583,0.17554,0.21257
"x0 restart","prev.H","value",30,0.084604,0.069177,0.099466,0.024027,0.01553,0.032966,0.084604,0.069177,0.099466
"x0 restart","prev.H","window_mean",0,0.59426,0.57966,0.60692,0.54103,0.52653,0.55524,0.59426,0.57966,0.60692
"x0 restart","prev.H","window_mean",10,0.25213,0.23234,0.27443,0.16512,0.14843,0.18369,0.25213,0.23234,0.27443
"x0 restart","prev.H","window_mean",20,0.1101,0.091944,0.12762,0.03594,0.026316,0.048185,0.1101,0.091944,0.12762
"x0 restart","incid_rate.H","value",5,0.0095366,0.0067491,0.012551,-0.00018173,-0.00056282,0.00022055,0.0095366,0.0067491,0.012551
"x0 restart","incid_rate.H","value",10,0.0062519,0.004003,0.0084408,-0.00015007,-0.00041019,0.00013945,0.0062519,0.004003,0.0084408
"x0 restart","incid_rate.H","value",20,0.0028252,0.0013402,0.0044848,-0.00023826,-0.00043109,-6.7829e-05,0.0028252,0.0013402,0.0044848
"x0 restart","incid_rate.H","value",30,0.0016294,0.00056319,0.0027174,-0.00025123,-0.000398,-0.00011232,0.0016294,0.00056319,0.0027174
"x0 restart","incid_rate.H","window_mean",0,0.10237,0.087073,0.11861,0.0034136,0.0014812,0.0054617,0.10237,0.087073,0.11861
"x0 restart","incid_rate.H","window_mean",10,0.045531,0.035138,0.058132,0.0012304,-9.0777e-05,0.0026434,0.045531,0.035138,0.058132
"x0 restart","incid_rate.H","window_mean",20,0.022819,0.014305,0.032074,-0.00071676,-0.0012708,-0.0001011,0.022819,0.014305,0.032074
"x0 restart","dx_frac.H","value",5,0.16407,0.15186,0.17486,0.10642,0.096665,0.11519,0.16407,0.15186,0.17486
"x0 restart","dx_frac.H","value",10,0.069581,0.061212,0.078352,0.009582,0.0065209,0.012717,0.069581,0.061212,0.078352
"x0 restart","dx_frac.H","value",20,0.021776,0.015921,0.027224,-0.00032974,-0.0008927,0.00021965,0.021776,0.015921,0.027224
"x0 restart","dx_frac.H","value",30,0.0044174,0.001962,0.0070623,-0.00031954,-0.00073978,9.4561e-05,0.0044174,0.001962,0.0070623
"x0 restart","dx_frac.H","window_mean",0,0.21991,0.20373,0.23411,0.10468,0.095679,0.11371,0.21991,0.20373,0.23411
"x0 restart","dx_frac.H","window_mean",10,0.058208,0.046607,0.069594,-0.00064246,-0.0010891,-0.0002218,0.058208,0.046607,0.069594
"x0 restart","dx_frac.H","window_mean",20,0.016148,0.0086886,0.024441,-0.00055368,-0.0011731,0.00012832,0.016148,0.0086886,0.024441
"x0 restart","supp_frac.H","value",5,0.058387,0.050238,0.066708,0.047622,0.040969,0.054221,0.058387,0.050238,0.066708
"x0 restart","supp_frac.H","value",10,0.0013986,-0.00042633,0.0030433,0.0016102,0.00017,0.0030697,0.0016102,0.00017,0.0030697
"x0 restart","supp_frac.H","value",20,-0.00033031,-0.00068187,2.257e-06,-0.0012238,-0.0017371,-0.00069609,0,0,2.257e-06
"x0 restart","supp_frac.H","value",30,-0.00044985,-0.00097165,3.6445e-05,-0.00066951,-0.00097489,-0.00038769,0,0,3.6445e-05
"x0 restart","supp_frac.H","window_mean",0,0.08293,0.073599,0.092585,0.068996,0.061857,0.076865,0.08293,0.073599,0.092585
"x0 restart","supp_frac.H","window_mean",10,-0.0011213,-0.0031162,0.00071049,-0.0020041,-0.0027858,-0.0012131,0,0,0.00071049
"x0 restart","supp_frac.H","window_mean",20,-0.0013915,-0.0027918,-3.9122e-05,-0.001919,-0.0026535,-0.0011083,0,0,0
"x0 restart","prep_cov.H","value",5,0.001297,0.00040251,0.0021553,-0.00019046,-0.00039468,8.3952e-06,0.001297,0.00040251,0.0021553
"x0 restart","prep_cov.H","value",10,0.0007209,-1.9022e-05,0.0015679,-0.00023832,-0.00036905,-0.00010728,0.0007209,0,0.0015679
"x0 restart","prep_cov.H","value",20,0.00055027,-0.00017727,0.0011719,-0.00022423,-0.00036235,-0.00010528,0.00055027,0,0.0011719
"x0 restart","prep_cov.H","value",30,-0.00023725,-0.00087787,0.00038577,-0.00025721,-0.00043725,-5.9641e-05,0,0,0.00038577
"x0 restart","prep_cov.H","window_mean",0,0.019414,0.012071,0.026734,0.01202,0.008553,0.014985,0.019414,0.012071,0.026734
"x0 restart","prep_cov.H","window_mean",10,0.0036565,2.8093e-05,0.0073527,-0.00045771,-0.00084367,-8.8343e-05,0.0036565,2.8093e-05,0.0073527
"x0 restart","prep_cov.H","window_mean",20,0.00041529,-0.0017159,0.0028085,-0.00057463,-0.00094964,-0.0001497,0.00041529,0,0.0028085
"x0 restart","prev.W","value",5,0.85637,0.8479,0.86385,0.83095,0.82107,0.84035,0.85637,0.8479,0.86385
"x0 restart","prev.W","value",10,0.70102,0.68554,0.71512,0.64248,0.62386,0.6601,0.70102,0.68554,0.71512
"x0 restart","prev.W","value",20,0.42531,0.39948,0.44734,0.32769,0.30328,0.35424,0.42531,0.39948,0.44734
"x0 restart","prev.W","value",30,0.23204,0.20419,0.25705,0.14317,0.11739,0.16869,0.23204,0.20419,0.25705
"x0 restart","prev.W","window_mean",0,0.76781,0.75335,0.77957,0.71029,0.69485,0.72555,0.76781,0.75335,0.77957
"x0 restart","prev.W","window_mean",10,0.47275,0.44602,0.49771,0.3705,0.34539,0.39655,0.47275,0.44602,0.49771
"x0 restart","prev.W","window_mean",20,0.26028,0.23492,0.28896,0.16617,0.14129,0.1921,0.26028,0.23492,0.28896
"x0 restart","incid_rate.W","value",5,0.048821,0.040929,0.056496,0.0082337,0.0050588,0.011006,0.048821,0.040929,0.056496
"x0 restart","incid_rate.W","value",10,0.030818,0.025239,0.036502,0.003387,0.0015089,0.0054355,0.030818,0.025239,0.036502
"x0 restart","incid_rate.W","value",20,0.014044,0.0096738,0.018984,0.0021802,0.00063795,0.0038314,0.014044,0.0096738,0.018984
"x0 restart","incid_rate.W","value",30,0.0071352,0.0040466,0.010218,0.0013589,0.00017125,0.0026483,0.0071352,0.0040466,0.010218
"x0 restart","incid_rate.W","window_mean",0,0.29156,0.26721,0.31759,0.043764,0.036857,0.049639,0.29156,0.26721,0.31759
"x0 restart","incid_rate.W","window_mean",10,0.13972,0.11822,0.16013,0.021264,0.016125,0.025989,0.13972,0.11822,0.16013
"x0 restart","incid_rate.W","window_mean",20,0.069026,0.05351,0.0839,0.0080896,0.0047818,0.011426,0.069026,0.05351,0.0839
"x0 restart","dx_frac.W","value",5,0.13731,0.12423,0.14829,0.078337,0.070398,0.086964,0.13731,0.12423,0.14829
"x0 restart","dx_frac.W","value",10,0.066389,0.057076,0.075561,0.0052337,0.0028679,0.0073863,0.066389,0.057076,0.075561
"x0 restart","dx_frac.W","value",20,0.03152,0.025137,0.038591,-0.00055299,-0.00080263,-0.00030495,0.03152,0.025137,0.038591
"x0 restart","dx_frac.W","value",30,0.018172,0.01333,0.022793,-0.00059139,-0.0009796,-0.00023068,0.018172,0.01333,0.022793
"x0 restart","dx_frac.W","window_mean",0,0.22895,0.21081,0.24469,0.090216,0.081316,0.098408,0.22895,0.21081,0.24469
"x0 restart","dx_frac.W","window_mean",10,0.10076,0.08401,0.11762,-0.00089609,-0.0014198,-0.00040269,0.10076,0.08401,0.11762
"x0 restart","dx_frac.W","window_mean",20,0.053162,0.039812,0.066524,-0.00079202,-0.0015311,-6.1367e-05,0.053162,0.039812,0.066524
"x0 restart","supp_frac.W","value",5,0.071547,0.062765,0.07993,0.060908,0.05267,0.067853,0.071547,0.062765,0.07993
"x0 restart","supp_frac.W","value",10,0.0029293,0.00088488,0.0052856,0.00083286,-7.0969e-05,0.0017143,0.0029293,0.00088488,0.0052856
"x0 restart","supp_frac.W","value",20,0.00014387,-0.00063177,0.00084628,-7.4967e-05,-0.00016035,9.932e-06,0.00014387,0,0.00084628
"x0 restart","supp_frac.W","value",30,0.00073485,-0.00030131,0.0018121,-0.00010729,-0.00021096,-1.6e-05,0.00073485,0,0.0018121
"x0 restart","supp_frac.W","window_mean",0,0.086022,0.076705,0.095218,0.07148,0.064142,0.078663,0.086022,0.076705,0.095218
"x0 restart","supp_frac.W","window_mean",10,0.0023871,-0.00064305,0.0054241,-0.00025223,-0.00049644,-2.6953e-05,0.0023871,0,0.0054241
"x0 restart","supp_frac.W","window_mean",20,0.0019778,-0.00085763,0.0048298,-0.00027042,-0.00048635,-1.2904e-05,0.0019778,0,0.0048298
"x0 restart","prep_cov.W","value",5,0.0012514,-1.0974e-05,0.002495,-0.00023639,-0.00053156,9.8065e-05,0.0012514,0,0.002495
"x0 restart","prep_cov.W","value",10,0.00089033,-6.0233e-05,0.0017721,-0.00036562,-0.00063042,-0.00011133,0.00089033,0,0.0017721
"x0 restart","prep_cov.W","value",20,0.00060826,-0.00024838,0.0014023,-0.00022996,-0.00047534,-1.1659e-05,0.00060826,0,0.0014023
"x0 restart","prep_cov.W","value",30,9.3044e-05,-0.00056343,0.00077545,-0.0003539,-0.00054056,-0.00015414,9.3044e-05,0,0.00077545
"x0 restart","prep_cov.W","window_mean",0,0.031681,0.022015,0.040728,0.011395,0.0078241,0.014833,0.031681,0.022015,0.040728
"x0 restart","prep_cov.W","window_mean",10,0.012713,0.0071571,0.01908,-0.0010025,-0.0015581,-0.00044739,0.012713,0.0071571,0.01908
"x0 restart","prep_cov.W","window_mean",20,0.0070765,0.0026152,0.011796,-0.00092212,-0.001491,-0.00037081,0.0070765,0.0026152,0.011796
"x0 restart","gono_prev","value",5,0.41046,0.39451,0.42541,0.36531,0.34943,0.3807,0.41046,0.39451,0.42541
"x0 restart","gono_prev","value",10,0.18152,0.16355,0.19958,0.13606,0.12266,0.14987,0.18152,0.16355,0.19958
"x0 restart","gono_prev","value",20,0.058771,0.046019,0.070365,0.028391,0.020625,0.035862,0.058771,0.046019,0.070365
"x0 restart","gono_prev","value",30,0.024947,0.01648,0.032186,0.0054408,0.0019223,0.0085991,0.024947,0.01648,0.032186
"x0 restart","gono_prev","window_mean",0,0.3755,0.35367,0.39492,0.31138,0.29543,0.32619,0.3755,0.35367,0.39492
"x0 restart","gono_prev","window_mean",10,0.10746,0.089969,0.12486,0.053098,0.042839,0.063943,0.10746,0.089969,0.12486
"x0 restart","gono_prev","window_mean",20,0.040459,0.028559,0.052351,0.01073,0.0055195,0.016684,0.040459,0.028559,0.052351
"x0 restart","gono_ir","value",5,0.39206,0.37535,0.40976,0.35983,0.34368,0.37458,0.39206,0.37535,0.40976
"x0 restart","gono_ir","value",10,0.1743,0.1577,0.19201,0.13453,0.12048,0.14849,0.1743,0.1577,0.19201
"x0 restart","gono_ir","value",20,0.056599,0.045473,0.068674,0.027665,0.021099,0.034985,0.056599,0.045473,0.068674
"x0 restart","gono_ir","value",30,0.024071,0.0169,0.0329,0.0049193,0.0013893,0.0082007,0.024071,0.0169,0.0329
"x0 restart","gono_ir","window_mean",0,0.36395,0.34553,0.38465,0.30938,0.29387,0.325,0.36395,0.34553,0.38465
"x0 restart","gono_ir","window_mean",10,0.10403,0.086834,0.11928,0.052555,0.040911,0.063536,0.10403,0.086834,0.11928
"x0 restart","gono_ir","window_mean",20,0.03928,0.027935,0.050838,0.0096434,0.0050002,0.014816,0.03928,0.027935,0.050838
"x0 restart","chla_prev","value",5,0.42689,0.41134,0.4421,0.37821,0.36178,0.39462,0.42689,0.41134,0.4421
"x0 restart","chla_prev","value",10,0.19343,0.17354,0.21105,0.14566,0.13128,0.15931,0.19343,0.17354,0.21105
"x0 restart","chla_prev","value",20,0.066542,0.05388,0.079764,0.032112,0.023625,0.040191,0.066542,0.05388,0.079764
"x0 restart","chla_prev","value",30,0.026397,0.01891,0.034022,0.0052561,0.0019546,0.0086976,0.026397,0.01891,0.034022
"x0 restart","chla_prev","window_mean",0,0.39012,0.37153,0.40757,0.32241,0.30466,0.3387,0.39012,0.37153,0.40757
"x0 restart","chla_prev","window_mean",10,0.11602,0.098734,0.13163,0.058989,0.045892,0.070309,0.11602,0.098734,0.13163
"x0 restart","chla_prev","window_mean",20,0.044011,0.032277,0.055146,0.011427,0.0058089,0.017074,0.044011,0.032277,0.055146
"x0 restart","chla_ir","value",5,0.39447,0.3789,0.41202,0.36372,0.34832,0.37855,0.39447,0.3789,0.41202
"x0 restart","chla_ir","value",10,0.17994,0.1628,0.19479,0.14066,0.12651,0.15563,0.17994,0.1628,0.19479
"x0 restart","chla_ir","value",20,0.061998,0.05077,0.073162,0.030615,0.022531,0.038334,0.061998,0.05077,0.073162
"x0 restart","chla_ir","value",30,0.023793,0.015996,0.031148,0.0052933,0.001845,0.0088214,0.023793,0.015996,0.031148
"x0 restart","chla_ir","window_mean",0,0.37006,0.34945,0.38878,0.31552,0.29784,0.33416,0.37006,0.34945,0.38878
"x0 restart","chla_ir","window_mean",10,0.10979,0.094259,0.12565,0.057367,0.046021,0.068957,0.10979,0.094259,0.12565
"x0 restart","chla_ir","window_mean",20,0.040821,0.029525,0.051886,0.011099,0.0050463,0.016515,0.040821,0.029525,0.051886
"x0 restart","syph_prev","value",5,0.44872,0.43206,0.46508,0.3586,0.33992,0.37507,0.44872,0.43206,0.46508
"x0 restart","syph_prev","value",10,0.1373,0.12142,0.15255,0.10054,0.085035,0.11325,0.1373,0.12142,0.15255
"x0 restart","syph_prev","value",20,0.030449,0.02297,0.038616,0.014326,0.0091234,0.019622,0.030449,0.02297,0.038616
"x0 restart","syph_prev","value",30,0.0096651,0.0044498,0.01507,0.0022519,-8.202e-05,0.0041632,0.0096651,0.0044498,0.01507
"x0 restart","syph_prev","window_mean",0,0.34227,0.32275,0.35848,0.27715,0.26056,0.29318,0.34227,0.32275,0.35848
"x0 restart","syph_prev","window_mean",10,0.061294,0.048033,0.073113,0.031502,0.022515,0.039906,0.061294,0.048033,0.073113
"x0 restart","syph_prev","window_mean",20,0.01783,0.0092211,0.026279,0.0047081,0.0011709,0.0079504,0.01783,0.0092211,0.026279
"x0 restart","syph_ir","value",5,0.2773,0.26108,0.2943,0.25436,0.23791,0.27127,0.2773,0.26108,0.2943
"x0 restart","syph_ir","value",10,0.089427,0.076637,0.10252,0.067582,0.055344,0.079391,0.089427,0.076637,0.10252
"x0 restart","syph_ir","value",20,0.021997,0.015339,0.029248,0.0095641,0.0055967,0.013536,0.021997,0.015339,0.029248
"x0 restart","syph_ir","value",30,0.0063698,0.0024534,0.010605,0.00070695,-0.00055831,0.0019274,0.0063698,0.0024534,0.010605
"x0 restart","syph_ir","window_mean",0,0.2677,0.24991,0.28572,0.23302,0.21673,0.25033,0.2677,0.24991,0.28572
"x0 restart","syph_ir","window_mean",10,0.050123,0.038361,0.06135,0.024441,0.016854,0.031296,0.050123,0.038361,0.06135
"x0 restart","syph_ir","window_mean",20,0.014285,0.0064539,0.022821,0.0033252,0.00036878,0.0060167,0.014285,0.0064539,0.022821
"x0 restart","num","value",5,0.81299,0.80321,0.82268,0.80948,0.79985,0.82005,0.81299,0.80321,0.82268
"x0 restart","num","value",10,0.63591,0.61974,0.65311,0.62774,0.60873,0.6457,0.63591,0.61974,0.65311
"x0 restart","num","value",20,0.36,0.33577,0.38195,0.34294,0.31914,0.36471,0.36,0.33577,0.38195
"x0 restart","num","value",30,0.17501,0.15533,0.19597,0.14936,0.12802,0.1712,0.17501,0.15533,0.19597
"x0 restart","num","window_mean",0,0.71859,0.70309,0.73205,0.70952,0.69494,0.72278,0.71859,0.70309,0.73205
"x0 restart","num","window_mean",10,0.40497,0.38468,0.42596,0.38461,0.36095,0.41055,0.40497,0.38468,0.42596
"x0 restart","num","window_mean",20,0.19484,0.17416,0.21394,0.16586,0.14368,0.18756,0.19484,0.17416,0.21394
"x0 restart","i.prev.dx.B","value",5,0.90702,0.90167,0.91196,0.845,0.83655,0.8519,0.90702,0.90167,0.91196
"x0 restart","i.prev.dx.B","value",10,0.76993,0.75844,0.78029,0.64608,0.62879,0.66144,0.76993,0.75844,0.78029
"x0 restart","i.prev.dx.B","value",20,0.46817,0.44639,0.49209,0.30164,0.27506,0.32746,0.46817,0.44639,0.49209
"x0 restart","i.prev.dx.B","value",30,0.24878,0.22551,0.2737,0.11159,0.088858,0.13574,0.24878,0.22551,0.2737
"x0 restart","i.prev.dx.B","window_mean",0,0.8167,0.80666,0.82565,0.70345,0.68798,0.7172,0.8167,0.80666,0.82565
"x0 restart","i.prev.dx.B","window_mean",10,0.51294,0.48887,0.53456,0.33869,0.30997,0.36535,0.51294,0.48887,0.53456
"x0 restart","i.prev.dx.B","window_mean",20,0.27638,0.25139,0.30194,0.13055,0.1066,0.15626,0.27638,0.25139,0.30194
"x0 restart","i.prev.dx.H","value",5,0.74172,0.73127,0.75192,0.66621,0.65411,0.67727,0.74172,0.73127,0.75192
"x0 restart","i.prev.dx.H","value",10,0.51263,0.49821,0.52812,0.39772,0.37946,0.41257,0.51263,0.49821,0.52812
"x0 restart","i.prev.dx.H","value",20,0.21019,0.19065,0.22884,0.10335,0.088034,0.1171,0.21019,0.19065,0.22884
"x0 restart","i.prev.dx.H","value",30,0.086576,0.069777,0.1028,0.017452,0.0091441,0.0249,0.086576,0.069777,0.1028
"x0 restart","i.prev.dx.H","window_mean",0,0.63116,0.6172,0.64564,0.51674,0.5014,0.53164,0.63116,0.6172,0.64564
"x0 restart","i.prev.dx.H","window_mean",10,0.273,0.25177,0.29281,0.14461,0.12617,0.1608,0.273,0.25177,0.29281
"x0 restart","i.prev.dx.H","window_mean",20,0.11497,0.09512,0.13388,0.027667,0.016694,0.037707,0.11497,0.09512,0.13388
"x0 restart","i.prev.dx.W","value",5,0.88082,0.8737,0.88809,0.82388,0.81469,0.83375,0.88082,0.8737,0.88809
"x0 restart","i.prev.dx.W","value",10,0.73331,0.71682,0.74838,0.62706,0.60867,0.64316,0.73331,0.71682,0.74838
"x0 restart","i.prev.dx.W","value",20,0.44911,0.42407,0.46964,0.31029,0.28334,0.3348,0.44911,0.42407,0.46964
"x0 restart","i.prev.dx.W","value",30,0.24726,0.21959,0.27338,0.13094,0.10863,0.14938,0.24726,0.21959,0.27338
"x0 restart","i.prev.dx.W","window_mean",0,0.79702,0.784,0.80857,0.69845,0.68398,0.71306,0.79702,0.784,0.80857
"x0 restart","i.prev.dx.W","window_mean",10,0.50255,0.47882,0.52648,0.35373,0.3256,0.37525,0.50255,0.47882,0.52648
"x0 restart","i.prev.dx.W","window_mean",20,0.27813,0.25243,0.30298,0.1537,0.12736,0.17632,0.27813,0.25243,0.30298
"x0 restart","hiv.incid","cml10",5,0.14484,0.12891,0.15959,0.023252,0.018367,0.0281,0.14484,0.12891,0.15959
"x0 restart","hiv.incid.B","cml10",5,0.1312,0.11575,0.14475,0.0099918,0.0069999,0.013276,0.1312,0.11575,0.14475
"x0 restart","hiv.incid.H","cml10",5,0.08299,0.07341,0.093735,0.0010794,-0.00026205,0.0024039,0.08299,0.07341,0.093735
"x0 restart","hiv.incid.W","cml10",5,0.15974,0.14248,0.17671,0.016855,0.012701,0.021215,0.15974,0.14248,0.17671
