"start","fun","B","offset_sd","offset_pct","var_ratio","s2_ratio","trend_sd"
"cold start","cml_incid",0,"12.47 [12.24, 12.71]","23.33 [23.11, 23.56]","0.78 [0.67, 0.90]",NA,NA
"cold start","cml_incid",30,"-1.86 [-1.97, -1.75]","-3.49 [-3.68, -3.28]","0.76 [0.63, 0.88]",NA,NA
"cold start","cml_incid",50,"-0.12 [-0.24, 0.02]","-0.22 [-0.44, 0.04]","1.03 [0.85, 1.24]",NA,NA
"cold start","cml_incid",70,"0.03 [-0.10, 0.15]","0.05 [-0.20, 0.28]","0.96 [0.82, 1.10]",NA,NA
"cold start","cml_incid",100,"0.06 [-0.05, 0.17]","0.12 [-0.10, 0.32]","0.98 [0.81, 1.13]",NA,NA
"cold start","cml_incid",150,"0.03 [-0.09, 0.16]","0.05 [-0.17, 0.29]","1.10 [0.90, 1.29]",NA,NA
"cold start","cml_incid.B",0,"12.90 [12.66, 13.15]","24.18 [23.99, 24.41]","0.76 [0.64, 0.89]",NA,NA
"cold start","cml_incid.B",30,"-2.66 [-2.78, -2.54]","-4.99 [-5.21, -4.78]","0.81 [0.68, 0.96]",NA,NA
"cold start","cml_incid.B",50,"-0.37 [-0.50, -0.25]","-0.69 [-0.93, -0.47]","1.00 [0.85, 1.16]",NA,NA
"cold start","cml_incid.B",70,"-0.01 [-0.13, 0.10]","-0.02 [-0.24, 0.19]","0.90 [0.76, 1.03]",NA,NA
"cold start","cml_incid.B",100,"0.02 [-0.10, 0.13]","0.04 [-0.20, 0.25]","1.01 [0.85, 1.17]",NA,NA
"cold start","cml_incid.B",150,"-0.02 [-0.16, 0.10]","-0.04 [-0.29, 0.19]","1.02 [0.83, 1.21]",NA,NA
"cold start","cml_incid.H",0,"3.45 [3.32, 3.58]","20.12 [19.35, 20.86]","1.06 [0.90, 1.24]",NA,NA
"cold start","cml_incid.H",30,"-0.29 [-0.40, -0.18]","-1.69 [-2.34, -1.09]","0.84 [0.69, 0.97]",NA,NA
"cold start","cml_incid.H",50,"0.10 [-0.06, 0.24]","0.58 [-0.34, 1.40]","1.24 [1.03, 1.49]",NA,NA
"cold start","cml_incid.H",70,"-0.01 [-0.13, 0.12]","-0.06 [-0.77, 0.69]","0.94 [0.75, 1.11]",NA,NA
"cold start","cml_incid.H",100,"0.04 [-0.08, 0.16]","0.22 [-0.46, 0.94]","0.99 [0.80, 1.17]",NA,NA
"cold start","cml_incid.H",150,"0.10 [-0.04, 0.24]","0.57 [-0.26, 1.38]","1.19 [1.02, 1.39]",NA,NA
"cold start","cml_incid.W",0,"6.49 [6.35, 6.65]","20.78 [20.39, 21.17]","0.85 [0.71, 1.00]",NA,NA
"cold start","cml_incid.W",30,"0.52 [0.41, 0.64]","1.67 [1.31, 2.05]","0.80 [0.66, 0.95]",NA,NA
"cold start","cml_incid.W",50,"0.43 [0.30, 0.55]","1.38 [0.96, 1.77]","1.00 [0.82, 1.19]",NA,NA
"cold start","cml_incid.W",70,"0.10 [-0.02, 0.23]","0.32 [-0.07, 0.73]","1.06 [0.89, 1.25]",NA,NA
"cold start","cml_incid.W",100,"0.12 [0.00, 0.26]","0.40 [0.01, 0.82]","0.94 [0.79, 1.09]",NA,NA
"cold start","cml_incid.W",150,"0.10 [-0.04, 0.22]","0.31 [-0.13, 0.71]","1.12 [0.95, 1.32]",NA,NA
"cold start","incid_rate_y15",0,"5.71 [5.56, 5.86]","23.99 [23.36, 24.60]","1.21 [1.00, 1.39]",NA,NA
"cold start","incid_rate_y15",30,"0.29 [0.19, 0.40]","1.22 [0.79, 1.67]","0.80 [0.67, 0.94]",NA,NA
"cold start","incid_rate_y15",50,"0.13 [0.01, 0.27]","0.56 [0.04, 1.12]","1.12 [0.93, 1.30]",NA,NA
"cold start","incid_rate_y15",70,"0.09 [-0.03, 0.23]","0.38 [-0.15, 0.97]","0.97 [0.82, 1.14]",NA,NA
"cold start","incid_rate_y15",100,"0.06 [-0.07, 0.18]","0.27 [-0.28, 0.76]","1.01 [0.85, 1.15]",NA,NA
"cold start","incid_rate_y15",150,"0.00 [-0.10, 0.13]","0.01 [-0.44, 0.56]","0.95 [0.79, 1.08]",NA,NA
"cold start","prev_y15",0,"12.18 [11.83, 12.59]","17.23 [17.09, 17.36]","0.32 [0.26, 0.38]",NA,NA
"cold start","prev_y15",30,"5.74 [5.53, 5.95]","8.12 [7.97, 8.26]","0.73 [0.60, 0.87]",NA,NA
"cold start","prev_y15",50,"1.53 [1.40, 1.65]","2.16 [1.99, 2.33]","0.91 [0.77, 1.09]",NA,NA
"cold start","prev_y15",70,"0.51 [0.38, 0.64]","0.72 [0.54, 0.90]","1.02 [0.83, 1.23]",NA,NA
"cold start","prev_y15",100,"0.16 [0.03, 0.29]","0.23 [0.04, 0.42]","0.93 [0.78, 1.10]",NA,NA
"cold start","prev_y15",150,"0.11 [-0.01, 0.23]","0.16 [-0.01, 0.33]","0.92 [0.76, 1.09]",NA,NA
"cold start","i.prev.dx.B_y15",0,"13.09 [12.72, 13.47]","17.43 [17.30, 17.55]","0.38 [0.31, 0.46]",NA,NA
"cold start","i.prev.dx.B_y15",30,"5.32 [5.15, 5.52]","7.09 [6.93, 7.24]","0.68 [0.56, 0.81]",NA,NA
"cold start","i.prev.dx.B_y15",50,"1.41 [1.28, 1.54]","1.88 [1.72, 2.05]","0.87 [0.74, 1.03]",NA,NA
"cold start","i.prev.dx.B_y15",70,"0.49 [0.36, 0.60]","0.65 [0.48, 0.79]","0.97 [0.81, 1.14]",NA,NA
"cold start","i.prev.dx.B_y15",100,"0.11 [-0.01, 0.23]","0.15 [-0.01, 0.31]","0.91 [0.76, 1.07]",NA,NA
"cold start","i.prev.dx.B_y15",150,"0.14 [0.01, 0.26]","0.18 [0.01, 0.34]","0.92 [0.76, 1.09]",NA,NA
"cold start","i.prev.dx.H_y15",0,"6.44 [6.28, 6.61]","27.15 [26.73, 27.61]","0.54 [0.45, 0.64]",NA,NA
"cold start","i.prev.dx.H_y15",30,"3.78 [3.64, 3.93]","15.93 [15.43, 16.49]","0.87 [0.71, 1.03]",NA,NA
"cold start","i.prev.dx.H_y15",50,"0.99 [0.87, 1.12]","4.19 [3.66, 4.70]","0.97 [0.78, 1.15]",NA,NA
"cold start","i.prev.dx.H_y15",70,"0.26 [0.15, 0.40]","1.10 [0.61, 1.69]","1.21 [1.01, 1.44]",NA,NA
"cold start","i.prev.dx.H_y15",100,"0.07 [-0.05, 0.20]","0.29 [-0.23, 0.85]","1.05 [0.88, 1.22]",NA,NA
"cold start","i.prev.dx.H_y15",150,"0.09 [-0.04, 0.23]","0.37 [-0.16, 0.97]","1.13 [0.94, 1.34]",NA,NA
"cold start","i.prev.dx.W_y15",0,"8.44 [8.20, 8.67]","21.72 [21.46, 21.96]","0.38 [0.32, 0.44]",NA,NA
"cold start","i.prev.dx.W_y15",30,"7.40 [7.18, 7.63]","19.05 [18.75, 19.36]","0.83 [0.70, 0.97]",NA,NA
"cold start","i.prev.dx.W_y15",50,"1.77 [1.64, 1.90]","4.56 [4.21, 4.87]","0.95 [0.79, 1.09]",NA,NA
"cold start","i.prev.dx.W_y15",70,"0.51 [0.38, 0.64]","1.32 [0.99, 1.66]","1.09 [0.92, 1.26]",NA,NA
"cold start","i.prev.dx.W_y15",100,"0.12 [-0.00, 0.24]","0.31 [-0.01, 0.63]","0.96 [0.78, 1.13]",NA,NA
"cold start","i.prev.dx.W_y15",150,"0.01 [-0.12, 0.14]","0.03 [-0.31, 0.36]","1.08 [0.91, 1.27]",NA,NA
"cold start","M20_prev",0,"5.50 [5.32, 5.73]","7.32 [7.22, 7.42]","0.17 [0.14, 0.20]","566.90 [547.81, 587.00]","26.92 [26.21, 27.73]"
"cold start","M20_prev",30,"8.92 [8.63, 9.29]","11.88 [11.74, 12.02]","0.63 [0.52, 0.75]","91.44 [87.96, 95.09]","-10.91 [-11.27, -10.61]"
"cold start","M20_prev",50,"2.26 [2.12, 2.42]","3.02 [2.86, 3.17]","0.88 [0.72, 1.07]","6.04 [5.48, 6.55]","-2.54 [-2.68, -2.39]"
"cold start","M20_prev",70,"0.71 [0.59, 0.83]","0.94 [0.79, 1.10]","1.01 [0.84, 1.21]","1.26 [1.08, 1.46]","-0.71 [-0.83, -0.59]"
"cold start","M20_prev",100,"0.17 [0.05, 0.29]","0.23 [0.07, 0.39]","0.94 [0.77, 1.09]","1.05 [0.92, 1.20]","-0.08 [-0.21, 0.05]"
"cold start","M20_prev",150,"0.12 [-0.02, 0.25]","0.16 [-0.03, 0.34]","0.94 [0.78, 1.15]","1.04 [0.89, 1.20]","-0.04 [-0.16, 0.09]"
"cold start","M20_incid_rate",0,"12.82 [12.47, 13.15]","23.19 [22.97, 23.40]","0.69 [0.57, 0.82]","17.54 [17.23, 17.90]","-0.00 [-0.14, 0.12]"
"cold start","M20_incid_rate",30,"1.39 [1.28, 1.54]","2.52 [2.33, 2.76]","0.99 [0.81, 1.17]","1.16 [1.11, 1.21]","-0.90 [-1.01, -0.79]"
"cold start","M20_incid_rate",50,"0.49 [0.37, 0.61]","0.89 [0.68, 1.10]","0.88 [0.73, 1.05]","1.05 [1.01, 1.10]","-0.22 [-0.33, -0.11]"
"cold start","M20_incid_rate",70,"0.23 [0.10, 0.36]","0.42 [0.19, 0.65]","1.03 [0.85, 1.22]","0.99 [0.95, 1.03]","-0.14 [-0.24, -0.04]"
"cold start","M20_incid_rate",100,"0.09 [-0.04, 0.21]","0.15 [-0.07, 0.38]","0.92 [0.77, 1.08]","1.01 [0.97, 1.06]","-0.05 [-0.15, 0.08]"
"cold start","M20_incid_rate",150,"0.08 [-0.04, 0.21]","0.15 [-0.08, 0.38]","1.02 [0.87, 1.19]","0.98 [0.95, 1.03]","-0.06 [-0.16, 0.05]"
"cold start","M20_dx_frac",0,"17.87 [17.49, 18.26]","3.42 [3.41, 3.44]","0.54 [0.45, 0.62]","162.72 [159.43, 166.04]","-24.15 [-24.46, -23.82]"
"cold start","M20_dx_frac",30,"9.53 [9.29, 9.75]","1.83 [1.80, 1.85]","0.73 [0.59, 0.88]","9.31 [8.90, 9.72]","-7.87 [-8.05, -7.68]"
"cold start","M20_dx_frac",50,"1.94 [1.82, 2.07]","0.37 [0.35, 0.39]","0.94 [0.77, 1.11]","1.20 [1.10, 1.30]","-1.35 [-1.52, -1.14]"
"cold start","M20_dx_frac",70,"0.51 [0.40, 0.63]","0.10 [0.08, 0.12]","0.86 [0.71, 1.01]","1.02 [0.94, 1.11]","-0.43 [-0.62, -0.22]"
"cold start","M20_dx_frac",100,"-0.00 [-0.13, 0.14]","-0.00 [-0.03, 0.03]","1.06 [0.90, 1.23]","0.97 [0.89, 1.05]","-0.07 [-0.24, 0.11]"
"cold start","M20_dx_frac",150,"0.03 [-0.10, 0.17]","0.01 [-0.02, 0.03]","0.99 [0.82, 1.17]","0.94 [0.86, 1.01]","0.07 [-0.14, 0.26]"
"cold start","M20_supp_frac",0,"38.04 [37.25, 38.81]","12.07 [12.03, 12.11]","0.99 [0.78, 1.17]","921.97 [905.68, 941.68]","-72.95 [-73.66, -72.32]"
"cold start","M20_supp_frac",30,"2.86 [2.73, 2.99]","0.91 [0.87, 0.95]","0.90 [0.77, 1.04]","1.46 [1.35, 1.57]","-2.18 [-2.36, -1.99]"
"cold start","M20_supp_frac",50,"0.52 [0.40, 0.64]","0.17 [0.13, 0.20]","0.99 [0.83, 1.13]","0.98 [0.91, 1.05]","-0.23 [-0.41, -0.05]"
"cold start","M20_supp_frac",70,"0.22 [0.11, 0.34]","0.07 [0.04, 0.11]","0.81 [0.67, 0.96]","0.97 [0.89, 1.04]","-0.15 [-0.33, 0.05]"
"cold start","M20_supp_frac",100,"-0.01 [-0.14, 0.14]","-0.00 [-0.04, 0.04]","1.20 [0.98, 1.41]","0.98 [0.91, 1.05]","0.07 [-0.12, 0.28]"
"cold start","M20_supp_frac",150,"-0.03 [-0.15, 0.09]","-0.01 [-0.05, 0.03]","1.00 [0.82, 1.19]","0.99 [0.93, 1.06]","-0.00 [-0.19, 0.19]"
"cold start","M20_prep_cov",0,"-18.19 [-18.56, -17.77]","-4.12 [-4.15, -4.09]","0.78 [0.65, 0.91]","405.78 [401.11, 410.93]","29.35 [29.13, 29.57]"
"cold start","M20_prep_cov",30,"-0.48 [-0.61, -0.33]","-0.11 [-0.14, -0.08]","1.10 [0.93, 1.30]","1.01 [0.96, 1.06]","0.07 [-0.04, 0.20]"
"cold start","M20_prep_cov",50,"-0.18 [-0.32, -0.06]","-0.04 [-0.07, -0.01]","1.15 [0.95, 1.35]","1.00 [0.96, 1.05]","0.02 [-0.11, 0.14]"
"cold start","M20_prep_cov",70,"-0.14 [-0.28, -0.03]","-0.03 [-0.06, -0.01]","0.98 [0.81, 1.13]","1.01 [0.96, 1.06]","0.05 [-0.08, 0.18]"
"cold start","M20_prep_cov",100,"-0.04 [-0.15, 0.09]","-0.01 [-0.03, 0.02]","0.99 [0.84, 1.15]","0.98 [0.94, 1.03]","-0.10 [-0.22, 0.03]"
"cold start","M20_prep_cov",150,"-0.05 [-0.19, 0.08]","-0.01 [-0.04, 0.02]","1.09 [0.90, 1.29]","1.06 [1.01, 1.11]","-0.04 [-0.16, 0.08]"
"cold start","M20_gono_prev",0,"7.03 [6.81, 7.26]","54.73 [53.88, 55.63]","0.54 [0.45, 0.64]","87.47 [85.75, 89.55]","-13.94 [-14.23, -13.70]"
"cold start","M20_gono_prev",30,"0.06 [-0.05, 0.18]","0.49 [-0.42, 1.43]","0.82 [0.68, 0.97]","1.15 [1.06, 1.25]","-0.51 [-0.66, -0.34]"
"cold start","M20_gono_prev",50,"0.23 [0.11, 0.35]","1.79 [0.83, 2.72]","0.96 [0.79, 1.17]","0.98 [0.90, 1.07]","-0.27 [-0.47, -0.11]"
"cold start","M20_gono_prev",70,"0.06 [-0.06, 0.18]","0.48 [-0.49, 1.37]","1.02 [0.85, 1.22]","1.01 [0.92, 1.12]","-0.07 [-0.25, 0.12]"
"cold start","M20_gono_prev",100,"0.13 [0.02, 0.24]","1.02 [0.13, 1.85]","0.83 [0.68, 0.99]","1.04 [0.95, 1.13]","-0.07 [-0.26, 0.11]"
"cold start","M20_gono_prev",150,"-0.00 [-0.12, 0.10]","-0.03 [-0.91, 0.78]","0.87 [0.73, 1.02]","0.96 [0.88, 1.06]","-0.18 [-0.35, 0.00]"
"cold start","M20_chla_prev",0,"7.51 [7.31, 7.73]","35.88 [35.38, 36.36]","0.45 [0.38, 0.51]","79.08 [77.22, 81.07]","-13.37 [-13.65, -13.10]"
"cold start","M20_chla_prev",30,"0.17 [0.05, 0.29]","0.82 [0.26, 1.39]","0.90 [0.74, 1.06]","1.25 [1.14, 1.37]","-0.69 [-0.89, -0.49]"
"cold start","M20_chla_prev",50,"0.24 [0.12, 0.35]","1.13 [0.57, 1.68]","0.89 [0.73, 1.08]","1.04 [0.95, 1.13]","-0.34 [-0.51, -0.13]"
"cold start","M20_chla_prev",70,"0.20 [0.08, 0.32]","0.96 [0.38, 1.54]","0.88 [0.72, 1.03]","0.94 [0.86, 1.04]","-0.06 [-0.25, 0.10]"
"cold start","M20_chla_prev",100,"0.14 [0.02, 0.25]","0.66 [0.12, 1.19]","0.87 [0.71, 1.02]","1.01 [0.92, 1.11]","-0.05 [-0.24, 0.14]"
"cold start","M20_chla_prev",150,"-0.01 [-0.13, 0.11]","-0.05 [-0.62, 0.52]","0.94 [0.80, 1.11]","1.02 [0.93, 1.12]","-0.06 [-0.24, 0.11]"
"cold start","M20_syph_prev",0,"7.99 [7.77, 8.19]","110.55 [109.07, 112.10]","0.48 [0.39, 0.58]","123.78 [120.79, 126.91]","-20.07 [-20.40, -19.75]"
"cold start","M20_syph_prev",30,"-0.65 [-0.77, -0.53]","-9.02 [-10.64, -7.37]","0.98 [0.79, 1.21]","1.09 [0.98, 1.22]","-0.25 [-0.44, -0.03]"
"cold start","M20_syph_prev",50,"-0.10 [-0.22, 0.01]","-1.39 [-3.11, 0.17]","1.16 [0.90, 1.47]","1.08 [0.97, 1.19]","0.07 [-0.12, 0.27]"
"cold start","M20_syph_prev",70,"-0.01 [-0.12, 0.11]","-0.08 [-1.63, 1.59]","0.97 [0.81, 1.11]","1.06 [0.95, 1.18]","-0.01 [-0.22, 0.18]"
"cold start","M20_syph_prev",100,"0.08 [-0.07, 0.19]","1.04 [-0.92, 2.67]","0.97 [0.78, 1.16]","0.96 [0.87, 1.06]","0.25 [0.05, 0.44]"
"cold start","M20_syph_prev",150,"-0.04 [-0.16, 0.06]","-0.62 [-2.22, 0.83]","0.90 [0.74, 1.07]","0.98 [0.89, 1.07]","-0.22 [-0.41, -0.01]"
"cold start","M20_num",0,"-4.69 [-4.84, -4.54]","-1.38 [-1.40, -1.35]","0.19 [0.15, 0.23]","18.00 [17.34, 18.68]","-3.88 [-4.02, -3.75]"
"cold start","M20_num",30,"-3.87 [-4.04, -3.69]","-1.14 [-1.17, -1.09]","0.89 [0.75, 1.04]","10.32 [9.90, 10.74]","1.93 [1.80, 2.06]"
"cold start","M20_num",50,"-0.35 [-0.48, -0.19]","-0.10 [-0.14, -0.06]","1.02 [0.85, 1.20]","0.96 [0.84, 1.08]","0.23 [0.10, 0.35]"
"cold start","M20_num",70,"-0.17 [-0.31, -0.03]","-0.05 [-0.09, -0.01]","0.94 [0.76, 1.10]","0.97 [0.85, 1.10]","0.13 [0.02, 0.25]"
"cold start","M20_num",100,"-0.10 [-0.23, 0.03]","-0.03 [-0.07, 0.01]","1.02 [0.86, 1.19]","0.98 [0.85, 1.09]","0.05 [-0.07, 0.17]"
"cold start","M20_num",150,"-0.02 [-0.15, 0.11]","-0.01 [-0.04, 0.03]","0.97 [0.80, 1.13]","0.99 [0.88, 1.11]","-0.00 [-0.13, 0.12]"
"x0 restart","cml_incid",0,"1.09 [0.97, 1.21]","2.09 [1.86, 2.31]","0.75 [0.61, 0.87]",NA,NA
"x0 restart","cml_incid",30,"0.21 [0.09, 0.34]","0.41 [0.17, 0.66]","1.00 [0.81, 1.19]",NA,NA
"x0 restart","cml_incid",50,"-0.01 [-0.14, 0.11]","-0.03 [-0.27, 0.21]","0.93 [0.76, 1.10]",NA,NA
"x0 restart","cml_incid",70,"-0.06 [-0.18, 0.08]","-0.11 [-0.34, 0.15]","1.10 [0.92, 1.28]",NA,NA
"x0 restart","cml_incid",100,"0.02 [-0.13, 0.16]","0.04 [-0.25, 0.30]","1.14 [0.96, 1.34]",NA,NA
"x0 restart","cml_incid",150,"0.04 [-0.09, 0.17]","0.07 [-0.18, 0.34]","1.00 [0.81, 1.23]",NA,NA
"x0 restart","cml_incid.B",0,"1.12 [1.02, 1.23]","2.10 [1.91, 2.29]","0.70 [0.59, 0.81]",NA,NA
"x0 restart","cml_incid.B",30,"0.10 [-0.03, 0.23]","0.19 [-0.05, 0.44]","1.04 [0.87, 1.24]",NA,NA
"x0 restart","cml_incid.B",50,"-0.04 [-0.17, 0.08]","-0.08 [-0.32, 0.15]","0.98 [0.80, 1.16]",NA,NA
"x0 restart","cml_incid.B",70,"-0.07 [-0.22, 0.07]","-0.13 [-0.40, 0.13]","1.09 [0.90, 1.25]",NA,NA
"x0 restart","cml_incid.B",100,"-0.02 [-0.17, 0.10]","-0.05 [-0.32, 0.19]","1.11 [0.92, 1.31]",NA,NA
"x0 restart","cml_incid.B",150,"0.08 [-0.05, 0.20]","0.14 [-0.10, 0.38]","0.94 [0.76, 1.14]",NA,NA
"x0 restart","cml_incid.H",0,"-0.01 [-0.13, 0.11]","-0.06 [-0.79, 0.66]","0.94 [0.79, 1.10]",NA,NA
"x0 restart","cml_incid.H",30,"0.06 [-0.07, 0.19]","0.37 [-0.40, 1.17]","0.96 [0.81, 1.10]",NA,NA
"x0 restart","cml_incid.H",50,"0.00 [-0.12, 0.12]","0.00 [-0.70, 0.72]","0.90 [0.76, 1.04]",NA,NA
"x0 restart","cml_incid.H",70,"-0.11 [-0.22, 0.02]","-0.64 [-1.36, 0.11]","0.99 [0.81, 1.18]",NA,NA
"x0 restart","cml_incid.H",100,"0.04 [-0.08, 0.17]","0.26 [-0.46, 1.01]","1.05 [0.87, 1.23]",NA,NA
"x0 restart","cml_incid.H",150,"-0.10 [-0.24, 0.02]","-0.62 [-1.42, 0.11]","1.12 [0.94, 1.32]",NA,NA
"x0 restart","cml_incid.W",0,"0.70 [0.58, 0.84]","2.38 [1.97, 2.82]","0.89 [0.73, 1.07]",NA,NA
"x0 restart","cml_incid.W",30,"0.36 [0.23, 0.50]","1.22 [0.77, 1.67]","0.98 [0.76, 1.19]",NA,NA
"x0 restart","cml_incid.W",50,"0.05 [-0.07, 0.17]","0.16 [-0.25, 0.57]","0.89 [0.73, 1.05]",NA,NA
"x0 restart","cml_incid.W",70,"0.02 [-0.12, 0.15]","0.07 [-0.41, 0.50]","0.98 [0.83, 1.14]",NA,NA
"x0 restart","cml_incid.W",100,"0.09 [-0.03, 0.22]","0.31 [-0.09, 0.75]","1.11 [0.92, 1.36]",NA,NA
"x0 restart","cml_incid.W",150,"-0.02 [-0.14, 0.11]","-0.07 [-0.46, 0.36]","0.99 [0.83, 1.18]",NA,NA
"x0 restart","incid_rate_y15",0,"0.48 [0.37, 0.59]","2.04 [1.57, 2.53]","0.96 [0.80, 1.11]",NA,NA
"x0 restart","incid_rate_y15",30,"0.13 [0.02, 0.27]","0.57 [0.09, 1.16]","0.98 [0.83, 1.13]",NA,NA
"x0 restart","incid_rate_y15",50,"-0.09 [-0.22, 0.03]","-0.39 [-0.92, 0.14]","1.01 [0.85, 1.17]",NA,NA
"x0 restart","incid_rate_y15",70,"0.06 [-0.08, 0.19]","0.25 [-0.32, 0.82]","1.11 [0.91, 1.31]",NA,NA
"x0 restart","incid_rate_y15",100,"-0.15 [-0.27, -0.03]","-0.64 [-1.15, -0.14]","1.00 [0.79, 1.21]",NA,NA
"x0 restart","incid_rate_y15",150,"0.05 [-0.07, 0.19]","0.20 [-0.31, 0.81]","0.94 [0.76, 1.10]",NA,NA
"x0 restart","prev_y15",0,"0.85 [0.76, 0.94]","1.27 [1.14, 1.40]","0.30 [0.25, 0.36]",NA,NA
"x0 restart","prev_y15",30,"0.84 [0.72, 0.96]","1.26 [1.09, 1.43]","0.74 [0.62, 0.89]",NA,NA
"x0 restart","prev_y15",50,"0.31 [0.18, 0.43]","0.47 [0.27, 0.65]","0.85 [0.71, 1.00]",NA,NA
"x0 restart","prev_y15",70,"0.06 [-0.08, 0.20]","0.10 [-0.12, 0.30]","0.97 [0.81, 1.13]",NA,NA
"x0 restart","prev_y15",100,"0.06 [-0.06, 0.20]","0.10 [-0.10, 0.30]","0.99 [0.82, 1.16]",NA,NA
"x0 restart","prev_y15",150,"-0.03 [-0.16, 0.11]","-0.04 [-0.23, 0.17]","1.01 [0.84, 1.19]",NA,NA
"x0 restart","i.prev.dx.B_y15",0,"0.41 [0.33, 0.49]","0.57 [0.46, 0.68]","0.27 [0.23, 0.32]",NA,NA
"x0 restart","i.prev.dx.B_y15",30,"0.85 [0.73, 0.98]","1.18 [1.02, 1.35]","0.76 [0.63, 0.91]",NA,NA
"x0 restart","i.prev.dx.B_y15",50,"0.30 [0.18, 0.44]","0.41 [0.26, 0.61]","0.84 [0.70, 1.00]",NA,NA
"x0 restart","i.prev.dx.B_y15",70,"0.07 [-0.06, 0.20]","0.10 [-0.08, 0.28]","0.98 [0.82, 1.15]",NA,NA
"x0 restart","i.prev.dx.B_y15",100,"0.05 [-0.08, 0.19]","0.07 [-0.12, 0.26]","1.01 [0.86, 1.19]",NA,NA
"x0 restart","i.prev.dx.B_y15",150,"-0.04 [-0.16, 0.10]","-0.05 [-0.22, 0.14]","1.00 [0.82, 1.19]",NA,NA
"x0 restart","i.prev.dx.H_y15",0,"1.15 [1.05, 1.24]","5.08 [4.66, 5.47]","0.45 [0.38, 0.55]",NA,NA
"x0 restart","i.prev.dx.H_y15",30,"0.30 [0.18, 0.42]","1.31 [0.79, 1.88]","0.87 [0.73, 1.02]",NA,NA
"x0 restart","i.prev.dx.H_y15",50,"0.17 [0.04, 0.31]","0.76 [0.19, 1.38]","1.03 [0.88, 1.21]",NA,NA
"x0 restart","i.prev.dx.H_y15",70,"-0.01 [-0.14, 0.11]","-0.04 [-0.60, 0.50]","0.96 [0.79, 1.13]",NA,NA
"x0 restart","i.prev.dx.H_y15",100,"0.06 [-0.07, 0.20]","0.29 [-0.30, 0.88]","1.04 [0.85, 1.25]",NA,NA
"x0 restart","i.prev.dx.H_y15",150,"-0.00 [-0.12, 0.13]","-0.00 [-0.54, 0.57]","0.96 [0.79, 1.13]",NA,NA
"x0 restart","i.prev.dx.W_y15",0,"0.86 [0.76, 0.95]","2.39 [2.11, 2.64]","0.33 [0.27, 0.39]",NA,NA
"x0 restart","i.prev.dx.W_y15",30,"0.71 [0.59, 0.83]","1.98 [1.64, 2.28]","0.71 [0.59, 0.84]",NA,NA
"x0 restart","i.prev.dx.W_y15",50,"0.31 [0.18, 0.43]","0.86 [0.50, 1.20]","0.87 [0.73, 1.03]",NA,NA
"x0 restart","i.prev.dx.W_y15",70,"0.05 [-0.08, 0.18]","0.14 [-0.21, 0.50]","0.89 [0.75, 1.04]",NA,NA
"x0 restart","i.prev.dx.W_y15",100,"0.12 [-0.02, 0.26]","0.34 [-0.04, 0.73]","0.90 [0.75, 1.09]",NA,NA
"x0 restart","i.prev.dx.W_y15",150,"-0.02 [-0.15, 0.11]","-0.05 [-0.41, 0.31]","0.93 [0.76, 1.12]",NA,NA
"x0 restart","M20_prev",0,"0.59 [0.52, 0.67]","0.84 [0.73, 0.94]","0.14 [0.11, 0.16]","2.26 [2.04, 2.47]","1.31 [1.22, 1.41]"
"x0 restart","M20_prev",30,"0.94 [0.83, 1.07]","1.35 [1.17, 1.51]","0.68 [0.56, 0.81]","0.98 [0.87, 1.11]","-0.44 [-0.55, -0.34]"
"x0 restart","M20_prev",50,"0.43 [0.30, 0.55]","0.61 [0.42, 0.79]","0.81 [0.68, 0.96]","1.05 [0.91, 1.22]","-0.42 [-0.52, -0.32]"
"x0 restart","M20_prev",70,"0.13 [-0.00, 0.25]","0.18 [-0.00, 0.36]","0.90 [0.73, 1.05]","1.08 [0.94, 1.24]","-0.19 [-0.29, -0.07]"
"x0 restart","M20_prev",100,"0.05 [-0.07, 0.17]","0.07 [-0.10, 0.23]","0.93 [0.79, 1.12]","1.29 [1.12, 1.48]","-0.02 [-0.15, 0.12]"
"x0 restart","M20_prev",150,"-0.04 [-0.19, 0.10]","-0.06 [-0.27, 0.14]","1.02 [0.82, 1.21]","1.02 [0.89, 1.17]","0.10 [-0.02, 0.23]"
"x0 restart","M20_incid_rate",0,"1.63 [1.53, 1.74]","3.10 [2.91, 3.29]","0.52 [0.44, 0.61]","1.12 [1.07, 1.17]","-0.81 [-0.91, -0.69]"
"x0 restart","M20_incid_rate",30,"0.50 [0.38, 0.62]","0.96 [0.73, 1.20]","0.82 [0.67, 0.97]","1.05 [1.01, 1.10]","-0.37 [-0.49, -0.26]"
"x0 restart","M20_incid_rate",50,"0.10 [-0.02, 0.24]","0.18 [-0.05, 0.44]","0.88 [0.73, 1.05]","1.02 [0.98, 1.06]","-0.11 [-0.21, 0.00]"
"x0 restart","M20_incid_rate",70,"-0.00 [-0.15, 0.14]","-0.00 [-0.28, 0.27]","1.09 [0.89, 1.28]","1.00 [0.96, 1.05]","-0.08 [-0.19, 0.02]"
"x0 restart","M20_incid_rate",100,"0.01 [-0.14, 0.14]","0.02 [-0.27, 0.28]","1.12 [0.95, 1.31]","0.97 [0.93, 1.02]","-0.08 [-0.18, 0.04]"
"x0 restart","M20_incid_rate",150,"0.04 [-0.10, 0.18]","0.08 [-0.20, 0.34]","1.02 [0.84, 1.22]","1.00 [0.96, 1.04]","0.13 [0.04, 0.24]"
"x0 restart","M20_dx_frac",0,"-0.58 [-0.66, -0.49]","-0.11 [-0.13, -0.09]","0.59 [0.50, 0.69]","1.05 [0.97, 1.13]","0.41 [0.26, 0.57]"
"x0 restart","M20_dx_frac",30,"0.49 [0.40, 0.62]","0.10 [0.08, 0.12]","0.78 [0.66, 0.91]","1.01 [0.93, 1.09]","0.16 [-0.04, 0.35]"
"x0 restart","M20_dx_frac",50,"0.35 [0.21, 0.47]","0.07 [0.04, 0.09]","0.98 [0.79, 1.17]","0.97 [0.90, 1.03]","-0.23 [-0.41, -0.06]"
"x0 restart","M20_dx_frac",70,"0.16 [0.03, 0.28]","0.03 [0.01, 0.06]","1.02 [0.84, 1.18]","0.95 [0.87, 1.03]","-0.03 [-0.22, 0.18]"
"x0 restart","M20_dx_frac",100,"0.05 [-0.07, 0.19]","0.01 [-0.01, 0.04]","1.12 [0.92, 1.35]","0.95 [0.88, 1.04]","0.14 [-0.03, 0.35]"
"x0 restart","M20_dx_frac",150,"-0.04 [-0.16, 0.08]","-0.01 [-0.03, 0.02]","1.07 [0.87, 1.30]","0.96 [0.90, 1.03]","-0.04 [-0.22, 0.15]"
"x0 restart","M20_supp_frac",0,"-0.06 [-0.19, 0.06]","-0.02 [-0.06, 0.02]","0.88 [0.73, 1.03]","0.96 [0.88, 1.04]","0.51 [0.31, 0.68]"
"x0 restart","M20_supp_frac",30,"0.17 [0.05, 0.28]","0.05 [0.01, 0.09]","0.90 [0.73, 1.08]","0.99 [0.92, 1.07]","0.10 [-0.07, 0.29]"
"x0 restart","M20_supp_frac",50,"0.04 [-0.10, 0.18]","0.01 [-0.03, 0.06]","1.04 [0.87, 1.21]","0.98 [0.91, 1.05]","-0.07 [-0.23, 0.11]"
"x0 restart","M20_supp_frac",70,"0.05 [-0.08, 0.19]","0.02 [-0.03, 0.06]","1.13 [0.96, 1.31]","0.95 [0.88, 1.02]","0.01 [-0.17, 0.21]"
"x0 restart","M20_supp_frac",100,"0.09 [-0.04, 0.23]","0.03 [-0.01, 0.07]","1.12 [0.93, 1.32]","1.05 [0.96, 1.13]","0.08 [-0.11, 0.28]"
"x0 restart","M20_supp_frac",150,"0.00 [-0.12, 0.13]","0.00 [-0.04, 0.04]","0.93 [0.77, 1.12]","0.99 [0.92, 1.07]","-0.17 [-0.36, -0.01]"
"x0 restart","M20_prep_cov",0,"-0.66 [-0.79, -0.55]","-0.15 [-0.18, -0.12]","0.90 [0.75, 1.04]","0.99 [0.94, 1.04]","-0.09 [-0.20, 0.04]"
"x0 restart","M20_prep_cov",30,"-0.05 [-0.18, 0.06]","-0.01 [-0.04, 0.01]","1.06 [0.87, 1.27]","1.04 [0.99, 1.09]","0.11 [-0.02, 0.25]"
"x0 restart","M20_prep_cov",50,"-0.06 [-0.18, 0.07]","-0.01 [-0.04, 0.02]","0.92 [0.78, 1.08]","1.00 [0.95, 1.04]","-0.07 [-0.21, 0.06]"
"x0 restart","M20_prep_cov",70,"-0.02 [-0.16, 0.12]","-0.01 [-0.04, 0.03]","1.13 [0.95, 1.31]","1.05 [1.00, 1.10]","-0.05 [-0.16, 0.08]"
"x0 restart","M20_prep_cov",100,"-0.08 [-0.20, 0.04]","-0.02 [-0.05, 0.01]","0.93 [0.77, 1.13]","1.01 [0.97, 1.06]","0.11 [-0.02, 0.24]"
"x0 restart","M20_prep_cov",150,"-0.03 [-0.15, 0.09]","-0.01 [-0.03, 0.02]","0.91 [0.74, 1.07]","1.05 [1.00, 1.09]","-0.09 [-0.24, 0.06]"
"x0 restart","M20_gono_prev",0,"2.31 [2.20, 2.42]","22.17 [21.20, 23.09]","0.42 [0.35, 0.50]","3.22 [3.01, 3.44]","-2.96 [-3.10, -2.81]"
"x0 restart","M20_gono_prev",30,"0.37 [0.24, 0.49]","3.55 [2.31, 4.71]","0.89 [0.75, 1.04]","1.03 [0.94, 1.13]","-0.17 [-0.36, 0.01]"
"x0 restart","M20_gono_prev",50,"0.02 [-0.11, 0.16]","0.15 [-1.10, 1.48]","1.07 [0.89, 1.26]","0.92 [0.84, 1.01]","-0.37 [-0.56, -0.20]"
"x0 restart","M20_gono_prev",70,"-0.02 [-0.15, 0.11]","-0.17 [-1.44, 1.03]","1.01 [0.85, 1.17]","1.01 [0.91, 1.12]","0.06 [-0.10, 0.24]"
"x0 restart","M20_gono_prev",100,"0.06 [-0.07, 0.19]","0.53 [-0.68, 1.80]","1.01 [0.85, 1.18]","0.97 [0.88, 1.06]","-0.11 [-0.30, 0.07]"
"x0 restart","M20_gono_prev",150,"-0.01 [-0.14, 0.12]","-0.08 [-1.35, 1.17]","0.92 [0.76, 1.10]","1.03 [0.94, 1.13]","0.10 [-0.08, 0.29]"
"x0 restart","M20_chla_prev",0,"0.17 [0.09, 0.26]","0.97 [0.49, 1.47]","0.43 [0.35, 0.53]","4.84 [4.64, 5.04]","2.42 [2.28, 2.57]"
"x0 restart","M20_chla_prev",30,"0.36 [0.23, 0.49]","2.01 [1.27, 2.74]","0.83 [0.70, 0.97]","1.01 [0.92, 1.11]","-0.35 [-0.54, -0.18]"
"x0 restart","M20_chla_prev",50,"0.05 [-0.07, 0.17]","0.30 [-0.40, 0.96]","0.92 [0.75, 1.11]","0.98 [0.88, 1.09]","-0.33 [-0.50, -0.16]"
"x0 restart","M20_chla_prev",70,"-0.02 [-0.13, 0.10]","-0.09 [-0.74, 0.58]","0.87 [0.74, 1.03]","0.96 [0.87, 1.05]","0.05 [-0.15, 0.23]"
"x0 restart","M20_chla_prev",100,"0.04 [-0.10, 0.16]","0.21 [-0.54, 0.92]","1.00 [0.81, 1.23]","0.98 [0.90, 1.08]","-0.04 [-0.22, 0.13]"
"x0 restart","M20_chla_prev",150,"-0.04 [-0.18, 0.08]","-0.25 [-1.02, 0.47]","0.95 [0.79, 1.11]","0.95 [0.86, 1.05]","0.19 [0.01, 0.37]"
"x0 restart","M20_syph_prev",0,"0.69 [0.58, 0.79]","12.97 [10.97, 15.07]","0.53 [0.44, 0.63]","1.35 [1.26, 1.46]","0.40 [0.25, 0.56]"
"x0 restart","M20_syph_prev",30,"0.42 [0.30, 0.54]","7.93 [5.56, 10.16]","0.79 [0.67, 0.94]","1.06 [0.94, 1.17]","-0.30 [-0.50, -0.10]"
"x0 restart","M20_syph_prev",50,"0.13 [0.00, 0.27]","2.50 [0.09, 5.21]","0.93 [0.77, 1.10]","1.05 [0.96, 1.15]","-0.08 [-0.26, 0.12]"
"x0 restart","M20_syph_prev",70,"-0.01 [-0.14, 0.12]","-0.19 [-2.55, 2.22]","0.93 [0.73, 1.13]","0.95 [0.86, 1.03]","0.02 [-0.15, 0.22]"
"x0 restart","M20_syph_prev",100,"0.03 [-0.09, 0.14]","0.63 [-1.73, 2.75]","0.90 [0.75, 1.05]","0.89 [0.80, 0.99]","-0.00 [-0.20, 0.19]"
"x0 restart","M20_syph_prev",150,"-0.04 [-0.16, 0.09]","-0.79 [-3.06, 1.69]","0.89 [0.73, 1.03]","1.00 [0.90, 1.11]","-0.01 [-0.23, 0.19]"
"x0 restart","M20_num",0,"-1.24 [-1.34, -1.15]","-0.37 [-0.39, -0.34]","0.18 [0.15, 0.21]","0.78 [0.72, 0.85]","0.37 [0.28, 0.46]"
"x0 restart","M20_num",30,"-0.20 [-0.34, -0.07]","-0.06 [-0.10, -0.02]","0.81 [0.68, 0.95]","0.96 [0.86, 1.06]","0.43 [0.32, 0.53]"
"x0 restart","M20_num",50,"-0.03 [-0.17, 0.08]","-0.01 [-0.05, 0.02]","0.94 [0.79, 1.12]","1.03 [0.91, 1.16]","0.02 [-0.10, 0.14]"
"x0 restart","M20_num",70,"-0.01 [-0.15, 0.10]","-0.00 [-0.04, 0.03]","0.94 [0.80, 1.09]","0.98 [0.87, 1.08]","-0.00 [-0.12, 0.12]"
"x0 restart","M20_num",100,"0.03 [-0.11, 0.17]","0.01 [-0.03, 0.05]","0.85 [0.69, 1.04]","0.95 [0.85, 1.06]","0.00 [-0.11, 0.11]"
"x0 restart","M20_num",150,"0.07 [-0.07, 0.19]","0.02 [-0.02, 0.06]","0.93 [0.76, 1.09]","0.95 [0.84, 1.05]","-0.04 [-0.16, 0.07]"
