"var","stat","cold","cold_lo","cold_hi","x0","x0_lo","x0_hi","diff","diff_lo","diff_hi","truncated_cold","truncated_x0","x0_cycle1_150_600"
"prev","tau_int",52.887,49.232,58.122,67.968,58.038,78.106,-15.081,-27.219,-3.1396,FALSE,TRUE,66.499
"prev","rho_1",0.99278,0.9922,0.99329,0.99317,0.99248,0.99378,-0.00039108,-0.0013015,0.00044479,NA,NA,NA
"prev","rho_5",0.9319,0.92762,0.93554,0.93668,0.93203,0.94115,-0.0047808,-0.011894,0.0013478,NA,NA,NA
"prev","rho_10",0.82894,0.81912,0.83771,0.84206,0.83134,0.85237,-0.013117,-0.029819,0.0011089,NA,NA,NA
"prev","rho_20",0.58765,0.56651,0.60782,0.62125,0.59876,0.64406,-0.033595,-0.072342,-0.0019296,NA,NA,NA
"prev","rho_50",0.10602,0.065081,0.14247,0.18937,0.14528,0.23272,-0.083343,-0.14856,-0.023182,NA,NA,NA
"incid_rate","tau_int",7.5972,6.9243,8.3907,9.4951,8.1606,11.036,-1.8979,-3.5998,-0.21597,FALSE,FALSE,9.5534
"incid_rate","rho_1",0.23402,0.22591,0.2432,0.23385,0.22561,0.24301,0.00016909,-0.012636,0.012928,NA,NA,NA
"incid_rate","rho_5",0.14216,0.13316,0.15208,0.15147,0.1417,0.16152,-0.0093113,-0.021878,0.0046908,NA,NA,NA
"incid_rate","rho_10",0.10977,0.10028,0.11896,0.12195,0.11252,0.1315,-0.012179,-0.026816,0.00076927,NA,NA,NA
"incid_rate","rho_20",0.076297,0.065912,0.085504,0.079127,0.06914,0.089507,-0.0028297,-0.016886,0.010246,NA,NA,NA
"incid_rate","rho_50",0.0085109,-0.00040729,0.018977,0.016804,0.0066045,0.026813,-0.0082933,-0.021446,0.0062168,NA,NA,NA
"dx_frac","tau_int",10.464,10.066,10.878,10.25,9.8508,10.705,0.21385,-0.43779,0.73636,FALSE,FALSE,10.381
"dx_frac","rho_1",0.86796,0.86532,0.87072,0.8655,0.86239,0.86865,0.0024646,-0.0019659,0.0067668,NA,NA,NA
"dx_frac","rho_5",0.38233,0.37045,0.39354,0.37507,0.36314,0.38799,0.0072645,-0.012141,0.023602,NA,NA,NA
"dx_frac","rho_10",0.14545,0.13152,0.15892,0.14392,0.13058,0.15793,0.0015299,-0.019856,0.018754,NA,NA,NA
"dx_frac","rho_20",0.015934,0.0013526,0.029495,0.013484,-0.00072493,0.027532,0.0024507,-0.016465,0.02041,NA,NA,NA
"dx_frac","rho_50",-0.025263,-0.042828,-0.0084673,-0.026324,-0.041678,-0.010363,0.0010612,-0.021936,0.02389,NA,NA,NA
"supp_frac","tau_int",6.9995,6.535,7.4608,7.208,6.6052,7.7445,-0.20851,-0.88149,0.60024,FALSE,FALSE,7.0918
"supp_frac","rho_1",0.81724,0.81406,0.8204,0.81906,0.81609,0.82197,-0.0018203,-0.0059334,0.0027148,NA,NA,NA
"supp_frac","rho_5",0.21292,0.20191,0.22401,0.22385,0.21272,0.23511,-0.010931,-0.025517,0.0032534,NA,NA,NA
"supp_frac","rho_10",0.036539,0.023853,0.048646,0.038652,0.027132,0.050555,-0.0021124,-0.018582,0.015719,NA,NA,NA
"supp_frac","rho_20",0.01134,-0.0022264,0.024317,0.01055,-0.0033876,0.024683,0.00078996,-0.017582,0.021553,NA,NA,NA
"supp_frac","rho_50",0.00080976,-0.012318,0.013094,0.019216,0.005954,0.031629,-0.018406,-0.036354,0.00075636,NA,NA,NA
"prep_cov","tau_int",2.7791,2.5125,2.9744,3.0707,2.7389,3.3296,-0.2916,-0.68741,0.09731,FALSE,FALSE,3.1117
"prep_cov","rho_1",0.42975,0.42509,0.43508,0.43102,0.42533,0.43589,-0.001264,-0.0081311,0.0068314,NA,NA,NA
"prep_cov","rho_5",0.022058,0.013027,0.030451,0.02919,0.021542,0.036981,-0.0071318,-0.018697,0.0050179,NA,NA,NA
"prep_cov","rho_10",0.022291,0.014497,0.029973,0.02216,0.015082,0.029795,0.00013128,-0.011488,0.011275,NA,NA,NA
"prep_cov","rho_20",0.0097265,0.0019494,0.016727,0.011103,0.003565,0.018942,-0.0013765,-0.011929,0.0081363,NA,NA,NA
"prep_cov","rho_50",0.0013722,-0.0067414,0.0090601,0.0013691,-0.0084987,0.0097018,3.0938e-06,-0.0097434,0.011748,NA,NA,NA
"prev.B","tau_int",47.596,44.33,52.536,57.355,51.01,65.503,-9.7582,-18.907,-1.1505,FALSE,TRUE,57.974
"prev.B","rho_1",0.99039,0.98972,0.99103,0.99076,0.99009,0.99145,-0.00037033,-0.0014002,0.00062012,NA,NA,NA
"prev.B","rho_5",0.91469,0.90971,0.91906,0.91917,0.91476,0.92429,-0.0044826,-0.011911,0.0025427,NA,NA,NA
"prev.B","rho_10",0.79389,0.78295,0.80472,0.80637,0.79629,0.81769,-0.012478,-0.029137,0.0033402,NA,NA,NA
"prev.B","rho_20",0.52776,0.50473,0.55067,0.55713,0.53377,0.58361,-0.029368,-0.065524,0.0046852,NA,NA,NA
"prev.B","rho_50",0.075338,0.038965,0.11244,0.14059,0.1033,0.18367,-0.065251,-0.12081,-0.010373,NA,NA,NA
"incid_rate.B","tau_int",6.5998,5.9288,7.2637,7.7059,6.5718,8.5873,-1.1062,-2.2051,0.30557,FALSE,FALSE,7.9068
"incid_rate.B","rho_1",0.20066,0.19269,0.20898,0.19865,0.19001,0.20673,0.0020106,-0.010305,0.013778,NA,NA,NA
"incid_rate.B","rho_5",0.12261,0.11377,0.13072,0.12728,0.11828,0.13564,-0.0046713,-0.018286,0.0086238,NA,NA,NA
"incid_rate.B","rho_10",0.09502,0.085811,0.10286,0.10275,0.093819,0.1106,-0.0077326,-0.020483,0.0035217,NA,NA,NA
"incid_rate.B","rho_20",0.063767,0.054428,0.072934,0.063951,0.054997,0.07301,-0.00018357,-0.012617,0.012786,NA,NA,NA
"incid_rate.B","rho_50",0.0086187,-0.00027928,0.017814,0.01003,0.00090887,0.018686,-0.0014115,-0.014665,0.013228,NA,NA,NA
"dx_frac.B","tau_int",10.714,10.297,11.222,10.652,10.202,11.203,0.062043,-0.6073,0.73936,FALSE,FALSE,10.755
"dx_frac.B","rho_1",0.86843,0.86573,0.87099,0.86723,0.86421,0.87006,0.0012038,-0.0026056,0.0049168,NA,NA,NA
"dx_frac.B","rho_5",0.38936,0.37836,0.40029,0.38454,0.37298,0.39715,0.0048149,-0.012948,0.021375,NA,NA,NA
"dx_frac.B","rho_10",0.15129,0.13766,0.16657,0.15218,0.13794,0.16591,-0.00088635,-0.020784,0.020105,NA,NA,NA
"dx_frac.B","rho_20",0.020898,0.0073058,0.036815,0.023601,0.010126,0.0388,-0.0027029,-0.021753,0.016997,NA,NA,NA
"dx_frac.B","rho_50",-0.015454,-0.032069,0.001029,-0.022518,-0.03932,-0.0046841,0.0070644,-0.018607,0.031016,NA,NA,NA
"supp_frac.B","tau_int",6.8928,6.3865,7.4288,7.0828,6.5444,7.6123,-0.19004,-0.8587,0.58299,FALSE,FALSE,6.8775
"supp_frac.B","rho_1",0.8142,0.81082,0.81726,0.81526,0.81226,0.81813,-0.0010592,-0.0051393,0.0035056,NA,NA,NA
"supp_frac.B","rho_5",0.20697,0.19533,0.21816,0.21567,0.20458,0.22589,-0.0087057,-0.024372,0.0060973,NA,NA,NA
"supp_frac.B","rho_10",0.030155,0.01924,0.042573,0.036986,0.025032,0.050591,-0.006831,-0.024497,0.0098781,NA,NA,NA
"supp_frac.B","rho_20",0.0090859,-0.0024346,0.020885,0.013706,-5.7752e-05,0.027601,-0.0046199,-0.023397,0.01376,NA,NA,NA
"supp_frac.B","rho_50",0.0053229,-0.0086934,0.018558,0.013478,0.00047283,0.025712,-0.0081547,-0.02822,0.011258,NA,NA,NA
"prep_cov.B","tau_int",2.865,2.528,3.0555,3.0102,2.683,3.3364,-0.14517,-0.60828,0.23545,FALSE,FALSE,3.0264
"prep_cov.B","rho_1",0.39659,0.39113,0.40166,0.39156,0.3856,0.39722,0.0050227,-0.003025,0.012457,NA,NA,NA
"prep_cov.B","rho_5",0.027838,0.021,0.035288,0.029233,0.021367,0.036666,-0.0013949,-0.012605,0.0092718,NA,NA,NA
"prep_cov.B","rho_10",0.023932,0.015814,0.031858,0.023443,0.016363,0.03,0.0004897,-0.010153,0.010729,NA,NA,NA
"prep_cov.B","rho_20",0.0089686,0.00033495,0.017247,0.0065931,-0.00080229,0.013814,0.0023755,-0.0086359,0.01404,NA,NA,NA
"prep_cov.B","rho_50",0.0054655,-0.002257,0.013332,0.0059606,-0.0021428,0.014854,-0.0004951,-0.010823,0.011017,NA,NA,NA
"prev.H","tau_int",33.057,30.788,36.498,40.453,35.534,45.971,-7.3955,-12.791,-1.4734,FALSE,FALSE,40.347
"prev.H","rho_1",0.97427,0.97318,0.97543,0.97542,0.97458,0.97637,-0.0011438,-0.0025207,0.00028704,NA,NA,NA
"prev.H","rho_5",0.82202,0.81432,0.82936,0.82725,0.82163,0.83313,-0.0052298,-0.01496,0.0031512,NA,NA,NA
"prev.H","rho_10",0.64044,0.62499,0.65462,0.6509,0.64002,0.66315,-0.010465,-0.029734,0.0066988,NA,NA,NA
"prev.H","rho_20",0.34264,0.31704,0.37008,0.34911,0.32967,0.37223,-0.0064716,-0.041029,0.031356,NA,NA,NA
"prev.H","rho_50",0.019799,-0.013672,0.051714,0.061469,0.033065,0.090407,-0.04167,-0.083357,0.0041687,NA,NA,NA
"incid_rate.H","tau_int",1.5652,1.4036,1.6568,1.7003,1.4576,1.7955,-0.13509,-0.31512,0.10872,FALSE,FALSE,1.6887
"incid_rate.H","rho_1",0.026466,0.020393,0.033242,0.025638,0.01969,0.031587,0.00082738,-0.0075175,0.0095485,NA,NA,NA
"incid_rate.H","rho_5",0.0176,0.011514,0.024151,0.021022,0.014305,0.02738,-0.0034225,-0.012409,0.0056126,NA,NA,NA
"incid_rate.H","rho_10",0.013076,0.006296,0.01914,0.011573,0.0053457,0.017745,0.0015038,-0.0073794,0.010688,NA,NA,NA
"incid_rate.H","rho_20",0.013262,0.0073083,0.019782,0.0036904,-0.002361,0.010612,0.0095717,0.00031668,0.017868,NA,NA,NA
"incid_rate.H","rho_50",-0.0021446,-0.0095055,0.0043577,-0.00016348,-0.0077039,0.0073742,-0.0019812,-0.012706,0.009125,NA,NA,NA
"dx_frac.H","tau_int",9.1399,8.8234,9.6054,8.8398,8.5527,9.1386,0.30009,-0.13654,0.83526,FALSE,FALSE,8.8831
"dx_frac.H","rho_1",0.84898,0.84608,0.8522,0.84773,0.84483,0.85026,0.0012459,-0.0028922,0.0062155,NA,NA,NA
"dx_frac.H","rho_5",0.33692,0.32592,0.34841,0.33066,0.3193,0.34041,0.0062602,-0.009226,0.022501,NA,NA,NA
"dx_frac.H","rho_10",0.11357,0.10163,0.12593,0.10234,0.089468,0.11477,0.011228,-0.0049487,0.029971,NA,NA,NA
"dx_frac.H","rho_20",0.0014486,-0.01262,0.015961,-0.015763,-0.029213,-0.0027011,0.017212,-0.0015914,0.035575,NA,NA,NA
"dx_frac.H","rho_50",-0.0021065,-0.019607,0.013167,0.0063637,-0.0090371,0.020869,-0.0084702,-0.02963,0.013552,NA,NA,NA
"supp_frac.H","tau_int",7.17,6.6766,7.6852,6.9374,6.6783,7.3282,0.23266,-0.42049,0.81028,FALSE,FALSE,6.8959
"supp_frac.H","rho_1",0.81146,0.80843,0.81451,0.81033,0.80723,0.81301,0.0011372,-0.0032114,0.0056533,NA,NA,NA
"supp_frac.H","rho_5",0.22484,0.21373,0.23614,0.22484,0.21267,0.23704,4.4433e-06,-0.017818,0.01686,NA,NA,NA
"supp_frac.H","rho_10",0.047622,0.034482,0.060435,0.049408,0.037907,0.061912,-0.0017859,-0.019169,0.015266,NA,NA,NA
"supp_frac.H","rho_20",0.010847,-0.0023867,0.025843,-0.0025633,-0.015799,0.011757,0.01341,-0.0061543,0.031979,NA,NA,NA
"supp_frac.H","rho_50",0.008751,-0.0035426,0.022397,0.0077272,-0.0043313,0.020671,0.0010238,-0.017197,0.019103,NA,NA,NA
"prep_cov.H","tau_int",2.6818,2.5795,2.7981,2.6103,2.5072,2.736,0.071423,-0.10501,0.23175,FALSE,FALSE,2.6438
"prep_cov.H","rho_1",0.50898,0.50457,0.51372,0.51093,0.50578,0.51648,-0.0019513,-0.0096561,0.005518,NA,NA,NA
"prep_cov.H","rho_5",0.015575,0.0076148,0.023241,0.0092337,0.0013533,0.017252,0.0063413,-0.0056374,0.017929,NA,NA,NA
"prep_cov.H","rho_10",0.0080989,-0.0007528,0.016323,0.0043062,-0.004311,0.013059,0.0037927,-0.0067961,0.015289,NA,NA,NA
"prep_cov.H","rho_20",-0.0034407,-0.012614,0.0042873,-0.0020835,-0.010475,0.0060407,-0.0013572,-0.012954,0.010181,NA,NA,NA
"prep_cov.H","rho_50",-0.0019952,-0.01008,0.0065084,4.9628e-05,-0.0090057,0.0091665,-0.0020448,-0.015251,0.009757,NA,NA,NA
"prev.W","tau_int",48.869,45.067,55.533,66.171,55.061,76.058,-17.303,-28.138,-4.0806,FALSE,TRUE,61.959
"prev.W","rho_1",0.98793,0.98722,0.98866,0.98896,0.98807,0.98963,-0.0010311,-0.0020888,0.00015296,NA,NA,NA
"prev.W","rho_5",0.90302,0.89815,0.9082,0.91249,0.90666,0.91684,-0.0094737,-0.016584,-0.0015534,NA,NA,NA
"prev.W","rho_10",0.78004,0.76933,0.79078,0.80305,0.79045,0.81226,-0.023015,-0.038342,-0.0059262,NA,NA,NA
"prev.W","rho_20",0.52716,0.5057,0.54831,0.5737,0.5498,0.59327,-0.046538,-0.078016,-0.012789,NA,NA,NA
"prev.W","rho_50",0.097482,0.058442,0.1379,0.16995,0.12836,0.20535,-0.07247,-0.12925,-0.011673,NA,NA,NA
"incid_rate.W","tau_int",4.9809,4.5153,5.4483,6.3945,5.5863,7.1937,-1.4135,-2.3937,-0.48263,FALSE,FALSE,6.1357
"incid_rate.W","rho_1",0.12597,0.11825,0.13421,0.12733,0.11824,0.13553,-0.001357,-0.011982,0.011396,NA,NA,NA
"incid_rate.W","rho_5",0.08751,0.079802,0.095319,0.091403,0.083447,0.098918,-0.0038929,-0.015445,0.0069949,NA,NA,NA
"incid_rate.W","rho_10",0.064056,0.055907,0.071534,0.072311,0.064644,0.081481,-0.0082543,-0.021853,0.0037332,NA,NA,NA
"incid_rate.W","rho_20",0.041121,0.033695,0.048665,0.056757,0.049416,0.064238,-0.015637,-0.027292,-0.0046543,NA,NA,NA
"incid_rate.W","rho_50",0.0025701,-0.0047463,0.0095561,0.014306,0.0067844,0.022007,-0.011736,-0.02305,-0.00012837,NA,NA,NA
"dx_frac.W","tau_int",8.0596,7.7363,8.3719,7.9103,7.5974,8.2456,0.14928,-0.29981,0.5626,FALSE,FALSE,7.8657
"dx_frac.W","rho_1",0.82459,0.82131,0.82785,0.82156,0.81748,0.825,0.0030275,-0.0011946,0.0079825,NA,NA,NA
"dx_frac.W","rho_5",0.27922,0.267,0.28943,0.27735,0.26623,0.28911,0.0018654,-0.014359,0.01661,NA,NA,NA
"dx_frac.W","rho_10",0.084306,0.070567,0.095967,0.079566,0.067035,0.093103,0.0047401,-0.012828,0.021241,NA,NA,NA
"dx_frac.W","rho_20",-0.010947,-0.025239,0.0015149,-0.011048,-0.024973,0.0022604,0.0001017,-0.019955,0.018708,NA,NA,NA
"dx_frac.W","rho_50",-0.017918,-0.030854,-0.0042486,-0.0079471,-0.022181,0.0068138,-0.0099707,-0.029293,0.008274,NA,NA,NA
"supp_frac.W","tau_int",7.0639,6.7179,7.5678,6.9193,6.7024,7.2275,0.14465,-0.28062,0.64768,FALSE,FALSE,6.9621
"supp_frac.W","rho_1",0.81611,0.81299,0.81908,0.81732,0.81417,0.82043,-0.0012111,-0.0057845,0.0034847,NA,NA,NA
"supp_frac.W","rho_5",0.23261,0.2219,0.24475,0.24299,0.23179,0.25462,-0.010384,-0.025918,0.0074231,NA,NA,NA
"supp_frac.W","rho_10",0.046499,0.03392,0.059757,0.035873,0.023007,0.048507,0.010627,-0.0079187,0.029769,NA,NA,NA
"supp_frac.W","rho_20",0.0020953,-0.011986,0.016417,-0.0079181,-0.020207,0.00536,0.010013,-0.0088764,0.029835,NA,NA,NA
"supp_frac.W","rho_50",-0.0036732,-0.019138,0.011601,0.010022,-0.003566,0.022962,-0.013695,-0.031654,0.0063156,NA,NA,NA
"prep_cov.W","tau_int",2.1992,2.1518,2.3103,2.3494,2.1977,2.4795,-0.15019,-0.27363,0.051642,FALSE,FALSE,2.3639
"prep_cov.W","rho_1",0.44528,0.43975,0.45058,0.44289,0.4378,0.44812,0.0023885,-0.0050488,0.0099288,NA,NA,NA
"prep_cov.W","rho_5",0.00067236,-0.0071976,0.0079015,0.0080428,0.00096127,0.015662,-0.0073705,-0.018052,0.0036407,NA,NA,NA
"prep_cov.W","rho_10",0.0078464,-0.00029351,0.015449,0.0076484,-0.00012071,0.015886,0.00019802,-0.012891,0.01163,NA,NA,NA
"prep_cov.W","rho_20",0.00053614,-0.0076679,0.0095829,0.003223,-0.0054139,0.011613,-0.0026869,-0.01444,0.010157,NA,NA,NA
"prep_cov.W","rho_50",-0.0028584,-0.011501,0.0057958,-0.00083806,-0.0080248,0.0069107,-0.0020203,-0.013143,0.0097771,NA,NA,NA
"gono_prev","tau_int",20.775,18.346,22.905,22.595,20.227,25.248,-1.8207,-5.4001,1.2669,FALSE,FALSE,22.284
"gono_prev","rho_1",0.93027,0.92813,0.9323,0.93985,0.93782,0.94177,-0.0095727,-0.012482,-0.0066804,NA,NA,NA
"gono_prev","rho_5",0.56623,0.55348,0.57592,0.60707,0.59522,0.61849,-0.040845,-0.057403,-0.024904,NA,NA,NA
"gono_prev","rho_10",0.33192,0.3127,0.34805,0.36598,0.34983,0.38482,-0.034054,-0.05932,-0.010952,NA,NA,NA
"gono_prev","rho_20",0.13535,0.11349,0.15421,0.16729,0.1448,0.18893,-0.031941,-0.059627,-0.0045368,NA,NA,NA
"gono_prev","rho_50",0.020138,-0.0019016,0.036657,0.012382,-0.0097536,0.034964,0.0077561,-0.022313,0.0352,NA,NA,NA
"gono_ir","tau_int",20.517,18.053,22.96,22.38,19.909,24.698,-1.8624,-5.0707,1.6642,FALSE,FALSE,22.022
"gono_ir","rho_1",0.92079,0.91836,0.92294,0.93177,0.92975,0.93401,-0.010979,-0.014303,-0.0079515,NA,NA,NA
"gono_ir","rho_5",0.55943,0.54662,0.57113,0.6012,0.58966,0.61289,-0.041764,-0.057938,-0.025142,NA,NA,NA
"gono_ir","rho_10",0.32739,0.30849,0.34601,0.36316,0.34387,0.38027,-0.03577,-0.057787,-0.012287,NA,NA,NA
"gono_ir","rho_20",0.13431,0.11224,0.15316,0.16574,0.14458,0.18687,-0.031424,-0.059231,-0.0038514,NA,NA,NA
"gono_ir","rho_50",0.01952,-0.00068025,0.037885,0.012245,-0.0097855,0.033432,0.007275,-0.019984,0.035363,NA,NA,NA
"chla_prev","tau_int",21.529,20.219,23.594,23.374,20.845,26.368,-1.8456,-5.1324,1.5225,FALSE,FALSE,22.898
"chla_prev","rho_1",0.93279,0.93046,0.93474,0.94003,0.93801,0.94198,-0.0072353,-0.010127,-0.0041219,NA,NA,NA
"chla_prev","rho_5",0.57816,0.56525,0.58941,0.61631,0.60458,0.62762,-0.038148,-0.056907,-0.020162,NA,NA,NA
"chla_prev","rho_10",0.34863,0.33032,0.36471,0.38387,0.36378,0.40268,-0.035243,-0.063069,-0.0082634,NA,NA,NA
"chla_prev","rho_20",0.17195,0.15179,0.19107,0.17801,0.15329,0.19988,-0.0060619,-0.036763,0.02443,NA,NA,NA
"chla_prev","rho_50",0.0056076,-0.01639,0.029392,0.022956,-0.00084356,0.047258,-0.017348,-0.051357,0.015782,NA,NA,NA
"chla_ir","tau_int",20.982,19.52,23.19,22.81,20.558,25.437,-1.8277,-4.7117,1.5905,FALSE,FALSE,22.285
"chla_ir","rho_1",0.9161,0.91334,0.91851,0.9249,0.92281,0.92716,-0.0087976,-0.012428,-0.0052826,NA,NA,NA
"chla_ir","rho_5",0.56576,0.55305,0.57758,0.60445,0.59235,0.61621,-0.038693,-0.057477,-0.022092,NA,NA,NA
"chla_ir","rho_10",0.34058,0.32289,0.35763,0.37572,0.35715,0.39437,-0.035139,-0.060156,-0.010049,NA,NA,NA
"chla_ir","rho_20",0.16682,0.14653,0.18567,0.17332,0.15297,0.1931,-0.0065005,-0.033747,0.023889,NA,NA,NA
"chla_ir","rho_50",0.005128,-0.015352,0.02604,0.021523,-0.0017858,0.04355,-0.016395,-0.047476,0.015946,NA,NA,NA
"syph_prev","tau_int",14.529,13.817,15.671,19.131,17.633,21.245,-4.602,-6.6879,-2.8252,FALSE,FALSE,18.438
"syph_prev","rho_1",0.95083,0.94954,0.95208,0.96184,0.96037,0.96328,-0.011012,-0.012863,-0.0092744,NA,NA,NA
"syph_prev","rho_5",0.51389,0.50377,0.52518,0.59699,0.58199,0.6104,-0.083092,-0.10005,-0.064266,NA,NA,NA
"syph_prev","rho_10",0.223,0.20826,0.24226,0.31502,0.29395,0.33535,-0.092025,-0.11741,-0.064444,NA,NA,NA
"syph_prev","rho_20",0.068165,0.051807,0.086407,0.11889,0.098275,0.13907,-0.050727,-0.079616,-0.022635,NA,NA,NA
"syph_prev","rho_50",-0.0070984,-0.027543,0.012978,0.0069964,-0.013101,0.028801,-0.014095,-0.045367,0.016705,NA,NA,NA
"syph_ir","tau_int",12.258,11.583,12.986,16.671,15.395,18.427,-4.4135,-6.3756,-2.9741,FALSE,FALSE,16.099
"syph_ir","rho_1",0.89101,0.88847,0.89327,0.91363,0.91104,0.91648,-0.022623,-0.026164,-0.019078,NA,NA,NA
"syph_ir","rho_5",0.40789,0.39633,0.41895,0.50276,0.48866,0.51762,-0.094868,-0.11426,-0.076905,NA,NA,NA
"syph_ir","rho_10",0.17546,0.16078,0.18905,0.26348,0.2431,0.28285,-0.088025,-0.11329,-0.065296,NA,NA,NA
"syph_ir","rho_20",0.056806,0.041128,0.07008,0.10158,0.083345,0.1189,-0.044775,-0.070236,-0.020722,NA,NA,NA
"syph_ir","rho_50",-0.0069551,-0.024333,0.011777,0.0047505,-0.017113,0.024369,-0.011706,-0.038753,0.017187,NA,NA,NA
"num","tau_int",51.685,46.439,58.196,52.915,47.339,59.825,-1.2306,-11.145,7.7723,TRUE,TRUE,49.571
"num","rho_1",0.98543,0.98455,0.98632,0.98546,0.98444,0.98626,-2.9921e-05,-0.0011871,0.0012865,NA,NA,NA
"num","rho_5",0.8966,0.89096,0.90161,0.89929,0.89284,0.90442,-0.002682,-0.0093979,0.0053704,NA,NA,NA
"num","rho_10",0.78719,0.77603,0.79705,0.79172,0.77922,0.80194,-0.0045336,-0.018506,0.010655,NA,NA,NA
"num","rho_20",0.57405,0.5531,0.59215,0.58563,0.56422,0.60449,-0.011584,-0.037236,0.0158,NA,NA,NA
"num","rho_50",0.027172,-0.016158,0.065452,0.030256,-0.011571,0.068941,-0.0030846,-0.060845,0.045493,NA,NA,NA
"i.prev.dx.B","tau_int",46.979,43.268,51.513,56.658,50.145,65.946,-9.6785,-19.75,-1.1868,FALSE,TRUE,NA
"i.prev.dx.B","rho_1",0.99076,0.99009,0.9914,0.99099,0.99032,0.99161,-0.00023327,-0.001182,0.00062483,NA,NA,NA
"i.prev.dx.B","rho_5",0.9162,0.91121,0.92065,0.92002,0.91536,0.92498,-0.0038196,-0.0107,0.0025694,NA,NA,NA
"i.prev.dx.B","rho_10",0.79379,0.7824,0.8036,0.80475,0.79378,0.81622,-0.010964,-0.025793,0.0036702,NA,NA,NA
"i.prev.dx.B","rho_20",0.52101,0.49558,0.54259,0.54919,0.5247,0.57502,-0.028172,-0.061473,0.0045913,NA,NA,NA
"i.prev.dx.B","rho_50",0.072413,0.033418,0.10849,0.13506,0.096117,0.1744,-0.062648,-0.11743,-0.0065813,NA,NA,NA
"i.prev.dx.H","tau_int",31.16,29.007,34.276,39.256,34.44,44.692,-8.0959,-13.089,-2.1097,FALSE,FALSE,NA
"i.prev.dx.H","rho_1",0.9726,0.97157,0.97379,0.97357,0.97247,0.97447,-0.00096948,-0.0024492,0.00057629,NA,NA,NA
"i.prev.dx.H","rho_5",0.81197,0.80544,0.81933,0.81526,0.80772,0.82101,-0.0032899,-0.012052,0.0071807,NA,NA,NA
"i.prev.dx.H","rho_10",0.62006,0.60743,0.63388,0.62824,0.61384,0.63976,-0.0081742,-0.025216,0.012176,NA,NA,NA
"i.prev.dx.H","rho_20",0.31233,0.28787,0.33615,0.32195,0.29732,0.34157,-0.0096109,-0.041989,0.025454,NA,NA,NA
"i.prev.dx.H","rho_50",0.014282,-0.021429,0.043271,0.065507,0.034966,0.097741,-0.051226,-0.094125,-0.012182,NA,NA,NA
"i.prev.dx.W","tau_int",47.482,43.871,53.375,64.308,53.287,72.449,-16.826,-25.327,-3.6759,FALSE,TRUE,NA
"i.prev.dx.W","rho_1",0.98726,0.98652,0.98798,0.98811,0.98725,0.9889,-0.00085316,-0.0019079,0.00019818,NA,NA,NA
"i.prev.dx.W","rho_5",0.89786,0.8929,0.90265,0.90751,0.90163,0.91264,-0.009652,-0.016906,-0.0021167,NA,NA,NA
"i.prev.dx.W","rho_10",0.76946,0.7591,0.77982,0.79281,0.78074,0.80353,-0.02335,-0.038131,-0.0081172,NA,NA,NA
"i.prev.dx.W","rho_20",0.51038,0.49054,0.53287,0.55716,0.53118,0.57938,-0.046779,-0.076066,-0.014146,NA,NA,NA
"i.prev.dx.W","rho_50",0.089933,0.051186,0.12567,0.1628,0.12239,0.20168,-0.072869,-0.12426,-0.010455,NA,NA,NA
