"var","block","o70","o70_lo","o70_hi","pct70","pct70_lo","pct70_hi","r70","r70_lo","r70_hi","o70_fit","o70_fit_lo","o70_fit_hi","b_over_mcse_N32","b_over_mcse_N128","b_over_mcse_N256","b_over_mcse_N1024"
"prev","key",1.1268,0.99667,1.2529,1.5931,1.4102,1.7742,0.9245,0.7652,1.0685,1.1288,0.99084,1.2679,6.3739,12.748,18.028,36.056
"incid_rate","key",0.16594,0.036258,0.27856,0.69697,0.15224,1.1675,0.91672,0.73721,1.1183,0.12658,0.080243,0.164,0.93868,1.8774,2.655,5.31
"dx_frac","key",0.63182,0.4973,0.7685,0.19242,0.15212,0.23326,1.0461,0.85496,1.2603,0.60214,0.54528,0.69808,3.5741,7.1482,10.109,20.218
"supp_frac","key",0.18094,0.05678,0.3054,0.10697,0.03373,0.18081,1.0362,0.87851,1.2044,0.10806,0.054513,0.16249,1.0236,2.0471,2.8951,5.7901
"prep_cov","key",-0.089038,-0.21468,0.029102,-0.058691,-0.14182,0.019227,1.0254,0.82204,1.2292,-0.0013704,-0.0058525,-9.6226e-06,0.50367,1.0073,1.4246,2.8492
"prev.B","key",0.9399,0.80622,1.0618,1.1882,1.0188,1.3399,0.94911,0.78361,1.1236,0.96093,0.84703,1.0688,5.3169,10.634,15.038,30.077
"incid_rate.B","key",0.1958,0.076835,0.33161,0.8967,0.35248,1.5158,0.97408,0.80178,1.1683,0.12441,0.088369,0.16144,1.1076,2.2152,3.1328,6.2656
"dx_frac.B","key",0.4621,0.33456,0.59954,0.15372,0.11073,0.19913,1.1325,0.93285,1.3372,0.47172,0.38668,0.53507,2.6141,5.2281,7.3937,14.787
"supp_frac.B","key",0.02936,-0.10992,0.16366,0.020084,-0.075532,0.11167,1.0278,0.8704,1.1852,-0.0064691,-0.054585,0.031611,0.16609,0.33217,0.46976,0.93953
"prep_cov.B","key",-0.08628,-0.20471,0.046199,-0.10346,-0.24612,0.055305,1.1686,0.96181,1.4015,-0.085735,-0.10521,-0.06347,0.48807,0.97615,1.3805,2.761
"prev.H","key",0.69927,0.56937,0.84019,2.6962,2.201,3.2457,1.1258,0.89638,1.4035,0.68776,0.55716,0.79922,3.9556,7.9113,11.188,22.377
"incid_rate.H","key",-0.04112,-0.1575,0.072853,-0.71626,-2.7471,1.2679,0.9504,0.78185,1.1421,0.025421,0.016523,0.035112,0.23261,0.46522,0.65792,1.3158
"dx_frac.H","key",0.16638,0.055063,0.28815,0.2712,0.089507,0.47171,0.91414,0.74667,1.1217,0.24442,0.18473,0.30374,0.94117,1.8823,2.662,5.3241
"supp_frac.H","key",0.028325,-0.08982,0.15383,0.09594,-0.30499,0.52073,0.97034,0.80112,1.1448,0.12468,0.092923,0.17571,0.16023,0.32046,0.4532,0.9064
"prep_cov.H","key",-0.013585,-0.1448,0.10436,-0.041159,-0.43783,0.3159,0.94692,0.78762,1.1147,-0.018552,-0.072484,0.039224,0.07685,0.1537,0.21736,0.43473
"prev.W","key",1.2509,1.1291,1.3623,3.111,2.8327,3.3796,0.92992,0.7782,1.0954,1.2379,1.1208,1.3776,7.0763,14.153,20.015,40.03
"incid_rate.W","key",0.11598,0.0061417,0.22488,0.90502,0.047974,1.7543,0.86164,0.71531,1.0086,0.10188,0.078429,0.16298,0.65607,1.3121,1.8557,3.7113
"dx_frac.W","key",0.52249,0.41535,0.63212,0.31062,0.24685,0.37662,0.8289,0.7067,0.9819,0.39175,0.34314,0.43704,2.9557,5.9113,8.3599,16.72
"supp_frac.W","key",0.13932,0.021668,0.26885,0.15639,0.024321,0.30248,0.95859,0.79298,1.1174,0.17415,0.14437,0.20364,0.78813,1.5763,2.2292,4.4583
"prep_cov.W","key",-0.12608,-0.25406,0.0019672,-0.10007,-0.20149,0.0015613,0.94554,0.77102,1.1124,-0.085628,-0.12488,-0.046572,0.71324,1.4265,2.0174,4.0347
"gono_prev","key",0.043395,-0.081539,0.16898,0.45649,-0.84851,1.7845,0.8728,0.72529,1.0278,-0.031952,-0.039066,-0.020506,0.24548,0.49096,0.69432,1.3886
"gono_ir","key",0.036398,-0.074111,0.14859,0.38748,-0.78846,1.5849,0.86221,0.71937,1.0227,-0.024481,-0.032759,-0.009906,0.2059,0.4118,0.58237,1.1647
"chla_prev","key",0.087688,-0.02438,0.19068,0.55903,-0.15504,1.2063,0.90318,0.76119,1.0453,0.0023375,-0.024967,0.011215,0.49604,0.99207,1.403,2.806
"chla_ir","key",0.074847,-0.041796,0.19349,0.4886,-0.27418,1.2598,0.8801,0.75516,1.0059,-0.015541,-0.021554,0.0077478,0.4234,0.84679,1.1975,2.3951
"syph_prev","key",-0.050135,-0.17342,0.069324,-0.98251,-3.3766,1.3602,0.99467,0.81864,1.1718,0.13786,0.09228,0.18415,0.28361,0.56722,0.80216,1.6043
"syph_ir","key",-0.032248,-0.15612,0.081699,-0.6889,-3.3382,1.7429,0.96619,0.79053,1.151,0.14051,0.08892,0.17495,0.18242,0.36485,0.51597,1.0319
"num","key",-0.21911,-0.35237,-0.090574,-0.069277,-0.11033,-0.028859,0.96829,0.79246,1.1375,-0.15091,-0.27138,0.029287,1.2395,2.479,3.5058,7.0116
"num.B","state",-0.12439,-0.24494,0.0035019,-0.056933,-0.11163,0.0016239,0.89884,0.73531,1.0902,-0.011863,-0.16304,0.015522,0.70363,1.4073,1.9902,3.9804
"hiv.inf.B","state",0.82962,0.70038,0.94956,1.1306,0.95733,1.2883,0.95044,0.7879,1.1147,0.86252,0.74784,0.99134,4.6931,9.3861,13.274,26.548
"hiv.dx.B","state",0.90464,0.77277,1.0345,1.2858,1.1111,1.4591,0.94079,0.77755,1.09,0.92326,0.80381,1.0295,5.1174,10.235,14.474,28.948
"hiv.tx.B","state",0.77244,0.65421,0.89425,1.1552,0.98681,1.3348,0.89886,0.75115,1.0698,0.81486,0.71135,0.90927,4.3696,8.7392,12.359,24.718
"hiv.supp.B","state",0.76713,0.6465,0.88815,1.1502,0.97836,1.3249,0.90319,0.73737,1.066,0.81092,0.6995,0.91649,4.3395,8.6791,12.274,24.548
"prep.B","state",-0.6252,-0.75155,-0.50651,-1.0056,-1.2126,-0.81176,1.0679,0.88271,1.2591,-0.68499,-0.75028,-0.59152,3.5367,7.0734,10.003,20.006
"prep.indic.B","state",-0.86147,-0.98354,-0.7367,-0.90354,-1.0311,-0.77296,0.8884,0.74246,1.0401,-0.92952,-1.0304,-0.84876,4.8732,9.7464,13.783,27.567
"num.H","state",-0.12456,-0.27452,0.018914,-0.17757,-0.38814,0.026742,1.3158,1.0848,1.5718,-0.16542,-0.33191,-0.029817,0.7046,1.4092,1.9929,3.9858
"hiv.inf.H","state",0.60961,0.48214,0.74671,2.5169,1.9997,3.0524,1.1899,0.96954,1.4295,0.59783,0.48172,0.71738,3.4485,6.897,9.7538,19.508
"hiv.dx.H","state",0.62393,0.49815,0.766,2.7885,2.2139,3.4195,1.0971,0.92227,1.2936,0.62158,0.49485,0.73665,3.5295,7.059,9.9829,19.966
"hiv.tx.H","state",0.49729,0.36864,0.62487,2.6274,1.9599,3.3159,1.1054,0.92758,1.312,0.52209,0.41006,0.62201,2.8131,5.6262,7.9566,15.913
"hiv.supp.H","state",0.49143,0.36198,0.63421,2.6118,1.9027,3.3818,1.1034,0.90158,1.3191,0.5205,0.41918,0.61437,2.78,5.5599,7.8629,15.726
"prep.H","state",-0.21921,-0.33444,-0.10969,-0.77455,-1.1798,-0.38642,0.87597,0.71411,1.0386,-0.17747,-0.32881,-0.11202,1.24,2.48,3.5073,7.0146
"prep.indic.H","state",-0.37867,-0.50973,-0.25226,-0.72905,-0.97991,-0.48084,0.9983,0.83152,1.1693,-0.40612,-0.50229,-0.29624,2.1421,4.2842,6.0588,12.118
"num.W","state",-0.15455,-0.30061,-0.0027269,-0.071571,-0.1381,-0.001278,1.0416,0.83584,1.2601,0.02223,-0.15292,0.16335,0.87429,1.7486,2.4729,4.9457
"hiv.inf.W","state",1.2121,1.0945,1.3403,3.037,2.7434,3.3651,0.92897,0.77731,1.0978,1.1981,1.0967,1.3441,6.8566,13.713,19.394,38.787
"hiv.dx.W","state",1.2943,1.1766,1.4284,3.3581,3.0628,3.7163,0.96439,0.77615,1.1433,1.2552,1.154,1.3924,7.3217,14.643,20.709,41.418
"hiv.tx.W","state",1.1716,1.0574,1.2974,3.1899,2.8637,3.5153,0.98601,0.80639,1.1561,1.1326,1.0474,1.2941,6.6275,13.255,18.745,37.491
"hiv.supp.W","state",1.1725,1.0404,1.2962,3.1998,2.8378,3.5362,0.99084,0.83271,1.1746,1.1328,1.0389,1.2649,6.6326,13.265,18.76,37.52
"prep.W","state",-0.635,-0.76507,-0.50871,-0.63303,-0.76277,-0.50473,0.93539,0.75438,1.1145,-0.5568,-0.64424,-0.44761,3.5921,7.1842,10.16,20.32
"prep.indic.W","state",-0.77055,-0.91285,-0.64973,-0.53331,-0.62739,-0.45169,1.0272,0.85073,1.1912,-0.71248,-0.83854,-0.61469,4.3589,8.7178,12.329,24.658
"gono.uret.inf","state",0.032242,-0.093029,0.16351,0.34583,-0.99596,1.7433,0.86024,0.72043,1.0047,-0.019953,-0.03066,0.0022491,0.18239,0.36478,0.51588,1.0318
"gono.rect.inf","state",0.039437,-0.082258,0.15382,0.41717,-0.8649,1.6391,0.87979,0.72778,1.0272,-0.01786,-0.028214,0.0079051,0.22309,0.44618,0.63099,1.262
"chla.uret.inf","state",0.075869,-0.031074,0.19011,0.4998,-0.20481,1.2539,0.88671,0.74683,1.0278,-0.0095358,-0.028046,0.010447,0.42918,0.85836,1.2139,2.4278
"chla.rect.inf","state",0.078545,-0.038807,0.19877,0.5122,-0.2555,1.2919,0.91708,0.7823,1.0532,-0.0056242,-0.030374,0.017029,0.44432,0.88863,1.2567,2.5134
"syph.inf","state",-0.053567,-0.17003,0.070748,-1.0499,-3.351,1.3934,0.99455,0.82633,1.1812,0.16471,0.11984,0.20534,0.30302,0.60604,0.85706,1.7141
"i.prev.dx.B","project",1.0087,0.88732,1.1374,1.3434,1.1819,1.5023,0.93357,0.74797,1.1324,1.0354,0.92088,1.1564,5.7062,11.412,16.14,32.279
"i.prev.dx.H","project",0.70381,0.57818,0.83182,2.968,2.4355,3.4756,1.0295,0.85802,1.2385,0.7058,0.60241,0.83378,3.9814,7.9627,11.261,22.522
"i.prev.dx.W","project",1.3333,1.2148,1.4673,3.4322,3.1587,3.7683,0.96547,0.79947,1.1346,1.2947,1.1762,1.4419,7.5422,15.084,21.332,42.665
"cc.vsupp.B","project",-0.22456,-0.34273,-0.10594,-0.13355,-0.20429,-0.06299,0.9233,0.76623,1.0844,-0.20835,-0.29772,-0.13245,1.2703,2.5406,3.593,7.1859
"cc.vsupp.H","project",-0.059279,-0.19075,0.057118,-0.17598,-0.56118,0.16943,0.95395,0.80406,1.1061,-0.028543,-0.066918,0.012757,0.33533,0.67066,0.94846,1.8969
"cc.vsupp.W","project",-0.16157,-0.28784,-0.042762,-0.15393,-0.27364,-0.040979,0.96343,0.81248,1.1435,-0.12293,-0.1815,-0.054401,0.914,1.828,2.5852,5.1704
"ir100.gono","project",0.03622,-0.088035,0.15229,0.39501,-0.95394,1.6604,0.86234,0.72515,1.0181,-0.024693,-0.031974,-0.014253,0.20489,0.40978,0.57951,1.159
"ir100.chla","project",0.075151,-0.043835,0.20163,0.51444,-0.30282,1.3781,0.88211,0.7478,1.0157,-0.00923,-0.021212,0.01269,0.42512,0.85023,1.2024,2.4048
"ir100.syph","project",-0.032754,-0.15896,0.088547,-0.71274,-3.4504,1.9252,0.965,0.8046,1.1326,0.13515,0.094515,0.17802,0.18529,0.37057,0.52407,1.0481
"disease.mr100","project",0.15374,0.012129,0.27974,1.8873,0.14899,3.4355,1.2662,1.0354,1.4851,0.054931,0.0267,0.080659,0.8697,1.7394,2.4599,4.9197
"ir100.hiv.dx.B","project",0.080777,-0.044056,0.19469,0.34479,-0.18763,0.83269,1.0542,0.86407,1.248,0.12648,0.090518,0.16418,0.45694,0.91389,1.2924,2.5849
"ir100.hiv.dx.H","project",0.0002984,-0.10455,0.11479,0.0053854,-1.8918,2.069,0.90275,0.7418,1.0582,0.029328,0.017928,0.041761,0.001688,0.003376,0.0047744,0.0095488
"ir100.hiv.dx.W","project",0.14944,0.029821,0.27707,1.1391,0.22719,2.1078,0.93149,0.7729,1.072,0.13483,0.11507,0.19257,0.84537,1.6907,2.3911,4.7821
