"var","block","mu_cold","mu_x0","sd_cold","sd_x0","d_mean","d_mean_lo","d_mean_hi","pct_diff","pct_lo","pct_hi","var_ratio","vr_lo","vr_hi","z_mean","p_mean","z_var","p_var"
"prev","key",0.255,0.24615,0.0036053,0.0036834,2.4265,2.3353,2.5183,3.5927,3.4808,3.7014,0.95806,0.87256,1.0466,33.217,0.00049975,-1.027,0.31484
"prev.W","key",0.10343,0.097501,0.0025721,0.002626,2.28,2.1876,2.3698,6.078,5.878,6.2785,0.95941,0.87793,1.0429,31.821,0.00049975,-1.0284,0.30535
"prev.B","key",0.40122,0.38961,0.005072,0.0051594,2.269,2.1852,2.3508,2.9793,2.8877,3.0718,0.96641,0.8838,1.0517,31.934,0.00049975,-0.84874,0.38981
"i.prev.dx.B","project",0.33955,0.32924,0.004522,0.0045758,2.2646,2.182,2.3486,3.1289,3.0327,3.2267,0.97666,0.89737,1.0616,31.909,0.00049975,-0.59335,0.56172
"hiv.inf.W","state",4687.4,4419.6,117.45,119.03,2.2642,2.1745,2.3518,6.0576,5.8639,6.2443,0.97349,0.88642,1.0565,31.627,0.00049975,-0.6626,0.50875
"i.prev.dx.W","project",0.089489,0.084289,0.0023037,0.0023414,2.2391,2.1483,2.3263,6.1699,5.9633,6.3687,0.96803,0.885,1.052,31.499,0.00049975,-0.80985,0.41579
"hiv.dx.W","state",4055.7,3820.7,105.22,106.18,2.2228,2.1357,2.3079,6.1495,5.9438,6.338,0.98202,0.89752,1.0653,31.297,0.00049975,-0.44921,0.64968
"hiv.dx.B","state",16974,16465,241.26,240.83,2.1119,2.031,2.1939,3.0918,2.9928,3.1927,1.0036,0.92995,1.0867,30.31,0.00049975,0.087041,0.94353
"hiv.tx.W","state",2919.7,2751.6,79.494,80.122,2.1063,2.0293,2.1827,6.1093,5.9093,6.3009,0.98438,0.9104,1.0552,30.432,0.00049975,-0.4128,0.68016
"hiv.supp.W","state",2882.5,2716.5,78.663,79.264,2.1023,2.0254,2.1784,6.1112,5.9109,6.3029,0.98489,0.91132,1.0553,30.401,0.00049975,-0.39995,0.69165
"hiv.inf.B","state",20057,19484,273.34,273.76,2.0957,2.0156,2.1759,2.9423,2.8427,3.0389,0.99692,0.92116,1.0793,30.146,0.00049975,-0.074444,0.95502
"hiv.tx.B","state",10393,10089,155.43,155.54,1.9561,1.8845,2.0253,3.0147,2.9155,3.1108,0.99857,0.93379,1.0703,29.205,0.00049975,-0.038253,0.96552
"hiv.supp.B","state",10217,9918,153.19,153.3,1.9516,1.8801,2.0203,3.0154,2.9159,3.1112,0.99849,0.93408,1.07,29.173,0.00049975,-0.040439,0.96702
"chla_prev","key",0.048025,0.042706,0.0030617,0.0030885,1.7295,1.6813,1.7791,12.454,12.138,12.784,0.9827,0.93181,1.0288,28.181,0.00049975,-0.65219,0.50725
"ir100.chla","project",17.212,15.193,1.1782,1.1701,1.7193,1.6722,1.7679,13.287,12.951,13.638,1.0139,0.96269,1.06,28.124,0.00049975,0.52108,0.5967
"chla.rect.inf","state",2777.1,2465.4,181.09,181.76,1.7182,1.6708,1.7666,12.644,12.321,12.977,0.99266,0.94061,1.0374,28.064,0.00049975,-0.27418,0.7946
"chla_ir","key",16.382,14.541,1.0694,1.0736,1.7181,1.6712,1.7667,12.661,12.341,12.993,0.99217,0.94212,1.037,28.117,0.00049975,-0.29821,0.77311
"chla.uret.inf","state",2134.9,1893.7,140.64,140.65,1.7156,1.6679,1.7655,12.742,12.416,13.081,0.99989,0.94946,1.045,28.059,0.00049975,-0.004196,0.9965
"ir100.gono","project",14.92,12.387,1.6271,1.6121,1.5639,1.5145,1.6061,20.45,19.77,21.073,1.0187,0.96244,1.0676,26.879,0.00049975,0.66899,0.50925
"gono_prev","key",0.024516,0.020477,0.002579,0.0025864,1.5639,1.5145,1.6071,19.725,19.077,20.327,0.99427,0.93804,1.0423,26.863,0.00049975,-0.20596,0.84308
"gono_ir","key",14.55,12.129,1.5489,1.5473,1.5637,1.5144,1.6059,19.96,19.298,20.567,1.002,0.94658,1.0501,26.878,0.00049975,0.073188,0.94653
"gono.rect.inf","state",1575.2,1315.5,166.63,166.72,1.5585,1.5102,1.6026,19.747,19.106,20.342,0.9989,0.94354,1.0474,26.803,0.00049975,-0.039356,0.96802
"gono.uret.inf","state",897.24,747.58,96.238,95.909,1.5578,1.5083,1.6015,20.019,19.358,20.626,1.0069,0.95076,1.0562,26.809,0.00049975,0.2457,0.8046
"prep.indic.B","state",20200,20502,211.87,215.54,-1.4129,-1.4704,-1.3495,-1.4728,-1.5335,-1.4066,0.96619,0.90216,1.0285,-24.81,0.00049975,-0.96007,0.34283
"prev.H","key",0.16198,0.15409,0.0062455,0.0062867,1.2584,1.1962,1.3226,5.117,4.8633,5.3753,0.98692,0.92685,1.0585,23.574,0.00049975,-0.35714,0.71714
"hiv.inf.H","state",767.52,729.88,31.689,31.582,1.1898,1.1217,1.2525,5.1569,4.8625,5.4306,1.0068,0.93273,1.0815,22.744,0.00049975,0.18422,0.85657
"i.prev.dx.H","project",0.13374,0.12707,0.00564,0.0056367,1.1827,1.1215,1.2484,5.2477,4.9781,5.5211,1.0012,0.94276,1.0732,22.997,0.00049975,0.032651,0.97451
"prep.B","state",3974.1,4048.8,63.919,65.143,-1.1576,-1.2031,-1.1089,-1.8451,-1.9184,-1.7679,0.96277,0.91866,1.0004,-23.548,0.00049975,-1.4435,0.15092
"hiv.dx.H","state",633.71,601.89,28.322,28.084,1.1284,1.0573,1.1918,5.2877,4.9911,5.578,1.017,0.94928,1.0911,22.299,0.00049975,0.47442,0.64518
"syph_prev","key",0.022495,0.017815,0.0044084,0.0044818,1.0529,1.0155,1.0928,26.272,25.157,27.454,0.9675,0.92222,1.0146,23.123,0.00049975,-1.2307,0.21739
"syph.inf","state",2250.6,1782.8,441.1,448.37,1.0519,1.015,1.0919,26.243,25.13,27.418,0.96786,0.92227,1.0149,23.113,0.00049975,-1.2167,0.21989
"ir100.syph","project",2.5953,2.0477,0.56474,0.56004,0.97369,0.93936,1.0113,26.742,25.607,27.965,1.0169,0.97398,1.0597,22.749,0.00049975,0.70643,0.47576
"syph_ir","key",2.5346,2.0088,0.54145,0.54151,0.97094,0.93674,1.0086,26.172,25.058,27.369,0.99979,0.9572,1.0416,22.729,0.00049975,-0.0086912,0.995
"incid_rate","key",1.4087,1.3527,0.05917,0.058028,0.95577,0.92522,0.98337,4.1405,4.0121,4.2595,1.0397,1.0176,1.0618,23.519,0.00049975,2.7292,0.0069965
"hiv.tx.H","state",398.45,378.74,21.052,20.928,0.93878,0.87551,0.98962,5.2027,4.8815,5.5015,1.0119,0.95949,1.0624,21.188,0.00049975,0.40437,0.69065
"hiv.supp.H","state",391.63,372.26,20.814,20.686,0.93304,0.86993,0.98356,5.2008,4.8776,5.5007,1.0124,0.96027,1.0629,21.148,0.00049975,0.42107,0.67866
"incid_rate.B","key",2.6547,2.5501,0.12157,0.11864,0.87054,0.84461,0.89471,4.1005,3.979,4.2212,1.05,1.0292,1.0692,23.124,0.00049975,3.8062,0.0009995
"incid_rate.W","key",0.54098,0.50865,0.042215,0.04095,0.77753,0.7539,0.80104,6.3571,6.1646,6.5522,1.0627,1.0448,1.0796,22.693,0.00049975,5.3765,0.00049975
"dx_frac","key",0.84914,0.84793,0.0025861,0.0026112,0.46488,0.43804,0.4901,0.14247,0.13432,0.14996,0.98083,0.94745,1.0151,19.14,0.00049975,-1.1286,0.27036
"dx_frac.B","key",0.84628,0.84505,0.0028151,0.0028504,0.43329,0.40527,0.46366,0.14525,0.13565,0.15545,0.97539,0.94341,1.0093,17.994,0.00049975,-1.5153,0.12994
"prep.indic.W","state",27550,27629,190.68,195.7,-0.41002,-0.47356,-0.35335,-0.28672,-0.33023,-0.24766,0.9493,0.89308,1.013,-11.632,0.00049975,-1.3686,0.16892
"prep.W","state",8790.9,8820,87.637,88.9,-0.32917,-0.37718,-0.28254,-0.32944,-0.37688,-0.28385,0.97178,0.93688,1.0126,-11.971,0.00049975,-1.2583,0.2044
"prep_cov.B","key",0.19674,0.19748,0.0023591,0.0023474,-0.31701,-0.33373,-0.29993,-0.37775,-0.39727,-0.35744,1.01,0.99384,1.0246,-19.083,0.00049975,1.174,0.23588
"incid_rate.H","key",0.89724,0.85005,0.15629,0.15206,0.30605,0.2916,0.32135,5.5513,5.2749,5.8447,1.0564,1.0413,1.0711,20.313,0.00049975,7.2791,0.00049975
"supp_frac","key",0.52881,0.528,0.0031263,0.0031722,0.25553,0.23062,0.28241,0.15241,0.13785,0.1685,0.97127,0.94546,0.999,14.809,0.00049975,-1.9896,0.050975
"prep.indic.H","state",2699.8,2712.7,51.979,54.085,-0.24353,-0.30271,-0.18225,-0.47618,-0.59146,-0.35427,0.92363,0.87154,0.9753,-7.4877,0.00049975,-2.6204,0.007996
"prep.H","state",641.19,645.14,22.656,23.041,-0.17268,-0.20802,-0.13444,-0.61159,-0.73491,-0.47717,0.96685,0.94241,0.99159,-8.3744,0.00049975,-2.4113,0.014993
"dx_frac.W","key",0.86524,0.86449,0.0051438,0.00527,0.14385,0.11757,0.17044,0.086649,0.070606,0.10248,0.95267,0.92625,0.98179,9.9723,0.00049975,-3.0702,0.0014993
"cc.vsupp.B","project",0.60192,0.60237,0.0035797,0.0035738,-0.12457,-0.15367,-0.096455,-0.073969,-0.091096,-0.057185,1.0033,0.97728,1.0289,-8.1163,0.00049975,0.2486,0.8071
"supp_frac.B","key",0.50939,0.50903,0.0034845,0.0035122,0.10351,0.076186,0.13216,0.07114,0.052341,0.090583,0.98429,0.95632,1.0118,7.3189,0.00049975,-1.0875,0.28436
"num.B","state",49991,50009,228.81,224.37,-0.079699,-0.15059,-0.0047606,-0.036114,-0.068063,-0.0021698,1.04,0.96006,1.1217,-2.1596,0.029985,1.0056,0.31334
"num","key",100050,100080,316.33,318.67,-0.079552,-0.14939,-0.0047267,-0.025239,-0.046831,-0.0015032,0.98534,0.91347,1.0665,-2.1776,0.028986,-0.37514,0.72214
"dx_frac.H","key",0.82565,0.82463,0.013458,0.013757,0.07528,0.048909,0.10628,0.12423,0.080658,0.17625,0.95709,0.92709,0.98927,5.2174,0.00049975,-2.788,0.003998
"prep_cov.W","key",0.31909,0.31923,0.0025326,0.0025233,-0.054066,-0.071046,-0.037053,-0.042815,-0.056279,-0.029335,1.0074,0.99217,1.024,-6.1359,0.00049975,0.83222,0.4043
"prep_cov.H","key",0.2375,0.23782,0.0071954,0.0071972,-0.044927,-0.061336,-0.028792,-0.13595,-0.1856,-0.087045,0.9995,0.98415,1.0167,-5.2536,0.00049975,-0.05679,0.95502
"supp_frac.W","key",0.61495,0.61464,0.0069029,0.0071081,0.044402,0.022521,0.066523,0.050613,0.025662,0.076079,0.94309,0.91839,0.96993,3.599,0.00049975,-4.0273,0.00049975
"num.W","state",45321,45330,209.87,212.69,-0.04229,-0.11588,0.024268,-0.019712,-0.053558,0.011273,0.97368,0.90348,1.0606,-1.1688,0.23838,-0.61701,0.53973
"cc.vsupp.W","project",0.71073,0.71098,0.0067711,0.006928,-0.037279,-0.061585,-0.012007,-0.035917,-0.059385,-0.01159,0.95523,0.92905,0.98326,-2.8458,0.0064968,-2.98,0.003998
"prep_cov","key",0.26573,0.26579,0.0017516,0.0017429,-0.0335,-0.050457,-0.015893,-0.022022,-0.033145,-0.010434,1.01,0.99385,1.0276,-3.5736,0.0014993,1.1533,0.25287
"cc.vsupp.H","project",0.618,0.6185,0.018346,0.018725,-0.02681,-0.051501,-0.0018173,-0.08035,-0.15475,-0.005471,0.95993,0.93417,0.98571,-1.9946,0.043978,-2.7847,0.0064968
"num.H","state",4738.3,4736.6,67.55,70.002,0.025258,-0.046478,0.099032,0.036681,-0.067367,0.1435,0.93118,0.86478,0.99716,0.69395,0.48826,-1.8055,0.065467
"disease.mr100","project",0.26007,0.25934,0.031925,0.032578,0.022404,0.013322,0.031998,0.27862,0.16538,0.39769,0.96028,0.94765,0.97361,4.4163,0.00049975,-5.3859,0.00049975
"supp_frac.H","key",0.51026,0.51004,0.017283,0.01776,0.012492,-0.012721,0.038374,0.042919,-0.043671,0.13188,0.94703,0.9227,0.97432,0.91058,0.36032,-3.8598,0.00049975
