"param","in_cold_runs","in_csv_build","identical"
"hiv.test.rate",TRUE,TRUE,TRUE
"test.window.int",TRUE,TRUE,TRUE
"tx.init.rate",TRUE,TRUE,TRUE
"tx.halt.rate",TRUE,TRUE,TRUE
"tx.reinit.rate",TRUE,TRUE,TRUE
"max.time.off.tx.int",TRUE,TRUE,TRUE
"vl.acute.rise.int",TRUE,TRUE,TRUE
"vl.acute.peak",TRUE,TRUE,TRUE
"vl.acute.fall.int",TRUE,TRUE,TRUE
"vl.set.point",TRUE,TRUE,TRUE
"vl.aids.onset.int",TRUE,TRUE,TRUE
"vl.aids.int",TRUE,TRUE,TRUE
"vl.aids.peak",TRUE,TRUE,TRUE
"vl.supp",TRUE,TRUE,TRUE
"vl.tx.down.rate",TRUE,TRUE,TRUE
"vl.tx.aids.down.rate",TRUE,TRUE,TRUE
"vl.tx.up.rate",TRUE,TRUE,TRUE
"aids.on.tx.mort.rate",TRUE,TRUE,TRUE
"aids.off.tx.mort.rate",TRUE,TRUE,TRUE
"a.rate",TRUE,TRUE,TRUE
"arrival.age",TRUE,TRUE,TRUE
"hiv.urai.prob",TRUE,TRUE,TRUE
"hiv.uiai.prob",TRUE,TRUE,TRUE
"hiv.acute.or",TRUE,TRUE,TRUE
"hiv.circ.or",TRUE,TRUE,TRUE
"hiv.cond.eff.or",TRUE,TRUE,TRUE
"cond.fail.or",TRUE,TRUE,TRUE
"hiv.circ.prob",TRUE,TRUE,TRUE
"acts.aids.vl",TRUE,TRUE,TRUE
"acts.scale",TRUE,TRUE,TRUE
"cond.scale",TRUE,TRUE,TRUE
"hiv.trans.scale",TRUE,TRUE,TRUE
"hiv.gono.chla.rect.or",TRUE,TRUE,TRUE
"hiv.gono.chla.uret.or",TRUE,TRUE,TRUE
"hiv.gono.chla.dual.rr",TRUE,TRUE,TRUE
"hiv.syph.or",TRUE,TRUE,TRUE
"hiv.syph.dual.rr",TRUE,TRUE,TRUE
"riskh.start",TRUE,TRUE,TRUE
"prep.start",TRUE,TRUE,TRUE
"prep.start.rate",TRUE,TRUE,TRUE
"prep.adhr.dist",TRUE,TRUE,TRUE
"prep.adhr.or",TRUE,TRUE,TRUE
"prep.discont.int",TRUE,TRUE,TRUE
"prep.tst.int",TRUE,TRUE,TRUE
"prep.risk.reassess.int",TRUE,TRUE,TRUE
"sti.prep.tx.prob",TRUE,TRUE,TRUE
"sti.screening.dist",TRUE,TRUE,TRUE
"sti.screen.hivneg.rate",TRUE,TRUE,TRUE
"sti.screen.hivpos.rate",TRUE,TRUE,TRUE
"sti.screen.prep.rate",TRUE,TRUE,TRUE
"sti.screen.prep.start",TRUE,TRUE,TRUE
"sti.screen.rect.hivneg.prob",TRUE,TRUE,TRUE
"sti.screen.rect.hivpos.prob",TRUE,TRUE,TRUE
"sti.screen.rect.prep.prob",TRUE,TRUE,TRUE
"sti.cond.eff.or",TRUE,TRUE,TRUE
"gono.uret.prob",TRUE,TRUE,TRUE
"gono.rect.sympt.prob",TRUE,TRUE,TRUE
"gono.uret.sympt.prob",TRUE,TRUE,TRUE
"gono.tx.recov.int",TRUE,TRUE,TRUE
"gono.ntx.recov.int",TRUE,TRUE,TRUE
"gono.sympt.tx.prob",TRUE,TRUE,TRUE
"gono.asympt.tx.prob",TRUE,TRUE,TRUE
"chla.uret.prob",TRUE,TRUE,TRUE
"chla.rect.sympt.prob",TRUE,TRUE,TRUE
"chla.uret.sympt.prob",TRUE,TRUE,TRUE
"chla.tx.recov.int",TRUE,TRUE,TRUE
"chla.ntx.recov.int",TRUE,TRUE,TRUE
"chla.sympt.tx.prob",TRUE,TRUE,TRUE
"chla.asympt.tx.prob",TRUE,TRUE,TRUE
"syph.prob",TRUE,TRUE,TRUE
"syph.sympt.prob",TRUE,TRUE,TRUE
"syph.prog.int",TRUE,TRUE,TRUE
"syph.tert.min.dwell",TRUE,TRUE,TRUE
"syph.sympt.tx.prob",TRUE,TRUE,TRUE
"syph.asympt.tx.prob",TRUE,TRUE,TRUE
"syph.screen.hivneg.rate",TRUE,TRUE,TRUE
"syph.screen.hivpos.rate",TRUE,TRUE,TRUE
"syph.cond.eff.or",TRUE,TRUE,TRUE
"netstats",TRUE,TRUE,TRUE
"epistats",TRUE,TRUE,TRUE
"act.rate",TRUE,TRUE,TRUE
"vital",TRUE,TRUE,TRUE
