"pc","mean_tau1","tail_start","stat","est","lo","hi"
"PC1",13.72,51,"T_var_0.05",142.25,65,720.94
"PC1",13.72,51,"T_var_0.1",86.25,53.738,180.79
"PC1",13.72,51,"T_var_0.2",52.25,40.75,79.025
"PC1",13.72,51,"T_mean_0.1",117.25,98.75,153.04
"PC1",13.72,51,"T_mean_0.2",101,91.231,115.01
"PC2",12.727,51,"T_var_0.05",73,52.244,1605.7
"PC2",12.727,51,"T_var_0.1",48.5,35.244,824.89
"PC2",12.727,51,"T_var_0.2",23.75,16.213,35.012
"PC2",12.727,51,"T_mean_0.1",102,93.744,121.78
"PC2",12.727,51,"T_mean_0.2",92.5,87.75,100.25
"PC3",20.209,8,"T_var_0.05",40.5,36.75,191.79
"PC3",20.209,8,"T_var_0.1",33.5,29.744,144.86
"PC3",20.209,8,"T_var_0.2",25.75,22,31.5
"PC3",20.209,8,"T_mean_0.1",70,64,93.363
"PC3",20.209,8,"T_mean_0.2",64,59,70.006
"PC4",16.705,19,"T_var_0.05",44.75,36,84.331
"PC4",16.705,19,"T_var_0.1",34.75,23.244,45.275
"PC4",16.705,19,"T_var_0.2",21.75,0.74375,28.506
"PC4",16.705,19,"T_mean_0.1",79.25,71.75,88.756
"PC4",16.705,19,"T_mean_0.2",71.25,66.494,77.5
"PC5",5.7732,45,"T_var_0.05",60.75,41.988,413.71
"PC5",5.7732,45,"T_var_0.1",47,34.238,97.288
"PC5",5.7732,45,"T_var_0.2",33.25,26.25,48.819
"PC5",5.7732,45,"T_mean_0.1",56.5,54.494,96.294
"PC5",5.7732,45,"T_mean_0.2",55,52.988,64.506
"PC6",4.7942,45,"T_var_0.05",47.25,39.731,222.54
"PC6",4.7942,45,"T_var_0.1",38,30.487,66.05
"PC6",4.7942,45,"T_var_0.2",27.75,21.994,36.256
"PC6",4.7942,45,"T_mean_0.1",90.5,79.488,134.8
"PC6",4.7942,45,"T_mean_0.2",80,74,87.256
"PC7",12.289,18,"T_var_0.05",177.5,25.481,646.26
"PC7",12.289,18,"T_var_0.1",24,17.5,151.73
"PC7",12.289,18,"T_var_0.2",14.25,10.244,18.5
"PC7",12.289,18,"T_mean_0.1",62,55.244,90.025
"PC7",12.289,18,"T_mean_0.2",55.25,50.994,65.512
"PC8",5.4254,5,"T_var_0.05",29,24.75,187.84
"PC8",5.4254,5,"T_var_0.1",23.25,18.744,75.581
"PC8",5.4254,5,"T_var_0.2",16,13.25,21.756
"PC8",5.4254,5,"T_mean_0.1",64,58.988,70.25
"PC8",5.4254,5,"T_mean_0.2",55,51.244,59.75
"PC9",0.83468,5,"T_var_0.05",20.75,9.7438,243.29
"PC9",0.83468,5,"T_var_0.1",15,7.25,59.669
"PC9",0.83468,5,"T_var_0.2",9.5,5.725,13.263
"PC9",0.83468,5,"T_mean_0.1",43.5,8.75,64.288
"PC9",0.83468,5,"T_mean_0.2",20.5,8,30.031
"PC10",8.2234,10,"T_var_0.05",50.75,26.213,532.08
"PC10",8.2234,10,"T_var_0.1",28,17.75,73.663
"PC10",8.2234,10,"T_var_0.2",16.25,10.994,25.525
"PC10",8.2234,10,"T_mean_0.1",40,36.5,44.75
"PC10",8.2234,10,"T_mean_0.2",36.75,34.25,40.25
"PC11",11.684,5,"T_var_0.05",52.5,35.75,92.913
"PC11",11.684,5,"T_var_0.1",36.5,17.231,50.794
"PC11",11.684,5,"T_var_0.2",0,0,26.756
"PC11",11.684,5,"T_mean_0.1",38.25,34.738,43.262
"PC11",11.684,5,"T_mean_0.2",34.5,31.75,37.75
"PC12",17.02,5,"T_var_0.05",31.25,11.738,202.48
"PC12",17.02,5,"T_var_0.1",19.5,8.5,30.281
"PC12",17.02,5,"T_var_0.2",3.75,0,12.256
"PC12",17.02,5,"T_mean_0.1",68.5,59.738,79.5
"PC12",17.02,5,"T_mean_0.2",60.5,54.988,66.756
"PC13",8.552,35,"T_var_0.05",21.75,0,Inf
"PC13",8.552,35,"T_var_0.1",0,0,79.581
"PC13",8.552,35,"T_var_0.2",0,0,5.25
"PC13",8.552,35,"T_mean_0.1",75,70.25,92.75
"PC13",8.552,35,"T_mean_0.2",68,64.75,73.75
"PC14",4.1782,17,"T_var_0.05",42.5,29.994,54.813
"PC14",4.1782,17,"T_var_0.1",25,13.744,31.775
"PC14",4.1782,17,"T_var_0.2",7.75,0,13.769
"PC14",4.1782,17,"T_mean_0.1",25.5,25.25,33.25
"PC14",4.1782,17,"T_mean_0.2",24.5,24,26.75
"PC15",13.011,8,"T_var_0.05",19.25,13.494,136.45
"PC15",13.011,8,"T_var_0.1",14.25,10,24.763
"PC15",13.011,8,"T_var_0.2",8.25,0.74375,11.013
"PC15",13.011,8,"T_mean_0.1",55,25.244,69.031
"PC15",13.011,8,"T_mean_0.2",21.75,21,51.269
"PC16",11.021,8,"T_var_0.05",6.5,0,161.84
"PC16",11.021,8,"T_var_0.1",5.75,0,18.619
"PC16",11.021,8,"T_var_0.2",5.25,0,6.5
"PC16",11.021,8,"T_mean_0.1",42.75,42.25,59.75
"PC16",11.021,8,"T_mean_0.2",40.75,39,43.25
"PC17",11.297,37,"T_var_0.05",46,39.731,129.03
"PC17",11.297,37,"T_var_0.1",35.5,24.494,46.525
"PC17",11.297,37,"T_var_0.2",22.25,0.73125,28.263
"PC17",11.297,37,"T_mean_0.1",75.5,68.238,85.019
"PC17",11.297,37,"T_mean_0.2",67.5,63.244,72.006
"PC18",3.8179,5,"T_var_0.05",40.25,32,51
"PC18",3.8179,5,"T_var_0.1",31.25,21.975,36.762
"PC18",3.8179,5,"T_var_0.2",20.25,3.2438,25.006
"PC18",3.8179,5,"T_mean_0.1",59.75,55.744,63.506
"PC18",3.8179,5,"T_mean_0.2",46.25,43.494,49
