"var","pi_start","v_pi","v_pi_rel_to_300","T_var_0.1","T_var_0.2"
"prev",150,1.3415e-05,0.98879,71.25,51
"prev",300,1.3567e-05,1,73.25,52.5
"prev",450,1.3285e-05,0.9792,69.5,50
"prev.B",150,2.6367e-05,0.99051,64.75,46.5
"prev.B",300,2.6619e-05,1,66.25,47.5
"prev.B",450,2.6061e-05,0.97904,63,45.25
"prev.H",150,3.8933e-05,0.98507,35.75,25.5
"prev.H",300,3.9523e-05,1,37.25,26.5
"prev.H",450,3.9671e-05,1.0038,37.5,26.75
"prev.W",150,6.7349e-06,0.97666,78.75,53
"prev.W",300,6.8958e-06,1,87.75,54.25
"prev.W",450,6.9691e-06,1.0106,94.75,56
"num",150,100410,0.98875,62.25,44.25
"num",300,101550,1,74.75,45.25
"num",450,98901,0.97388,62.75,42
"incid_rate",150,0.0033637,0.99894,1.75,0
"incid_rate",300,0.0033673,1,1.75,0
"incid_rate",450,0.0033581,0.99729,1.25,0
"dx_frac",150,6.842e-06,1.0034,27,7.75
"dx_frac",300,6.8186e-06,1,25.75,7.25
"dx_frac",450,6.8491e-06,1.0045,27.25,7.75
"supp_frac",150,1.0102e-05,1.0039,4.75,3.5
"supp_frac",300,1.0063e-05,1,4.75,3.5
"supp_frac",450,1.0152e-05,1.0089,5,3.5
"prep_cov",150,3.0471e-06,1.003,2.25,1.75
"prep_cov",300,3.0379e-06,1,2.25,1.75
"prep_cov",450,3.0068e-06,0.98978,2.25,1.75
"gono_prev",150,6.5978e-06,0.98629,33.5,20.5
"gono_prev",300,6.6895e-06,1,36.25,22
"gono_prev",450,6.7262e-06,1.0055,37.75,22.75
"chla_prev",150,9.3991e-06,0.98532,37.5,21.5
"chla_prev",300,9.5391e-06,1,42.5,22.5
"chla_prev",450,9.4091e-06,0.98637,38,21.5
"syph_prev",150,2.0003e-05,0.99581,55.5,15.75
"syph_prev",300,2.0087e-05,1,59.25,15.5
"syph_prev",450,2.0461e-05,1.0187,78.75,15.5
"i.prev.dx.B",150,2.0803e-05,0.99357,68,49
"i.prev.dx.B",300,2.0938e-05,1,68.75,49.75
"i.prev.dx.B",450,2.0419e-05,0.97525,65.25,47.25
"i.prev.dx.H",150,3.1422e-05,0.98896,41.75,29.75
"i.prev.dx.H",300,3.1772e-05,1,43,30.75
"i.prev.dx.H",450,3.1805e-05,1.001,43.25,30.75
"i.prev.dx.W",150,5.3602e-06,0.97774,76.25,53.75
"i.prev.dx.W",300,5.4823e-06,1,89,56
"i.prev.dx.W",450,5.5466e-06,1.0117,96.75,58
