"name","kind","annual_aggregation","block","analysis_scale","notes"
"prev","proportion (stock / stock)","hiv.inf / num","key","raw",""
"incid_rate","rate (flow / stock)","100 * hiv.incid / (num - hiv.inf)","key","raw",""
"dx_frac","proportion (stock / stock)","hiv.dx / hiv.inf","key","raw",""
"supp_frac","proportion (stock / stock)","hiv.supp / hiv.inf","key","raw",""
"prep_cov","proportion (stock / stock)","prep / prep.indic","key","raw",""
"prev.B","proportion (stock / stock)","hiv.inf.B / num.B","key","raw",""
"incid_rate.B","rate (flow / stock)","100 * hiv.incid.B / (num.B - hiv.inf.B)","key","raw",""
"dx_frac.B","proportion (stock / stock)","hiv.dx.B / hiv.inf.B","key","raw",""
"supp_frac.B","proportion (stock / stock)","hiv.supp.B / hiv.inf.B","key","raw",""
"prep_cov.B","proportion (stock / stock)","prep.B / prep.indic.B","key","raw",""
"prev.H","proportion (stock / stock)","hiv.inf.H / num.H","key","raw",""
"incid_rate.H","rate (flow / stock)","100 * hiv.incid.H / (num.H - hiv.inf.H)","key","raw",""
"dx_frac.H","proportion (stock / stock)","hiv.dx.H / hiv.inf.H","key","raw",""
"supp_frac.H","proportion (stock / stock)","hiv.supp.H / hiv.inf.H","key","raw",""
"prep_cov.H","proportion (stock / stock)","prep.H / prep.indic.H","key","raw",""
"prev.W","proportion (stock / stock)","hiv.inf.W / num.W","key","raw",""
"incid_rate.W","rate (flow / stock)","100 * hiv.incid.W / (num.W - hiv.inf.W)","key","raw",""
"dx_frac.W","proportion (stock / stock)","hiv.dx.W / hiv.inf.W","key","raw",""
"supp_frac.W","proportion (stock / stock)","hiv.supp.W / hiv.inf.W","key","raw",""
"prep_cov.W","proportion (stock / stock)","prep.W / prep.indic.W","key","raw",""
"gono_prev","proportion (stock / stock)","gono.inf / num","key","raw",""
"gono_ir","rate (flow / stock)","100 * gono.incid / num","key","raw",""
"chla_prev","proportion (stock / stock)","chla.inf / num","key","raw",""
"chla_ir","rate (flow / stock)","100 * chla.incid / num","key","raw",""
"syph_prev","proportion (stock / stock)","syph.inf / num","key","raw","extinct in 2 chains (dropped)"
"syph_ir","rate (flow / stock)","100 * syph.incid / num","key","raw","extinct in 2 chains (dropped)"
"num","stock","mean","key","raw","sum of B/H/W"
"departures","flow","sum","other","raw",""
"departures.AIDS","flow","sum","other","raw",""
"nNew","flow","sum","other","raw","identical to arrivals"
"num.B","stock","mean","state","raw",""
"arrivals.B","flow","sum","other","raw",""
"hiv.inf.B","stock","mean","state","raw",""
"hiv.incid.B","flow","sum","other","raw",""
"hiv.dx.B","stock","mean","state","raw",""
"hiv.tx.B","stock","mean","state","raw",""
"hiv.supp.B","stock","mean","state","raw",""
"prep.B","stock","mean","state","raw",""
"prep.incid.B","flow","sum","other","raw",""
"prep.indic.B","stock","mean","state","raw",""
"num.H","stock","mean","state","raw",""
"arrivals.H","flow","sum","other","raw",""
"hiv.inf.H","stock","mean","state","raw",""
"hiv.incid.H","flow","sum","other","raw",""
"hiv.dx.H","stock","mean","state","raw",""
"hiv.tx.H","stock","mean","state","raw",""
"hiv.supp.H","stock","mean","state","raw",""
"prep.H","stock","mean","state","raw",""
"prep.incid.H","flow","sum","other","raw",""
"prep.indic.H","stock","mean","state","raw",""
"num.W","stock","mean","state","raw",""
"arrivals.W","flow","sum","other","raw",""
"hiv.inf.W","stock","mean","state","raw",""
"hiv.incid.W","flow","sum","other","raw",""
"hiv.dx.W","stock","mean","state","raw",""
"hiv.tx.W","stock","mean","state","raw",""
"hiv.supp.W","stock","mean","state","raw",""
"prep.W","stock","mean","state","raw",""
"prep.incid.W","flow","sum","other","raw",""
"prep.indic.W","stock","mean","state","raw",""
"arrivals","flow","sum","other","raw","sum of B/H/W"
"hiv.inf","stock","mean","other","raw","sum of B/H/W"
"hiv.incid","flow","sum","other","raw","sum of B/H/W"
"hiv.dx","stock","mean","other","raw","sum of B/H/W"
"hiv.tx","stock","mean","other","raw","sum of B/H/W"
"hiv.supp","stock","mean","other","raw","sum of B/H/W"
"prep","stock","mean","other","raw","sum of B/H/W"
"prep.incid","flow","sum","other","raw","sum of B/H/W"
"prep.indic","stock","mean","other","raw","sum of B/H/W"
"gono.uret.inf","stock","mean","state","raw",""
"gono.uret.incid","flow","sum","other","raw",""
"gono.rect.inf","stock","mean","state","raw",""
"gono.rect.incid","flow","sum","other","raw",""
"gono.inf","stock","mean","other","raw",""
"gono.incid","flow","sum","other","raw",""
"chla.uret.inf","stock","mean","state","raw",""
"chla.uret.incid","flow","sum","other","raw",""
"chla.rect.inf","stock","mean","state","raw",""
"chla.rect.incid","flow","sum","other","raw",""
"chla.inf","stock","mean","other","raw",""
"chla.incid","flow","sum","other","raw",""
"syph.inf","stock","mean","state","raw","extinct in 2 chains (dropped)"
"syph.incid","flow","sum","other","raw","extinct in 2 chains (dropped)"
