"var","h","icc","icc_lo","icc_hi"
"prev",1,0.99523,0.99422,0.99611
"prev",2,0.97684,0.97269,0.98091
"prev",3,0.95623,0.94798,0.96433
"prev",4,0.93923,0.92672,0.94963
"prev",5,0.91691,0.90036,0.93223
"prev",6,0.89925,0.87768,0.91829
"prev",7,0.88418,0.85892,0.90749
"prev",8,0.86472,0.8355,0.89171
"prev",9,0.84561,0.81148,0.87505
"prev",10,0.82734,0.78827,0.86048
"prev",11,0.81499,0.77697,0.84878
"prev",12,0.79033,0.7475,0.82693
"prev",13,0.75904,0.71139,0.80009
"prev",14,0.72691,0.67357,0.77228
"prev",15,0.6965,0.63556,0.74604
"prev",16,0.69223,0.63391,0.74462
"prev",17,0.68055,0.62241,0.73418
"prev",18,0.67983,0.61762,0.73273
"prev",19,0.66949,0.60797,0.72097
"prev",20,0.65034,0.58473,0.70238
"prev",21,0.62218,0.55186,0.67908
"prev",22,0.59634,0.52415,0.65961
"prev",23,0.57547,0.4912,0.64853
"prev",24,0.56692,0.47426,0.64582
"prev",25,0.55096,0.4553,0.63384
"prev",26,0.53199,0.4368,0.61843
"prev",27,0.52018,0.42431,0.60747
"prev",28,0.48879,0.38183,0.58236
"prev",29,0.46122,0.3511,0.55911
"prev",30,0.44158,0.33089,0.54086
"prev",31,0.42783,0.32252,0.53069
"prev",32,0.40016,0.28664,0.51
"prev",33,0.3796,0.25692,0.50079
"prev",34,0.36312,0.23866,0.48611
"prev",35,0.34558,0.22333,0.47095
"prev",36,0.325,0.1997,0.45172
"prev",37,0.31803,0.196,0.4428
"prev",38,0.30036,0.17012,0.42834
"prev",39,0.30139,0.16914,0.42977
"prev",40,0.30308,0.16903,0.42743
"incid_rate",1,0.088755,-0.071471,0.25529
"incid_rate",2,0.11776,-0.041763,0.28168
"incid_rate",3,-0.099597,-0.26905,0.092241
"incid_rate",4,0.22053,0.084003,0.36092
"incid_rate",5,-0.091325,-0.25484,0.070274
"incid_rate",6,0.14942,0.034475,0.27454
"incid_rate",7,0.055994,-0.12395,0.21458
"incid_rate",8,0.084461,-0.074412,0.24516
"incid_rate",9,0.24178,0.11697,0.36409
"incid_rate",10,0.16436,0.013973,0.29741
"incid_rate",11,0.016801,-0.20224,0.20272
"incid_rate",12,0.053649,-0.094095,0.21415
"incid_rate",13,-0.0012302,-0.19428,0.17743
"incid_rate",14,0.032553,-0.13622,0.18693
"incid_rate",15,0.040309,-0.12608,0.20024
"incid_rate",16,0.15424,0.010299,0.30513
"incid_rate",17,0.10659,-0.056212,0.25145
"incid_rate",18,0.039128,-0.11648,0.20173
"incid_rate",19,0.10666,-0.018668,0.24856
"incid_rate",20,0.069293,-0.092549,0.23338
"incid_rate",21,0.03083,-0.1307,0.18677
"incid_rate",22,-0.026439,-0.2678,0.17858
"incid_rate",23,-0.0033135,-0.19283,0.16486
"incid_rate",24,0.047892,-0.11231,0.20347
"incid_rate",25,-0.042389,-0.23599,0.14648
"incid_rate",26,-0.0022132,-0.15799,0.18637
"incid_rate",27,0.025748,-0.1361,0.19464
"incid_rate",28,0.066337,-0.12152,0.22744
"incid_rate",29,0.074876,-0.08299,0.23487
"incid_rate",30,-0.11215,-0.28947,0.064179
"incid_rate",31,-0.0075335,-0.16084,0.1456
"incid_rate",32,0.048471,-0.090564,0.20045
"incid_rate",33,0.076671,-0.12683,0.25715
"incid_rate",34,0.025988,-0.12434,0.19128
"incid_rate",35,0.14002,-0.021261,0.2961
"incid_rate",36,0.060135,-0.091004,0.21664
"incid_rate",37,-0.054377,-0.24077,0.11921
"incid_rate",38,0.024453,-0.15012,0.1849
"incid_rate",39,0.081116,-0.069717,0.22491
"incid_rate",40,0.048745,-0.12522,0.20494
"dx_frac",1,0.87232,0.84856,0.89355
"dx_frac",2,0.54013,0.46763,0.61084
"dx_frac",3,0.34988,0.23869,0.45938
"dx_frac",4,0.26331,0.12302,0.39866
"dx_frac",5,0.13193,-0.0091945,0.26268
"dx_frac",6,0.1009,-0.049204,0.24763
"dx_frac",7,0.12364,-0.037173,0.26964
"dx_frac",8,0.15991,0.027482,0.28266
"dx_frac",9,0.18538,0.059611,0.32006
"dx_frac",10,0.20632,0.067449,0.33859
"dx_frac",11,0.29994,0.18617,0.40819
"dx_frac",12,0.26914,0.13596,0.39528
"dx_frac",13,0.20224,0.067104,0.32661
"dx_frac",14,0.10906,-0.044253,0.24684
"dx_frac",15,0.11553,-0.039013,0.25158
"dx_frac",16,0.15317,0.0043672,0.2817
"dx_frac",17,0.16389,0.05352,0.2939
"dx_frac",18,0.05557,-0.090826,0.19632
"dx_frac",19,0.1581,0.031145,0.27094
"dx_frac",20,0.13575,-0.014894,0.26958
"dx_frac",21,0.12161,-0.024945,0.26225
"dx_frac",22,0.087369,-0.06289,0.23691
"dx_frac",23,0.11167,-0.063525,0.27322
"dx_frac",24,0.20933,0.056931,0.33532
"dx_frac",25,0.18654,0.047228,0.32355
"dx_frac",26,0.1513,0.0020886,0.30738
"dx_frac",27,0.07818,-0.08908,0.24465
"dx_frac",28,0.037314,-0.14418,0.19958
"dx_frac",29,0.016774,-0.17634,0.18136
"dx_frac",30,0.027813,-0.13583,0.1921
"dx_frac",31,-0.035557,-0.21792,0.14488
"dx_frac",32,0.072759,-0.10731,0.22532
"dx_frac",33,0.17171,0.025332,0.30985
"dx_frac",34,0.1827,0.037345,0.33343
"dx_frac",35,0.21061,0.056396,0.3609
"dx_frac",36,0.1854,0.022047,0.32181
"dx_frac",37,0.13313,-0.028275,0.26747
"dx_frac",38,0.078673,-0.11318,0.2302
"dx_frac",39,0.083795,-0.092888,0.24568
"dx_frac",40,0.043773,-0.1435,0.22154
"supp_frac",1,0.88844,0.87084,0.90742
"supp_frac",2,0.50229,0.42054,0.57242
"supp_frac",3,0.22779,0.11936,0.33938
"supp_frac",4,0.18427,0.047366,0.31461
"supp_frac",5,-0.0037042,-0.15838,0.15528
"supp_frac",6,-0.018486,-0.22194,0.16532
"supp_frac",7,0.083719,-0.065079,0.2358
"supp_frac",8,0.034712,-0.14721,0.18026
"supp_frac",9,0.17374,0.029833,0.31147
"supp_frac",10,0.11405,-0.030763,0.26051
"supp_frac",11,0.0052016,-0.15956,0.17439
"supp_frac",12,-0.021207,-0.14896,0.133
"supp_frac",13,-0.13354,-0.31148,0.043344
"supp_frac",14,-0.16582,-0.37986,0.020652
"supp_frac",15,-0.11493,-0.29984,0.066482
"supp_frac",16,0.032907,-0.12545,0.17749
"supp_frac",17,0.046781,-0.11973,0.21508
"supp_frac",18,0.041126,-0.088638,0.20496
"supp_frac",19,0.07818,-0.069463,0.22243
"supp_frac",20,0.093485,-0.050539,0.24254
"supp_frac",21,0.13321,-0.00048413,0.27592
"supp_frac",22,0.043978,-0.11411,0.20403
"supp_frac",23,0.0042313,-0.14887,0.14302
"supp_frac",24,0.13394,-0.0044101,0.26423
"supp_frac",25,0.20716,0.073616,0.332
"supp_frac",26,0.13674,-0.032649,0.27047
"supp_frac",27,0.14492,-0.025343,0.30866
"supp_frac",28,0.070925,-0.1094,0.24101
"supp_frac",29,-0.047826,-0.25874,0.13622
"supp_frac",30,-0.094127,-0.34249,0.1131
"supp_frac",31,-0.17649,-0.42053,0.044252
"supp_frac",32,-0.042568,-0.23412,0.12857
"supp_frac",33,0.15746,0.022095,0.28966
"supp_frac",34,0.144,0.012097,0.29017
"supp_frac",35,0.097454,-0.053149,0.24633
"supp_frac",36,0.096349,-0.063663,0.26142
"supp_frac",37,0.071704,-0.10302,0.21675
"supp_frac",38,0.045572,-0.1349,0.20361
"supp_frac",39,0.06355,-0.094251,0.2141
"supp_frac",40,0.00088218,-0.16084,0.18571
"prep_cov",1,0.59682,0.52831,0.67024
"prep_cov",2,-0.039769,-0.25765,0.14835
"prep_cov",3,-0.057571,-0.24542,0.10879
"prep_cov",4,-0.094521,-0.28608,0.087534
"prep_cov",5,-0.078929,-0.26607,0.11641
"prep_cov",6,0.024114,-0.15196,0.18654
"prep_cov",7,0.072057,-0.070495,0.22222
"prep_cov",8,0.10769,-0.03202,0.23891
"prep_cov",9,0.078449,-0.068434,0.22841
"prep_cov",10,-0.025098,-0.19958,0.13685
"prep_cov",11,-0.095891,-0.25365,0.053033
"prep_cov",12,0.035588,-0.14705,0.19739
"prep_cov",13,0.029379,-0.13299,0.19709
"prep_cov",14,0.0028263,-0.15061,0.1809
"prep_cov",15,0.16028,0.022171,0.29704
"prep_cov",16,0.069642,-0.10011,0.23676
"prep_cov",17,0.038523,-0.11933,0.19828
"prep_cov",18,0.013844,-0.1177,0.14772
"prep_cov",19,-0.15903,-0.34078,0.056456
"prep_cov",20,-0.013322,-0.17805,0.17419
"prep_cov",21,-0.1087,-0.31702,0.09319
"prep_cov",22,0.016698,-0.1692,0.17351
"prep_cov",23,-0.09856,-0.27664,0.079401
"prep_cov",24,-0.13279,-0.33471,0.046313
"prep_cov",25,-0.043466,-0.21577,0.11344
"prep_cov",26,0.041143,-0.14818,0.21676
"prep_cov",27,-0.090382,-0.25254,0.10187
"prep_cov",28,0.05301,-0.096888,0.19418
"prep_cov",29,-0.034951,-0.2229,0.14345
"prep_cov",30,-0.19587,-0.41839,-0.010971
"prep_cov",31,-0.0086258,-0.18235,0.16048
"prep_cov",32,-0.064199,-0.27272,0.12347
"prep_cov",33,-0.012819,-0.18053,0.14387
"prep_cov",34,-0.017635,-0.20263,0.17237
"prep_cov",35,-0.14834,-0.31087,0.022273
"prep_cov",36,-0.086482,-0.26969,0.09207
"prep_cov",37,0.1168,-0.019345,0.2827
"prep_cov",38,0.013055,-0.12328,0.18174
"prep_cov",39,0.022578,-0.15369,0.1752
"prep_cov",40,-0.074875,-0.28269,0.14223
"prev.B",1,0.99357,0.99229,0.99466
"prev.B",2,0.97018,0.96531,0.97526
"prev.B",3,0.94196,0.93079,0.95154
"prev.B",4,0.9213,0.90576,0.93438
"prev.B",5,0.89716,0.8789,0.91394
"prev.B",6,0.87826,0.85787,0.8984
"prev.B",7,0.84978,0.82541,0.8761
"prev.B",8,0.82359,0.79181,0.85615
"prev.B",9,0.80434,0.76898,0.83708
"prev.B",10,0.7849,0.74175,0.82318
"prev.B",11,0.7765,0.73207,0.8158
"prev.B",12,0.75315,0.70585,0.79562
"prev.B",13,0.72888,0.67544,0.77531
"prev.B",14,0.70475,0.64413,0.75209
"prev.B",15,0.67089,0.61151,0.72465
"prev.B",16,0.66494,0.60796,0.7167
"prev.B",17,0.65378,0.59677,0.70862
"prev.B",18,0.65428,0.59554,0.70866
"prev.B",19,0.63537,0.57762,0.68879
"prev.B",20,0.61794,0.55906,0.67943
"prev.B",21,0.58506,0.51732,0.65386
"prev.B",22,0.56957,0.49978,0.63911
"prev.B",23,0.55516,0.4818,0.62876
"prev.B",24,0.54946,0.47417,0.62269
"prev.B",25,0.54158,0.46245,0.61479
"prev.B",26,0.52378,0.44228,0.60119
"prev.B",27,0.51933,0.43514,0.60009
"prev.B",28,0.49064,0.39234,0.58284
"prev.B",29,0.46486,0.35974,0.56025
"prev.B",30,0.4432,0.33244,0.54914
"prev.B",31,0.42683,0.32092,0.53368
"prev.B",32,0.3866,0.26826,0.49611
"prev.B",33,0.36583,0.23918,0.48389
"prev.B",34,0.34259,0.21514,0.46964
"prev.B",35,0.32886,0.20354,0.45082
"prev.B",36,0.2921,0.16039,0.4136
"prev.B",37,0.26833,0.12296,0.3971
"prev.B",38,0.24331,0.090848,0.37265
"prev.B",39,0.24976,0.0971,0.38071
"prev.B",40,0.25031,0.093277,0.3786
"incid_rate.B",1,0.11017,-0.041368,0.24435
"incid_rate.B",2,0.11755,-0.034648,0.28239
"incid_rate.B",3,-0.0144,-0.16544,0.14019
"incid_rate.B",4,0.2871,0.16528,0.39894
"incid_rate.B",5,-0.075852,-0.25225,0.071829
"incid_rate.B",6,0.092071,-0.047528,0.24213
"incid_rate.B",7,0.065767,-0.11688,0.2302
"incid_rate.B",8,0.099034,-0.062319,0.25373
"incid_rate.B",9,0.21079,0.089832,0.3344
"incid_rate.B",10,0.073099,-0.065253,0.22337
"incid_rate.B",11,0.022998,-0.1682,0.2011
"incid_rate.B",12,0.1089,-0.04958,0.2662
"incid_rate.B",13,-0.0015239,-0.19398,0.18068
"incid_rate.B",14,0.0080784,-0.15636,0.1666
"incid_rate.B",15,0.073711,-0.089489,0.21473
"incid_rate.B",16,0.072647,-0.09374,0.2329
"incid_rate.B",17,0.098587,-0.072607,0.24723
"incid_rate.B",18,-0.038681,-0.21369,0.14376
"incid_rate.B",19,0.021,-0.15543,0.18353
"incid_rate.B",20,-0.030199,-0.20009,0.13553
"incid_rate.B",21,0.10452,-0.025668,0.2533
"incid_rate.B",22,-0.058599,-0.26953,0.15086
"incid_rate.B",23,-0.041318,-0.21191,0.1164
"incid_rate.B",24,0.0026566,-0.16901,0.16777
"incid_rate.B",25,-0.0436,-0.21717,0.13909
"incid_rate.B",26,-0.077704,-0.31741,0.11341
"incid_rate.B",27,0.12064,-0.057911,0.27842
"incid_rate.B",28,-0.00083198,-0.16824,0.1599
"incid_rate.B",29,0.038013,-0.14493,0.18687
"incid_rate.B",30,-0.17099,-0.35925,0.031114
"incid_rate.B",31,0.011575,-0.14059,0.17075
"incid_rate.B",32,0.012882,-0.14215,0.16452
"incid_rate.B",33,0.0044509,-0.17825,0.18869
"incid_rate.B",34,-0.0098762,-0.17172,0.15717
"incid_rate.B",35,0.11515,-0.028348,0.2638
"incid_rate.B",36,0.01572,-0.1533,0.16724
"incid_rate.B",37,-0.12742,-0.33889,0.070779
"incid_rate.B",38,0.071151,-0.086494,0.21428
"incid_rate.B",39,0.024439,-0.13539,0.17221
"incid_rate.B",40,-0.016759,-0.19858,0.14336
"dx_frac.B",1,0.87057,0.84729,0.89453
"dx_frac.B",2,0.58321,0.52086,0.65745
"dx_frac.B",3,0.37494,0.26834,0.48129
"dx_frac.B",4,0.34603,0.21147,0.46413
"dx_frac.B",5,0.1953,0.049876,0.33088
"dx_frac.B",6,0.19247,0.069994,0.31286
"dx_frac.B",7,0.11864,-0.031019,0.25114
"dx_frac.B",8,0.13007,-0.0094916,0.26884
"dx_frac.B",9,0.20861,0.061106,0.34547
"dx_frac.B",10,0.20066,0.06108,0.33924
"dx_frac.B",11,0.2853,0.15521,0.40512
"dx_frac.B",12,0.29303,0.1678,0.42313
"dx_frac.B",13,0.24018,0.11866,0.37375
"dx_frac.B",14,0.19954,0.066678,0.32856
"dx_frac.B",15,0.17875,0.033046,0.31093
"dx_frac.B",16,0.17712,0.045693,0.31578
"dx_frac.B",17,0.1903,0.057971,0.34186
"dx_frac.B",18,0.10961,-0.040217,0.27514
"dx_frac.B",19,0.1372,0.0047302,0.27467
"dx_frac.B",20,0.10382,-0.052288,0.28014
"dx_frac.B",21,0.10495,-0.055748,0.25372
"dx_frac.B",22,0.13972,-0.0081545,0.29107
"dx_frac.B",23,0.11154,-0.051574,0.26818
"dx_frac.B",24,0.16455,0.026853,0.30233
"dx_frac.B",25,0.15441,0.01896,0.29095
"dx_frac.B",26,0.17211,0.038142,0.30273
"dx_frac.B",27,0.14825,0.0040899,0.29622
"dx_frac.B",28,0.032558,-0.15637,0.20176
"dx_frac.B",29,0.01127,-0.16763,0.17806
"dx_frac.B",30,0.02887,-0.13892,0.1958
"dx_frac.B",31,-0.0574,-0.2764,0.11795
"dx_frac.B",32,0.036326,-0.1246,0.1937
"dx_frac.B",33,0.18488,0.037402,0.32431
"dx_frac.B",34,0.18848,0.023324,0.33501
"dx_frac.B",35,0.23909,0.08275,0.36143
"dx_frac.B",36,0.24396,0.10784,0.3541
"dx_frac.B",37,0.16604,0.015035,0.31407
"dx_frac.B",38,0.097027,-0.078696,0.25031
"dx_frac.B",39,0.14004,-0.020648,0.28832
"dx_frac.B",40,0.097314,-0.04329,0.25726
"supp_frac.B",1,0.88806,0.87168,0.90433
"supp_frac.B",2,0.53745,0.47062,0.61376
"supp_frac.B",3,0.28024,0.15062,0.41159
"supp_frac.B",4,0.23567,0.10537,0.35966
"supp_frac.B",5,-0.010335,-0.17704,0.16805
"supp_frac.B",6,-0.042197,-0.23555,0.12257
"supp_frac.B",7,0.084244,-0.061226,0.2268
"supp_frac.B",8,-0.0053988,-0.1857,0.17525
"supp_frac.B",9,0.10269,-0.052836,0.25648
"supp_frac.B",10,0.0027284,-0.17974,0.17577
"supp_frac.B",11,-0.13729,-0.35941,0.049325
"supp_frac.B",12,-0.066665,-0.2446,0.090595
"supp_frac.B",13,-0.16935,-0.34098,-0.016192
"supp_frac.B",14,-0.13168,-0.34246,0.034438
"supp_frac.B",15,-0.15314,-0.35612,0.037274
"supp_frac.B",16,-0.062367,-0.25368,0.088393
"supp_frac.B",17,0.010662,-0.15917,0.16561
"supp_frac.B",18,0.026462,-0.14551,0.18877
"supp_frac.B",19,0.0016137,-0.14414,0.16108
"supp_frac.B",20,-0.032048,-0.18653,0.11611
"supp_frac.B",21,0.10519,-0.047414,0.23909
"supp_frac.B",22,0.0073392,-0.1845,0.18258
"supp_frac.B",23,-0.068479,-0.21688,0.11099
"supp_frac.B",24,-0.034588,-0.19533,0.13272
"supp_frac.B",25,0.086521,-0.082449,0.25685
"supp_frac.B",26,0.053672,-0.13443,0.21992
"supp_frac.B",27,0.11229,-0.056231,0.26802
"supp_frac.B",28,0.013811,-0.1721,0.18581
"supp_frac.B",29,-0.096155,-0.29378,0.081218
"supp_frac.B",30,-0.16121,-0.39351,0.040938
"supp_frac.B",31,-0.24283,-0.48414,-0.027063
"supp_frac.B",32,-0.14248,-0.34435,0.043744
"supp_frac.B",33,0.076131,-0.064181,0.21437
"supp_frac.B",34,0.12784,-0.022732,0.26635
"supp_frac.B",35,0.10522,-0.024909,0.22613
"supp_frac.B",36,0.083074,-0.06296,0.22056
"supp_frac.B",37,0.066766,-0.075031,0.19948
"supp_frac.B",38,0.061281,-0.080172,0.19648
"supp_frac.B",39,0.030499,-0.12255,0.17565
"supp_frac.B",40,-0.029087,-0.20344,0.13736
"prep_cov.B",1,0.44725,0.35514,0.52899
"prep_cov.B",2,0.13202,-0.052889,0.28976
"prep_cov.B",3,-0.14024,-0.31118,0.046801
"prep_cov.B",4,-0.1134,-0.30387,0.056805
"prep_cov.B",5,0.050665,-0.13508,0.21205
"prep_cov.B",6,0.047208,-0.14192,0.21037
"prep_cov.B",7,-0.0024459,-0.15699,0.17148
"prep_cov.B",8,-0.068404,-0.24943,0.11783
"prep_cov.B",9,-0.10679,-0.27874,0.066671
"prep_cov.B",10,0.042568,-0.1283,0.21416
"prep_cov.B",11,0.028003,-0.14338,0.18521
"prep_cov.B",12,-0.048262,-0.23997,0.1174
"prep_cov.B",13,0.12729,-0.011419,0.26642
"prep_cov.B",14,0.12518,-0.021585,0.277
"prep_cov.B",15,0.034838,-0.10845,0.18356
"prep_cov.B",16,0.06126,-0.11261,0.24751
"prep_cov.B",17,0.0063085,-0.19146,0.19333
"prep_cov.B",18,0.0996,-0.04409,0.27562
"prep_cov.B",19,-0.015971,-0.21088,0.16114
"prep_cov.B",20,-0.068507,-0.25437,0.10265
"prep_cov.B",21,0.10679,-0.0257,0.24854
"prep_cov.B",22,0.057476,-0.093508,0.21181
"prep_cov.B",23,-0.055017,-0.23247,0.12273
"prep_cov.B",24,-0.043812,-0.21802,0.12356
"prep_cov.B",25,0.072578,-0.088743,0.23919
"prep_cov.B",26,-0.0057171,-0.16318,0.15014
"prep_cov.B",27,0.062559,-0.063441,0.22123
"prep_cov.B",28,-0.059747,-0.25878,0.12027
"prep_cov.B",29,-0.22071,-0.40687,-0.019961
"prep_cov.B",30,-0.16612,-0.35743,0.016637
"prep_cov.B",31,0.015636,-0.19208,0.19403
"prep_cov.B",32,0.010232,-0.1539,0.17726
"prep_cov.B",33,-0.0032289,-0.18763,0.17139
"prep_cov.B",34,-0.039529,-0.20587,0.12735
"prep_cov.B",35,0.031841,-0.1361,0.20161
"prep_cov.B",36,-0.011599,-0.22841,0.17481
"prep_cov.B",37,0.077994,-0.06827,0.23605
"prep_cov.B",38,-0.0084168,-0.16211,0.14609
"prep_cov.B",39,0.016468,-0.15282,0.15477
"prep_cov.B",40,0.062318,-0.086497,0.21302
"prev.H",1,0.98168,0.97812,0.98484
"prev.H",2,0.92413,0.90951,0.93761
"prev.H",3,0.88702,0.86739,0.90672
"prev.H",4,0.85044,0.82201,0.8766
"prev.H",5,0.79635,0.76361,0.83148
"prev.H",6,0.7751,0.73582,0.81458
"prev.H",7,0.73297,0.67634,0.78342
"prev.H",8,0.71332,0.66131,0.76407
"prev.H",9,0.67591,0.61216,0.73654
"prev.H",10,0.62988,0.55531,0.70339
"prev.H",11,0.58792,0.51192,0.66754
"prev.H",12,0.53776,0.44943,0.62835
"prev.H",13,0.52417,0.43186,0.61931
"prev.H",14,0.50619,0.40978,0.60572
"prev.H",15,0.47717,0.38084,0.57966
"prev.H",16,0.49027,0.40827,0.58264
"prev.H",17,0.48148,0.38779,0.58063
"prev.H",18,0.45487,0.35269,0.5531
"prev.H",19,0.40983,0.30849,0.51218
"prev.H",20,0.37206,0.27096,0.47637
"prev.H",21,0.32212,0.22293,0.43679
"prev.H",22,0.28791,0.1755,0.41846
"prev.H",23,0.26893,0.15274,0.41463
"prev.H",24,0.24797,0.12402,0.38229
"prev.H",25,0.20881,0.058866,0.35882
"prev.H",26,0.20995,0.075818,0.34664
"prev.H",27,0.13791,0.002397,0.28495
"prev.H",28,0.060796,-0.091202,0.21911
"prev.H",29,0.030402,-0.13087,0.1899
"prev.H",30,0.026862,-0.13397,0.18629
"prev.H",31,0.022517,-0.15092,0.17359
"prev.H",32,0.01388,-0.1481,0.16377
"prev.H",33,0.018082,-0.14532,0.17192
"prev.H",34,0.029832,-0.12007,0.19008
"prev.H",35,0.03562,-0.10602,0.19262
"prev.H",36,0.028294,-0.1255,0.18689
"prev.H",37,0.020822,-0.14592,0.19517
"prev.H",38,0.021742,-0.15883,0.19418
"prev.H",39,0.042831,-0.13828,0.21434
"prev.H",40,0.053187,-0.11147,0.22868
"incid_rate.H",1,-0.013205,-0.18939,0.16808
"incid_rate.H",2,-0.086483,-0.2839,0.092204
"incid_rate.H",3,-0.11869,-0.32841,0.10383
"incid_rate.H",4,-0.12672,-0.34153,0.06457
"incid_rate.H",5,-0.011851,-0.19696,0.16967
"incid_rate.H",6,0.051366,-0.087637,0.20959
"incid_rate.H",7,-0.092696,-0.29022,0.10811
"incid_rate.H",8,0.13508,-0.020162,0.28397
"incid_rate.H",9,0.0041949,-0.14725,0.17489
"incid_rate.H",10,0.050443,-0.077558,0.18066
"incid_rate.H",11,0.043366,-0.11027,0.20609
"incid_rate.H",12,-0.094097,-0.26821,0.088896
"incid_rate.H",13,0.18004,0.015985,0.34113
"incid_rate.H",14,0.029879,-0.12888,0.17228
"incid_rate.H",15,0.0072341,-0.14213,0.15383
"incid_rate.H",16,-0.050381,-0.25624,0.15332
"incid_rate.H",17,-0.069635,-0.25106,0.11202
"incid_rate.H",18,-0.010139,-0.21655,0.19537
"incid_rate.H",19,-0.0028754,-0.15848,0.14537
"incid_rate.H",20,-0.057618,-0.24525,0.12936
"incid_rate.H",21,0.015037,-0.16401,0.1585
"incid_rate.H",22,0.040061,-0.1192,0.20675
"incid_rate.H",23,0.11913,-0.033627,0.26932
"incid_rate.H",24,-0.11141,-0.30617,0.061175
"incid_rate.H",25,-0.060049,-0.2273,0.12347
"incid_rate.H",26,-0.032746,-0.19378,0.13858
"incid_rate.H",27,-0.067344,-0.27957,0.12394
"incid_rate.H",28,-0.050431,-0.24886,0.12226
"incid_rate.H",29,0.088886,-0.060566,0.23341
"incid_rate.H",30,-0.08682,-0.26412,0.080774
"incid_rate.H",31,-0.041516,-0.19562,0.11401
"incid_rate.H",32,-0.099988,-0.31815,0.10687
"incid_rate.H",33,-0.023234,-0.16916,0.12857
"incid_rate.H",34,0.065303,-0.10611,0.23041
"incid_rate.H",35,-0.17438,-0.3619,0.027333
"incid_rate.H",36,-0.031875,-0.24202,0.17244
"incid_rate.H",37,0.10417,-0.033985,0.24712
"incid_rate.H",38,0.018245,-0.14649,0.17313
"incid_rate.H",39,0.071601,-0.099484,0.22227
"incid_rate.H",40,-0.099678,-0.30479,0.084359
"dx_frac.H",1,0.86076,0.82968,0.88689
"dx_frac.H",2,0.49955,0.40681,0.57828
"dx_frac.H",3,0.35049,0.25111,0.45309
"dx_frac.H",4,0.26116,0.12926,0.40337
"dx_frac.H",5,0.04165,-0.1232,0.22917
"dx_frac.H",6,0.067777,-0.088141,0.2536
"dx_frac.H",7,0.074424,-0.089461,0.23884
"dx_frac.H",8,0.13868,-0.015907,0.3002
"dx_frac.H",9,0.11691,-0.014638,0.25525
"dx_frac.H",10,0.034302,-0.10426,0.17993
"dx_frac.H",11,0.070385,-0.08556,0.23265
"dx_frac.H",12,0.042561,-0.11241,0.20966
"dx_frac.H",13,0.086915,-0.065205,0.23341
"dx_frac.H",14,0.12688,-0.01911,0.27622
"dx_frac.H",15,0.10776,-0.037269,0.24543
"dx_frac.H",16,0.059355,-0.088241,0.21504
"dx_frac.H",17,0.023205,-0.16051,0.17338
"dx_frac.H",18,-0.12027,-0.31573,0.058143
"dx_frac.H",19,-0.05435,-0.2294,0.097981
"dx_frac.H",20,0.0001006,-0.1678,0.1615
"dx_frac.H",21,0.011073,-0.14086,0.17101
"dx_frac.H",22,0.038502,-0.11013,0.19869
"dx_frac.H",23,0.044115,-0.10953,0.1992
"dx_frac.H",24,0.058882,-0.078707,0.2169
"dx_frac.H",25,0.018935,-0.13386,0.16974
"dx_frac.H",26,-0.070915,-0.23291,0.093369
"dx_frac.H",27,-0.11895,-0.28689,0.044429
"dx_frac.H",28,-0.14998,-0.34175,0.045076
"dx_frac.H",29,-0.10604,-0.3202,0.12471
"dx_frac.H",30,0.089032,-0.075397,0.26412
"dx_frac.H",31,0.11036,-0.062613,0.28138
"dx_frac.H",32,0.12536,-0.045197,0.29517
"dx_frac.H",33,0.051032,-0.10492,0.22623
"dx_frac.H",34,0.098535,-0.048759,0.26882
"dx_frac.H",35,0.13408,-0.064381,0.31436
"dx_frac.H",36,0.073166,-0.12196,0.2575
"dx_frac.H",37,0.10621,-0.053549,0.26133
"dx_frac.H",38,0.079233,-0.093266,0.24013
"dx_frac.H",39,-0.014104,-0.19718,0.15452
"dx_frac.H",40,-0.011115,-0.17963,0.14989
"supp_frac.H",1,0.88025,0.86118,0.89773
"supp_frac.H",2,0.46034,0.3739,0.55203
"supp_frac.H",3,0.26166,0.14141,0.3846
"supp_frac.H",4,0.27309,0.14868,0.38893
"supp_frac.H",5,0.047891,-0.13799,0.22191
"supp_frac.H",6,0.031884,-0.13328,0.19152
"supp_frac.H",7,0.089301,-0.063384,0.2361
"supp_frac.H",8,0.05071,-0.085724,0.17863
"supp_frac.H",9,0.037122,-0.10511,0.19039
"supp_frac.H",10,0.089165,-0.053687,0.22182
"supp_frac.H",11,0.1814,0.048342,0.31216
"supp_frac.H",12,0.10902,-0.046401,0.25338
"supp_frac.H",13,0.11114,-0.059722,0.27891
"supp_frac.H",14,0.14306,-0.04469,0.32361
"supp_frac.H",15,0.064031,-0.11739,0.22287
"supp_frac.H",16,-0.17947,-0.39286,0.027893
"supp_frac.H",17,0.0096127,-0.16073,0.17375
"supp_frac.H",18,-0.088474,-0.31093,0.099842
"supp_frac.H",19,0.067247,-0.088268,0.20597
"supp_frac.H",20,0.095057,-0.053267,0.2225
"supp_frac.H",21,-0.054018,-0.22915,0.085001
"supp_frac.H",22,-0.18911,-0.39994,-0.016172
"supp_frac.H",23,-0.041677,-0.24095,0.12
"supp_frac.H",24,-0.091032,-0.29626,0.10295
"supp_frac.H",25,-0.24914,-0.47499,-0.044802
"supp_frac.H",26,-0.19394,-0.43405,0.0058837
"supp_frac.H",27,-0.011228,-0.20357,0.16824
"supp_frac.H",28,-0.033136,-0.192,0.14162
"supp_frac.H",29,-0.0061588,-0.16472,0.17712
"supp_frac.H",30,0.027678,-0.14936,0.21132
"supp_frac.H",31,0.16084,0.021258,0.30845
"supp_frac.H",32,0.17365,0.045738,0.29173
"supp_frac.H",33,0.1113,-0.040627,0.24621
"supp_frac.H",34,0.11473,-0.037782,0.26607
"supp_frac.H",35,0.065392,-0.10609,0.22807
"supp_frac.H",36,-0.033623,-0.2122,0.1124
"supp_frac.H",37,0.079793,-0.076038,0.22031
"supp_frac.H",38,0.12045,-0.030049,0.28845
"supp_frac.H",39,0.10944,-0.048601,0.25971
"supp_frac.H",40,0.16748,0.016809,0.30886
"prep_cov.H",1,0.5705,0.49861,0.63782
"prep_cov.H",2,0.011366,-0.1611,0.15642
"prep_cov.H",3,-0.079548,-0.26575,0.097822
"prep_cov.H",4,-0.08687,-0.26028,0.10455
"prep_cov.H",5,-0.062062,-0.26373,0.12967
"prep_cov.H",6,-0.032668,-0.22528,0.12984
"prep_cov.H",7,0.16383,0.019411,0.29687
"prep_cov.H",8,0.085139,-0.075713,0.23966
"prep_cov.H",9,0.1122,-0.033495,0.24606
"prep_cov.H",10,0.075283,-0.082584,0.20957
"prep_cov.H",11,-0.1213,-0.30815,0.046396
"prep_cov.H",12,-0.090098,-0.26436,0.10161
"prep_cov.H",13,-0.070029,-0.27949,0.10915
"prep_cov.H",14,-0.044904,-0.21607,0.15461
"prep_cov.H",15,0.12372,-0.04246,0.28428
"prep_cov.H",16,-0.018761,-0.1978,0.16905
"prep_cov.H",17,0.089656,-0.048767,0.22469
"prep_cov.H",18,-0.076459,-0.25186,0.066775
"prep_cov.H",19,-0.017514,-0.19653,0.12828
"prep_cov.H",20,0.02202,-0.18609,0.21599
"prep_cov.H",21,0.10043,-0.065985,0.25177
"prep_cov.H",22,0.16552,0.015007,0.31849
"prep_cov.H",23,0.14889,-0.016957,0.29413
"prep_cov.H",24,0.056728,-0.086377,0.2042
"prep_cov.H",25,-0.025573,-0.19895,0.15164
"prep_cov.H",26,-0.053001,-0.24219,0.1367
"prep_cov.H",27,-0.18655,-0.40702,0.027617
"prep_cov.H",28,-0.062374,-0.25284,0.1088
"prep_cov.H",29,0.15178,-0.0049789,0.29714
"prep_cov.H",30,0.17271,0.017672,0.32442
"prep_cov.H",31,-0.075583,-0.25422,0.11119
"prep_cov.H",32,-0.12337,-0.29579,0.059554
"prep_cov.H",33,-0.059158,-0.2755,0.12992
"prep_cov.H",34,0.06527,-0.073897,0.21369
"prep_cov.H",35,-0.011394,-0.19888,0.17448
"prep_cov.H",36,-0.028959,-0.22769,0.16352
"prep_cov.H",37,0.022897,-0.13679,0.18656
"prep_cov.H",38,0.11013,-0.055279,0.25525
"prep_cov.H",39,0.020105,-0.14044,0.18788
"prep_cov.H",40,0.045474,-0.12403,0.20267
"prev.W",1,0.99387,0.99279,0.9949
"prev.W",2,0.97188,0.96673,0.97693
"prev.W",3,0.94558,0.93409,0.95542
"prev.W",4,0.92129,0.90517,0.93439
"prev.W",5,0.89474,0.87237,0.91337
"prev.W",6,0.86517,0.83137,0.89314
"prev.W",7,0.84565,0.80828,0.87463
"prev.W",8,0.82806,0.79058,0.8608
"prev.W",9,0.79946,0.76034,0.8342
"prev.W",10,0.78119,0.74439,0.81753
"prev.W",11,0.74615,0.7017,0.78801
"prev.W",12,0.71602,0.66307,0.76477
"prev.W",13,0.67,0.59862,0.72907
"prev.W",14,0.6246,0.54666,0.6935
"prev.W",15,0.59872,0.51432,0.67367
"prev.W",16,0.56918,0.48303,0.65015
"prev.W",17,0.55302,0.46293,0.63288
"prev.W",18,0.54833,0.45859,0.63038
"prev.W",19,0.54228,0.45274,0.62258
"prev.W",20,0.52193,0.42469,0.61442
"prev.W",21,0.51176,0.41781,0.6006
"prev.W",22,0.48318,0.39077,0.57704
"prev.W",23,0.45941,0.35634,0.56112
"prev.W",24,0.47788,0.37305,0.58297
"prev.W",25,0.45831,0.35389,0.56481
"prev.W",26,0.44044,0.33952,0.54504
"prev.W",27,0.41418,0.30527,0.52062
"prev.W",28,0.38239,0.28293,0.4913
"prev.W",29,0.36066,0.25194,0.47934
"prev.W",30,0.33052,0.22088,0.44545
"prev.W",31,0.31445,0.19867,0.42801
"prev.W",32,0.30091,0.19164,0.41347
"prev.W",33,0.28731,0.1736,0.407
"prev.W",34,0.2769,0.15542,0.40668
"prev.W",35,0.25021,0.13209,0.38409
"prev.W",36,0.26245,0.14149,0.38563
"prev.W",37,0.28202,0.16567,0.3999
"prev.W",38,0.28618,0.17125,0.41203
"prev.W",39,0.28638,0.16075,0.41195
"prev.W",40,0.29665,0.17155,0.4208
"incid_rate.W",1,0.16471,0.024718,0.30657
"incid_rate.W",2,0.065043,-0.066003,0.22118
"incid_rate.W",3,0.018029,-0.11471,0.15977
"incid_rate.W",4,0.084132,-0.070839,0.23288
"incid_rate.W",5,0.016465,-0.1622,0.19902
"incid_rate.W",6,0.027495,-0.15343,0.19312
"incid_rate.W",7,-0.0077371,-0.21378,0.16222
"incid_rate.W",8,-0.0011266,-0.14013,0.14266
"incid_rate.W",9,0.12624,-0.010683,0.27543
"incid_rate.W",10,0.22405,0.097042,0.35382
"incid_rate.W",11,0.0734,-0.098882,0.24505
"incid_rate.W",12,-0.023686,-0.18345,0.13612
"incid_rate.W",13,0.0021953,-0.16489,0.14737
"incid_rate.W",14,0.03987,-0.14742,0.20978
"incid_rate.W",15,-0.0070633,-0.16933,0.15942
"incid_rate.W",16,0.028966,-0.14216,0.22648
"incid_rate.W",17,0.036294,-0.11909,0.18009
"incid_rate.W",18,0.094269,-0.071544,0.25466
"incid_rate.W",19,0.16815,0.03446,0.30921
"incid_rate.W",20,0.032421,-0.12614,0.19952
"incid_rate.W",21,-0.034733,-0.21539,0.13533
"incid_rate.W",22,-0.13001,-0.37307,0.10551
"incid_rate.W",23,0.24886,0.054385,0.40565
"incid_rate.W",24,0.057817,-0.11911,0.20475
"incid_rate.W",25,0.064129,-0.17146,0.22892
"incid_rate.W",26,0.14087,0.0096301,0.28608
"incid_rate.W",27,-0.10638,-0.31595,0.06355
"incid_rate.W",28,0.078846,-0.071058,0.24833
"incid_rate.W",29,-0.02445,-0.19701,0.13328
"incid_rate.W",30,0.042185,-0.10833,0.20702
"incid_rate.W",31,0.025028,-0.16606,0.20128
"incid_rate.W",32,0.11143,-0.053903,0.26893
"incid_rate.W",33,0.10041,-0.094434,0.29224
"incid_rate.W",34,0.1365,-0.015002,0.29602
"incid_rate.W",35,0.041318,-0.11432,0.19536
"incid_rate.W",36,0.026424,-0.17256,0.21133
"incid_rate.W",37,0.032353,-0.11641,0.20166
"incid_rate.W",38,-0.016762,-0.20317,0.15101
"incid_rate.W",39,0.011685,-0.1481,0.16391
"incid_rate.W",40,0.097627,-0.033647,0.25106
"dx_frac.W",1,0.83937,0.80916,0.87179
"dx_frac.W",2,0.46239,0.37804,0.55469
"dx_frac.W",3,0.2999,0.16981,0.43635
"dx_frac.W",4,0.23944,0.094423,0.39505
"dx_frac.W",5,0.12269,-0.017664,0.28201
"dx_frac.W",6,-0.030371,-0.2262,0.19092
"dx_frac.W",7,-0.028508,-0.20595,0.15006
"dx_frac.W",8,0.07401,-0.072701,0.20981
"dx_frac.W",9,0.097242,-0.023498,0.21997
"dx_frac.W",10,0.16339,0.053839,0.27891
"dx_frac.W",11,0.12551,-0.012483,0.24312
"dx_frac.W",12,0.12978,-0.027638,0.2841
"dx_frac.W",13,0.040812,-0.10607,0.19566
"dx_frac.W",14,-0.0036437,-0.15274,0.13348
"dx_frac.W",15,0.069713,-0.079311,0.2243
"dx_frac.W",16,0.014518,-0.13758,0.18477
"dx_frac.W",17,0.22521,0.10785,0.34073
"dx_frac.W",18,0.18664,0.056196,0.32525
"dx_frac.W",19,0.18162,0.039331,0.32399
"dx_frac.W",20,0.13283,-0.01583,0.28012
"dx_frac.W",21,0.067635,-0.097714,0.22136
"dx_frac.W",22,0.093231,-0.074999,0.2507
"dx_frac.W",23,0.046118,-0.14072,0.23183
"dx_frac.W",24,0.16225,0.017623,0.31053
"dx_frac.W",25,0.11022,-0.062645,0.27534
"dx_frac.W",26,0.13396,-0.036769,0.30026
"dx_frac.W",27,0.043993,-0.13499,0.20447
"dx_frac.W",28,0.10702,-0.045899,0.25367
"dx_frac.W",29,0.25468,0.13366,0.37314
"dx_frac.W",30,0.11897,-0.025296,0.25412
"dx_frac.W",31,0.098073,-0.073219,0.25823
"dx_frac.W",32,0.1706,0.012172,0.31521
"dx_frac.W",33,0.20192,0.042532,0.3427
"dx_frac.W",34,0.18018,0.023068,0.31897
"dx_frac.W",35,0.17921,0.041135,0.29809
"dx_frac.W",36,0.063243,-0.097166,0.22878
"dx_frac.W",37,0.040142,-0.14082,0.2045
"dx_frac.W",38,0.04176,-0.13451,0.18867
"dx_frac.W",39,0.026838,-0.13572,0.17448
"dx_frac.W",40,-0.043604,-0.20396,0.11687
"supp_frac.W",1,0.8837,0.86251,0.90344
"supp_frac.W",2,0.49602,0.40266,0.57609
"supp_frac.W",3,0.31088,0.19435,0.42478
"supp_frac.W",4,0.15823,0.0064123,0.3109
"supp_frac.W",5,-0.016749,-0.20711,0.15156
"supp_frac.W",6,-0.082262,-0.29042,0.087562
"supp_frac.W",7,-0.11589,-0.31003,0.084517
"supp_frac.W",8,-0.090991,-0.26282,0.082533
"supp_frac.W",9,-0.16014,-0.34132,0.026899
"supp_frac.W",10,-0.0036442,-0.16211,0.17072
"supp_frac.W",11,0.079447,-0.059554,0.24238
"supp_frac.W",12,0.061431,-0.10452,0.21156
"supp_frac.W",13,-0.0096592,-0.14653,0.15571
"supp_frac.W",14,-0.0097744,-0.19136,0.15055
"supp_frac.W",15,0.029939,-0.096019,0.15795
"supp_frac.W",16,0.051476,-0.12912,0.2029
"supp_frac.W",17,0.10517,-0.058904,0.24108
"supp_frac.W",18,0.1027,-0.027865,0.23379
"supp_frac.W",19,0.071029,-0.088113,0.21612
"supp_frac.W",20,0.049867,-0.11154,0.20985
"supp_frac.W",21,0.0081948,-0.14672,0.17733
"supp_frac.W",22,0.041719,-0.091675,0.19731
"supp_frac.W",23,0.053376,-0.10842,0.211
"supp_frac.W",24,0.28277,0.15272,0.40388
"supp_frac.W",25,0.18557,0.040308,0.32289
"supp_frac.W",26,0.087362,-0.10752,0.24145
"supp_frac.W",27,0.068767,-0.099589,0.23138
"supp_frac.W",28,0.07449,-0.071108,0.22239
"supp_frac.W",29,0.1802,0.036117,0.31779
"supp_frac.W",30,0.23245,0.10669,0.3606
"supp_frac.W",31,0.11055,-0.036913,0.2725
"supp_frac.W",32,0.074585,-0.088156,0.2372
"supp_frac.W",33,0.079008,-0.063336,0.24503
"supp_frac.W",34,0.03931,-0.13458,0.19135
"supp_frac.W",35,0.11292,-0.048642,0.25269
"supp_frac.W",36,0.0010801,-0.19061,0.17836
"supp_frac.W",37,0.067533,-0.091735,0.22943
"supp_frac.W",38,-0.041293,-0.21321,0.13304
"supp_frac.W",39,0.017356,-0.15222,0.17951
"supp_frac.W",40,-0.013324,-0.1975,0.16137
"prep_cov.W",1,0.58279,0.49477,0.6627
"prep_cov.W",2,-0.030978,-0.21612,0.13122
"prep_cov.W",3,-0.016991,-0.23314,0.16763
"prep_cov.W",4,-0.018802,-0.21352,0.14743
"prep_cov.W",5,-0.056201,-0.26914,0.096668
"prep_cov.W",6,0.032971,-0.1115,0.1699
"prep_cov.W",7,0.028437,-0.14201,0.19207
"prep_cov.W",8,0.055396,-0.10657,0.20564
"prep_cov.W",9,0.017966,-0.15141,0.19771
"prep_cov.W",10,-0.011557,-0.18247,0.19034
"prep_cov.W",11,-0.065724,-0.25519,0.096866
"prep_cov.W",12,0.076731,-0.074996,0.2245
"prep_cov.W",13,-0.085699,-0.28668,0.076959
"prep_cov.W",14,-0.020585,-0.19982,0.15955
"prep_cov.W",15,0.088666,-0.057035,0.22582
"prep_cov.W",16,0.049864,-0.12219,0.21633
"prep_cov.W",17,-0.023589,-0.20102,0.1418
"prep_cov.W",18,-0.013923,-0.19645,0.16226
"prep_cov.W",19,-0.085893,-0.3034,0.10324
"prep_cov.W",20,-0.049277,-0.2675,0.12359
"prep_cov.W",21,-0.071923,-0.26744,0.10728
"prep_cov.W",22,0.04408,-0.1087,0.19123
"prep_cov.W",23,-0.020283,-0.19366,0.16334
"prep_cov.W",24,-0.054773,-0.23728,0.11137
"prep_cov.W",25,-0.020046,-0.1881,0.14527
"prep_cov.W",26,0.0023526,-0.18968,0.19074
"prep_cov.W",27,-0.01343,-0.21704,0.16103
"prep_cov.W",28,0.089187,-0.073662,0.25025
"prep_cov.W",29,-0.069253,-0.25983,0.12197
"prep_cov.W",30,-0.075845,-0.24801,0.11268
"prep_cov.W",31,0.028068,-0.15984,0.21177
"prep_cov.W",32,0.054448,-0.13503,0.21555
"prep_cov.W",33,0.017034,-0.16883,0.18612
"prep_cov.W",34,-0.10215,-0.30222,0.089652
"prep_cov.W",35,-0.11462,-0.27559,0.043375
"prep_cov.W",36,0.029115,-0.14033,0.18616
"prep_cov.W",37,0.12161,-0.030834,0.27683
"prep_cov.W",38,-0.0036711,-0.18125,0.1572
"prep_cov.W",39,0.0057302,-0.17497,0.19211
"prep_cov.W",40,-0.094101,-0.33091,0.10228
"gono_prev",1,0.94619,0.93818,0.95426
"gono_prev",2,0.73271,0.68554,0.77846
"gono_prev",3,0.57169,0.49533,0.64623
"gono_prev",4,0.51451,0.43186,0.59835
"gono_prev",5,0.43605,0.35318,0.52938
"gono_prev",6,0.34983,0.238,0.46023
"gono_prev",7,0.31433,0.19075,0.43274
"gono_prev",8,0.336,0.22125,0.44474
"gono_prev",9,0.33706,0.22613,0.44724
"gono_prev",10,0.30838,0.19333,0.41084
"gono_prev",11,0.3341,0.22341,0.43847
"gono_prev",12,0.33165,0.22508,0.43846
"gono_prev",13,0.31284,0.19193,0.43025
"gono_prev",14,0.35987,0.25344,0.4616
"gono_prev",15,0.40061,0.2911,0.49961
"gono_prev",16,0.38304,0.25997,0.49211
"gono_prev",17,0.36435,0.22506,0.48871
"gono_prev",18,0.27519,0.10338,0.41207
"gono_prev",19,0.26817,0.10883,0.40914
"gono_prev",20,0.25064,0.084741,0.38862
"gono_prev",21,0.22054,0.071227,0.35378
"gono_prev",22,0.16181,0.0061261,0.30836
"gono_prev",23,0.17452,-0.0020273,0.33555
"gono_prev",24,0.21146,0.041258,0.36188
"gono_prev",25,0.20908,0.042715,0.34745
"gono_prev",26,0.21784,0.073258,0.34643
"gono_prev",27,0.19672,0.067478,0.32129
"gono_prev",28,0.20809,0.073379,0.32022
"gono_prev",29,0.2292,0.089773,0.33896
"gono_prev",30,0.26067,0.14563,0.38345
"gono_prev",31,0.20601,0.07745,0.33409
"gono_prev",32,0.16222,0.032531,0.29894
"gono_prev",33,0.1811,0.044474,0.33314
"gono_prev",34,0.16518,0.031218,0.32266
"gono_prev",35,0.098409,-0.030675,0.24857
"gono_prev",36,0.09388,-0.057017,0.24542
"gono_prev",37,0.037745,-0.13657,0.19401
"gono_prev",38,0.022568,-0.16157,0.17845
"gono_prev",39,0.023234,-0.15364,0.17609
"gono_prev",40,-0.040411,-0.23011,0.12193
"gono_ir",1,0.91432,0.90069,0.92711
"gono_ir",2,0.67476,0.61219,0.72644
"gono_ir",3,0.54007,0.45667,0.61705
"gono_ir",4,0.48357,0.40027,0.57418
"gono_ir",5,0.41575,0.32365,0.50884
"gono_ir",6,0.32643,0.20878,0.43317
"gono_ir",7,0.31534,0.18667,0.43094
"gono_ir",8,0.33435,0.21152,0.45761
"gono_ir",9,0.32591,0.21056,0.44147
"gono_ir",10,0.29247,0.19295,0.39616
"gono_ir",11,0.33375,0.22504,0.44562
"gono_ir",12,0.33986,0.24794,0.45139
"gono_ir",13,0.29677,0.17798,0.41638
"gono_ir",14,0.35132,0.24642,0.4495
"gono_ir",15,0.3907,0.28404,0.49026
"gono_ir",16,0.39503,0.26181,0.50417
"gono_ir",17,0.34753,0.20967,0.47805
"gono_ir",18,0.25433,0.10642,0.3882
"gono_ir",19,0.26783,0.11568,0.3993
"gono_ir",20,0.23899,0.078066,0.38339
"gono_ir",21,0.21612,0.08459,0.35368
"gono_ir",22,0.15592,-0.014832,0.31376
"gono_ir",23,0.17468,0.0033884,0.32678
"gono_ir",24,0.21995,0.072299,0.35407
"gono_ir",25,0.22243,0.075391,0.35487
"gono_ir",26,0.2375,0.095546,0.36855
"gono_ir",27,0.17847,0.040846,0.30156
"gono_ir",28,0.20237,0.064079,0.33207
"gono_ir",29,0.23425,0.11967,0.34779
"gono_ir",30,0.24744,0.11735,0.37144
"gono_ir",31,0.19843,0.064615,0.31599
"gono_ir",32,0.16026,0.020946,0.29509
"gono_ir",33,0.16985,0.017969,0.30982
"gono_ir",34,0.14325,-0.0052746,0.28775
"gono_ir",35,0.10333,-0.041777,0.23834
"gono_ir",36,0.087646,-0.063189,0.24255
"gono_ir",37,0.025623,-0.12122,0.18616
"gono_ir",38,0.021757,-0.14946,0.19225
"gono_ir",39,-0.0051448,-0.15815,0.16436
"gono_ir",40,-0.059097,-0.26317,0.12981
"chla_prev",1,0.96695,0.96079,0.97298
"chla_prev",2,0.83984,0.81194,0.86788
"chla_prev",3,0.67864,0.62122,0.7262
"chla_prev",4,0.5419,0.46976,0.60649
"chla_prev",5,0.49283,0.40273,0.57673
"chla_prev",6,0.5044,0.40792,0.58742
"chla_prev",7,0.47242,0.36923,0.55993
"chla_prev",8,0.48387,0.37669,0.57764
"chla_prev",9,0.42034,0.29026,0.53548
"chla_prev",10,0.36308,0.21844,0.47592
"chla_prev",11,0.3339,0.21184,0.44914
"chla_prev",12,0.28666,0.13525,0.39374
"chla_prev",13,0.27091,0.12855,0.38455
"chla_prev",14,0.28973,0.14748,0.41476
"chla_prev",15,0.25641,0.11094,0.36045
"chla_prev",16,0.28691,0.15782,0.38646
"chla_prev",17,0.30065,0.17562,0.40679
"chla_prev",18,0.27306,0.15001,0.39109
"chla_prev",19,0.26615,0.13288,0.39499
"chla_prev",20,0.22617,0.086566,0.34951
"chla_prev",21,0.26301,0.12641,0.38999
"chla_prev",22,0.30347,0.17067,0.42223
"chla_prev",23,0.2567,0.11737,0.38736
"chla_prev",24,0.24473,0.10199,0.36406
"chla_prev",25,0.28267,0.14024,0.4081
"chla_prev",26,0.29702,0.16617,0.41709
"chla_prev",27,0.26631,0.14408,0.38126
"chla_prev",28,0.27683,0.163,0.39853
"chla_prev",29,0.21592,0.080951,0.33808
"chla_prev",30,0.18007,0.03478,0.3212
"chla_prev",31,0.12276,-0.026069,0.26366
"chla_prev",32,0.17616,0.042092,0.30046
"chla_prev",33,0.14097,0.013528,0.2816
"chla_prev",34,0.10358,-0.033434,0.25435
"chla_prev",35,0.12215,-0.024102,0.27127
"chla_prev",36,0.08977,-0.056025,0.23331
"chla_prev",37,0.097355,-0.047626,0.24526
"chla_prev",38,0.18898,0.048839,0.32493
"chla_prev",39,0.19781,0.03409,0.35361
"chla_prev",40,0.15538,-0.030295,0.33124
"chla_ir",1,0.93466,0.92234,0.94593
"chla_ir",2,0.77787,0.73851,0.81635
"chla_ir",3,0.62495,0.55712,0.68391
"chla_ir",4,0.50544,0.42243,0.57153
"chla_ir",5,0.49944,0.41234,0.57684
"chla_ir",6,0.48911,0.39597,0.571
"chla_ir",7,0.43795,0.33171,0.5348
"chla_ir",8,0.4886,0.38256,0.58526
"chla_ir",9,0.38583,0.26552,0.50539
"chla_ir",10,0.34502,0.22266,0.45346
"chla_ir",11,0.32345,0.16568,0.44381
"chla_ir",12,0.27072,0.12924,0.39625
"chla_ir",13,0.26927,0.14407,0.38739
"chla_ir",14,0.31272,0.20196,0.42482
"chla_ir",15,0.27826,0.16658,0.39578
"chla_ir",16,0.29605,0.17934,0.41728
"chla_ir",17,0.30307,0.17465,0.4182
"chla_ir",18,0.263,0.12564,0.38945
"chla_ir",19,0.25787,0.12214,0.38229
"chla_ir",20,0.23952,0.11749,0.35605
"chla_ir",21,0.27285,0.14226,0.38594
"chla_ir",22,0.30256,0.16054,0.41857
"chla_ir",23,0.23409,0.075233,0.37059
"chla_ir",24,0.23553,0.095191,0.36799
"chla_ir",25,0.29535,0.16028,0.41819
"chla_ir",26,0.29248,0.16585,0.41065
"chla_ir",27,0.27023,0.16734,0.3787
"chla_ir",28,0.28432,0.17592,0.40479
"chla_ir",29,0.20244,0.052124,0.34386
"chla_ir",30,0.19842,0.041243,0.3475
"chla_ir",31,0.14967,-0.0098601,0.29672
"chla_ir",32,0.1736,0.034115,0.31272
"chla_ir",33,0.14995,0.0022531,0.29805
"chla_ir",34,0.10853,-0.033986,0.2463
"chla_ir",35,0.11713,-0.024108,0.26438
"chla_ir",36,0.061816,-0.098379,0.21909
"chla_ir",37,0.1029,-0.050955,0.26889
"chla_ir",38,0.21235,0.073051,0.35193
"chla_ir",39,0.18782,0.011738,0.34426
"chla_ir",40,0.11781,-0.055495,0.28059
"syph_prev",1,0.99036,0.98863,0.99172
"syph_prev",2,0.88935,0.8689,0.90641
"syph_prev",3,0.67801,0.61931,0.7295
"syph_prev",4,0.41483,0.31954,0.50867
"syph_prev",5,0.29155,0.17604,0.40636
"syph_prev",6,0.24288,0.12594,0.36327
"syph_prev",7,0.21064,0.092505,0.32797
"syph_prev",8,0.20558,0.085683,0.31794
"syph_prev",9,0.21385,0.09691,0.32752
"syph_prev",10,0.18774,0.034747,0.31663
"syph_prev",11,0.19152,0.02622,0.33527
"syph_prev",12,0.21228,0.06221,0.35247
"syph_prev",13,0.24599,0.10906,0.37398
"syph_prev",14,0.2737,0.14575,0.39832
"syph_prev",15,0.25834,0.13258,0.38166
"syph_prev",16,0.23512,0.090132,0.35798
"syph_prev",17,0.23829,0.10401,0.34836
"syph_prev",18,0.24418,0.1218,0.3556
"syph_prev",19,0.25722,0.13379,0.36434
"syph_prev",20,0.26035,0.13788,0.37589
"syph_prev",21,0.24357,0.11075,0.36975
"syph_prev",22,0.2477,0.1217,0.37539
"syph_prev",23,0.28374,0.16531,0.40492
"syph_prev",24,0.32556,0.21634,0.43663
"syph_prev",25,0.31932,0.20423,0.42931
"syph_prev",26,0.30025,0.18909,0.40616
"syph_prev",27,0.29059,0.17985,0.41023
"syph_prev",28,0.2634,0.14492,0.38076
"syph_prev",29,0.20679,0.088075,0.3272
"syph_prev",30,0.1749,0.040286,0.30598
"syph_prev",31,0.19595,0.059855,0.33433
"syph_prev",32,0.18162,0.035368,0.31841
"syph_prev",33,0.14654,0.0010572,0.28318
"syph_prev",34,0.12998,-0.024262,0.28107
"syph_prev",35,0.11127,-0.034317,0.26213
"syph_prev",36,0.13582,0.0015042,0.27266
"syph_prev",37,0.15155,0.0096401,0.27861
"syph_prev",38,0.12359,-0.011141,0.25313
"syph_prev",39,0.084596,-0.042417,0.2203
"syph_prev",40,0.08921,-0.069457,0.23849
"syph_ir",1,0.91465,0.89908,0.92872
"syph_ir",2,0.61975,0.55579,0.67953
"syph_ir",3,0.29826,0.18903,0.41645
"syph_ir",4,0.12198,-0.011102,0.27694
"syph_ir",5,0.17686,0.031175,0.32439
"syph_ir",6,0.13299,-0.0046354,0.28218
"syph_ir",7,0.1299,-0.011135,0.28127
"syph_ir",8,0.14503,0.0060066,0.28658
"syph_ir",9,0.16058,0.011221,0.31284
"syph_ir",10,0.12925,-0.05893,0.29088
"syph_ir",11,0.18596,0.024977,0.34519
"syph_ir",12,0.19368,0.04783,0.33783
"syph_ir",13,0.25521,0.13241,0.37957
"syph_ir",14,0.27181,0.15333,0.39176
"syph_ir",15,0.21885,0.085862,0.34767
"syph_ir",16,0.21562,0.090703,0.34041
"syph_ir",17,0.21103,0.079262,0.34355
"syph_ir",18,0.21541,0.10041,0.33694
"syph_ir",19,0.21111,0.076404,0.35144
"syph_ir",20,0.20893,0.09015,0.34813
"syph_ir",21,0.21962,0.08968,0.3506
"syph_ir",22,0.25756,0.14549,0.37718
"syph_ir",23,0.29219,0.18804,0.39558
"syph_ir",24,0.27544,0.14543,0.39349
"syph_ir",25,0.22884,0.09443,0.35913
"syph_ir",26,0.24774,0.12392,0.37101
"syph_ir",27,0.25849,0.11754,0.38546
"syph_ir",28,0.15643,0.018133,0.28117
"syph_ir",29,0.13404,-0.0080082,0.26748
"syph_ir",30,0.12766,-0.038636,0.26644
"syph_ir",31,0.17512,0.031799,0.313
"syph_ir",32,0.084862,-0.071083,0.23575
"syph_ir",33,0.059606,-0.10823,0.2213
"syph_ir",34,0.084522,-0.085581,0.24582
"syph_ir",35,0.044322,-0.11753,0.21572
"syph_ir",36,0.14374,0.012173,0.27758
"syph_ir",37,0.098467,-0.028198,0.23299
"syph_ir",38,0.087364,-0.061784,0.23196
"syph_ir",39,0.041257,-0.12286,0.18834
"syph_ir",40,0.091871,-0.089545,0.25472
"num",1,0.99028,0.98847,0.99186
"num",2,0.95692,0.94848,0.96377
"num",3,0.93047,0.91769,0.94173
"num",4,0.90675,0.88957,0.92207
"num",5,0.87933,0.85714,0.89929
"num",6,0.84744,0.81891,0.87252
"num",7,0.82652,0.79441,0.8566
"num",8,0.8043,0.77229,0.8375
"num",9,0.78295,0.7469,0.82095
"num",10,0.7481,0.70308,0.78908
"num",11,0.74052,0.6994,0.78134
"num",12,0.71508,0.67368,0.76002
"num",13,0.68695,0.63552,0.73905
"num",14,0.66773,0.61234,0.7219
"num",15,0.6614,0.60524,0.71128
"num",16,0.65744,0.60499,0.70527
"num",17,0.63131,0.57673,0.68595
"num",18,0.63482,0.58389,0.6929
"num",19,0.6235,0.56566,0.68619
"num",20,0.59052,0.52566,0.65994
"num",21,0.56048,0.48907,0.62999
"num",22,0.53912,0.46268,0.61891
"num",23,0.50375,0.41931,0.58812
"num",24,0.50001,0.41551,0.58178
"num",25,0.46333,0.35874,0.55428
"num",26,0.45014,0.35591,0.54546
"num",27,0.42097,0.31926,0.51789
"num",28,0.40423,0.30558,0.49808
"num",29,0.37804,0.27525,0.48046
"num",30,0.35929,0.25188,0.4626
"num",31,0.33937,0.22907,0.45314
"num",32,0.36616,0.25593,0.47587
"num",33,0.36763,0.2564,0.47767
"num",34,0.34839,0.23397,0.46402
"num",35,0.31979,0.19742,0.44707
"num",36,0.28459,0.15519,0.41422
"num",37,0.27521,0.13776,0.41024
"num",38,0.24653,0.10887,0.38485
"num",39,0.2223,0.08571,0.36866
"num",40,0.20143,0.055022,0.34689
"num.B",1,0.98983,0.988,0.9916
"num.B",2,0.95772,0.95066,0.96451
"num.B",3,0.9238,0.90528,0.94005
"num.B",4,0.89509,0.86866,0.91577
"num.B",5,0.87019,0.84133,0.89381
"num.B",6,0.83838,0.80174,0.86768
"num.B",7,0.81688,0.77376,0.84759
"num.B",8,0.79239,0.74778,0.83181
"num.B",9,0.77072,0.72126,0.811
"num.B",10,0.74332,0.69278,0.78986
"num.B",11,0.73763,0.68701,0.78331
"num.B",12,0.70112,0.64433,0.75391
"num.B",13,0.67566,0.614,0.73137
"num.B",14,0.65399,0.58385,0.71361
"num.B",15,0.64965,0.58358,0.70805
"num.B",16,0.6458,0.58326,0.70428
"num.B",17,0.62414,0.55784,0.69166
"num.B",18,0.62103,0.54788,0.68809
"num.B",19,0.6006,0.52558,0.66413
"num.B",20,0.55656,0.4703,0.62488
"num.B",21,0.52206,0.4308,0.60032
"num.B",22,0.48642,0.38477,0.57419
"num.B",23,0.44075,0.32051,0.54284
"num.B",24,0.42424,0.29939,0.53285
"num.B",25,0.39775,0.27071,0.50961
"num.B",26,0.39506,0.26569,0.50102
"num.B",27,0.3762,0.25016,0.48293
"num.B",28,0.34978,0.22181,0.45715
"num.B",29,0.32282,0.17846,0.43325
"num.B",30,0.29635,0.16726,0.41011
"num.B",31,0.3001,0.18274,0.41456
"num.B",32,0.30001,0.18767,0.40831
"num.B",33,0.3036,0.18266,0.41155
"num.B",34,0.29832,0.19502,0.40597
"num.B",35,0.28209,0.17363,0.39817
"num.B",36,0.27102,0.14728,0.39011
"num.B",37,0.24541,0.11651,0.36911
"num.B",38,0.21208,0.082121,0.33855
"num.B",39,0.18923,0.045369,0.31577
"num.B",40,0.16596,0.022946,0.2961
"hiv.inf.B",1,0.99412,0.99295,0.99511
"hiv.inf.B",2,0.97468,0.97051,0.97869
"hiv.inf.B",3,0.9516,0.94353,0.95981
"hiv.inf.B",4,0.93172,0.91971,0.94271
"hiv.inf.B",5,0.90882,0.89376,0.92358
"hiv.inf.B",6,0.89077,0.87148,0.90847
"hiv.inf.B",7,0.86541,0.84055,0.88781
"hiv.inf.B",8,0.84176,0.80928,0.86998
"hiv.inf.B",9,0.82708,0.79162,0.85658
"hiv.inf.B",10,0.80989,0.77023,0.84368
"hiv.inf.B",11,0.80117,0.75806,0.84099
"hiv.inf.B",12,0.77732,0.73516,0.82087
"hiv.inf.B",13,0.75703,0.70931,0.80227
"hiv.inf.B",14,0.73117,0.67738,0.78088
"hiv.inf.B",15,0.70519,0.64842,0.7548
"hiv.inf.B",16,0.70918,0.66114,0.75615
"hiv.inf.B",17,0.69595,0.65063,0.7415
"hiv.inf.B",18,0.69124,0.64373,0.73789
"hiv.inf.B",19,0.6713,0.61296,0.72161
"hiv.inf.B",20,0.64702,0.58368,0.70236
"hiv.inf.B",21,0.62135,0.55256,0.67979
"hiv.inf.B",22,0.59808,0.52868,0.66064
"hiv.inf.B",23,0.58092,0.5114,0.64448
"hiv.inf.B",24,0.56933,0.49095,0.63772
"hiv.inf.B",25,0.56101,0.48267,0.63406
"hiv.inf.B",26,0.54683,0.46257,0.62258
"hiv.inf.B",27,0.54016,0.45632,0.62005
"hiv.inf.B",28,0.49855,0.39989,0.58714
"hiv.inf.B",29,0.46395,0.3582,0.55657
"hiv.inf.B",30,0.43845,0.33334,0.53403
"hiv.inf.B",31,0.41744,0.31167,0.51877
"hiv.inf.B",32,0.38499,0.26967,0.49055
"hiv.inf.B",33,0.36481,0.23619,0.47979
"hiv.inf.B",34,0.34705,0.21055,0.46492
"hiv.inf.B",35,0.33095,0.19308,0.44406
"hiv.inf.B",36,0.30763,0.17773,0.42101
"hiv.inf.B",37,0.28633,0.14722,0.4078
"hiv.inf.B",38,0.26155,0.11739,0.37884
"hiv.inf.B",39,0.25599,0.10842,0.37662
"hiv.inf.B",40,0.24431,0.098493,0.36234
"hiv.dx.B",1,0.99549,0.99474,0.99626
"hiv.dx.B",2,0.98546,0.98292,0.98786
"hiv.dx.B",3,0.97304,0.96772,0.97782
"hiv.dx.B",4,0.96034,0.95262,0.96756
"hiv.dx.B",5,0.94558,0.93587,0.95542
"hiv.dx.B",6,0.92972,0.91572,0.94145
"hiv.dx.B",7,0.9107,0.89441,0.92599
"hiv.dx.B",8,0.89446,0.87534,0.91211
"hiv.dx.B",9,0.87903,0.85635,0.89918
"hiv.dx.B",10,0.86456,0.83789,0.88855
"hiv.dx.B",11,0.84454,0.81134,0.87658
"hiv.dx.B",12,0.82235,0.7824,0.85905
"hiv.dx.B",13,0.81308,0.77348,0.85056
"hiv.dx.B",14,0.78247,0.73793,0.82279
"hiv.dx.B",15,0.75776,0.70887,0.8052
"hiv.dx.B",16,0.74907,0.69519,0.79594
"hiv.dx.B",17,0.72278,0.67287,0.76951
"hiv.dx.B",18,0.71193,0.6622,0.75855
"hiv.dx.B",19,0.70187,0.65163,0.75041
"hiv.dx.B",20,0.67467,0.62102,0.72966
"hiv.dx.B",21,0.64285,0.58475,0.70537
"hiv.dx.B",22,0.63299,0.57041,0.69415
"hiv.dx.B",23,0.60793,0.54604,0.67267
"hiv.dx.B",24,0.58641,0.52248,0.65207
"hiv.dx.B",25,0.58656,0.52321,0.65371
"hiv.dx.B",26,0.57311,0.49949,0.6469
"hiv.dx.B",27,0.56913,0.49,0.64115
"hiv.dx.B",28,0.55436,0.4704,0.63174
"hiv.dx.B",29,0.52905,0.4411,0.60949
"hiv.dx.B",30,0.4996,0.4073,0.58517
"hiv.dx.B",31,0.46945,0.36846,0.56145
"hiv.dx.B",32,0.43486,0.32724,0.5339
"hiv.dx.B",33,0.41195,0.29968,0.51658
"hiv.dx.B",34,0.39845,0.27819,0.50458
"hiv.dx.B",35,0.37211,0.23925,0.47788
"hiv.dx.B",36,0.3626,0.22986,0.47258
"hiv.dx.B",37,0.34231,0.20503,0.45792
"hiv.dx.B",38,0.32354,0.18992,0.44124
"hiv.dx.B",39,0.30333,0.16794,0.42331
"hiv.dx.B",40,0.28832,0.15572,0.41266
"hiv.tx.B",1,0.97246,0.96803,0.97737
"hiv.tx.B",2,0.9167,0.90077,0.93387
"hiv.tx.B",3,0.85734,0.8253,0.88745
"hiv.tx.B",4,0.84743,0.81925,0.87767
"hiv.tx.B",5,0.79683,0.7593,0.8331
"hiv.tx.B",6,0.76395,0.72223,0.80458
"hiv.tx.B",7,0.76093,0.71989,0.80226
"hiv.tx.B",8,0.74163,0.69954,0.77916
"hiv.tx.B",9,0.73875,0.70141,0.77597
"hiv.tx.B",10,0.70116,0.64893,0.75133
"hiv.tx.B",11,0.66402,0.60231,0.72498
"hiv.tx.B",12,0.64765,0.58046,0.71236
"hiv.tx.B",13,0.61018,0.52571,0.68328
"hiv.tx.B",14,0.60072,0.51565,0.67755
"hiv.tx.B",15,0.55453,0.45264,0.6492
"hiv.tx.B",16,0.55531,0.45477,0.63503
"hiv.tx.B",17,0.56064,0.48185,0.6326
"hiv.tx.B",18,0.55069,0.47928,0.62001
"hiv.tx.B",19,0.54544,0.46402,0.61961
"hiv.tx.B",20,0.52505,0.43918,0.60561
"hiv.tx.B",21,0.48603,0.38849,0.57915
"hiv.tx.B",22,0.45597,0.3511,0.55121
"hiv.tx.B",23,0.4325,0.33473,0.52322
"hiv.tx.B",24,0.39755,0.29044,0.49754
"hiv.tx.B",25,0.41549,0.30328,0.50691
"hiv.tx.B",26,0.42149,0.3099,0.5211
"hiv.tx.B",27,0.43105,0.33109,0.52615
"hiv.tx.B",28,0.4065,0.29882,0.51113
"hiv.tx.B",29,0.37036,0.25236,0.48269
"hiv.tx.B",30,0.33328,0.22064,0.45301
"hiv.tx.B",31,0.31366,0.19821,0.42229
"hiv.tx.B",32,0.30226,0.18493,0.4195
"hiv.tx.B",33,0.30959,0.18004,0.4304
"hiv.tx.B",34,0.31643,0.1755,0.44862
"hiv.tx.B",35,0.27859,0.14205,0.41781
"hiv.tx.B",36,0.28219,0.14455,0.42223
"hiv.tx.B",37,0.27523,0.13639,0.40938
"hiv.tx.B",38,0.29191,0.14224,0.42797
"hiv.tx.B",39,0.24469,0.086973,0.39638
"hiv.tx.B",40,0.22864,0.05643,0.37392
"hiv.supp.B",1,0.98012,0.97659,0.98377
"hiv.supp.B",2,0.91878,0.90295,0.9336
"hiv.supp.B",3,0.86175,0.83281,0.88776
"hiv.supp.B",4,0.8471,0.81642,0.87292
"hiv.supp.B",5,0.79511,0.75687,0.83101
"hiv.supp.B",6,0.76388,0.71898,0.80698
"hiv.supp.B",7,0.76052,0.71998,0.80324
"hiv.supp.B",8,0.73551,0.69203,0.77545
"hiv.supp.B",9,0.74147,0.69873,0.7828
"hiv.supp.B",10,0.70571,0.6477,0.75458
"hiv.supp.B",11,0.66215,0.59447,0.71899
"hiv.supp.B",12,0.64694,0.57409,0.71027
"hiv.supp.B",13,0.60446,0.51762,0.67951
"hiv.supp.B",14,0.59889,0.51305,0.67622
"hiv.supp.B",15,0.55826,0.45149,0.65187
"hiv.supp.B",16,0.5502,0.44617,0.63977
"hiv.supp.B",17,0.55554,0.46709,0.63622
"hiv.supp.B",18,0.54586,0.45653,0.62575
"hiv.supp.B",19,0.54671,0.45832,0.6292
"hiv.supp.B",20,0.51632,0.4283,0.60436
"hiv.supp.B",21,0.48304,0.37823,0.58813
"hiv.supp.B",22,0.45847,0.35599,0.57015
"hiv.supp.B",23,0.43331,0.33638,0.5374
"hiv.supp.B",24,0.39298,0.28773,0.50511
"hiv.supp.B",25,0.4052,0.29797,0.51742
"hiv.supp.B",26,0.41667,0.31673,0.52344
"hiv.supp.B",27,0.42903,0.34014,0.52635
"hiv.supp.B",28,0.40168,0.30091,0.50885
"hiv.supp.B",29,0.36989,0.26002,0.47015
"hiv.supp.B",30,0.33166,0.22112,0.4433
"hiv.supp.B",31,0.31314,0.2059,0.42456
"hiv.supp.B",32,0.29577,0.17752,0.41354
"hiv.supp.B",33,0.3132,0.19422,0.43115
"hiv.supp.B",34,0.31848,0.18138,0.44552
"hiv.supp.B",35,0.27236,0.13325,0.38825
"hiv.supp.B",36,0.28065,0.13172,0.4126
"hiv.supp.B",37,0.27089,0.11995,0.39973
"hiv.supp.B",38,0.29172,0.14901,0.41923
"hiv.supp.B",39,0.2476,0.092122,0.39335
"hiv.supp.B",40,0.22962,0.072689,0.37595
"prep.B",1,0.69936,0.65516,0.74362
"prep.B",2,0.54705,0.45266,0.6414
"prep.B",3,0.36976,0.27185,0.46285
"prep.B",4,0.37041,0.2524,0.46463
"prep.B",5,0.38996,0.30062,0.48139
"prep.B",6,0.39049,0.28744,0.48164
"prep.B",7,0.42899,0.34514,0.51062
"prep.B",8,0.38243,0.2746,0.4839
"prep.B",9,0.3275,0.2177,0.44292
"prep.B",10,0.39192,0.25897,0.50108
"prep.B",11,0.33732,0.21775,0.45774
"prep.B",12,0.33745,0.23846,0.44372
"prep.B",13,0.40096,0.29318,0.50556
"prep.B",14,0.42908,0.32939,0.5301
"prep.B",15,0.27789,0.14748,0.3811
"prep.B",16,0.30624,0.13207,0.44389
"prep.B",17,0.212,0.048114,0.36565
"prep.B",18,0.3378,0.22386,0.44758
"prep.B",19,0.27703,0.15293,0.38781
"prep.B",20,0.1532,0.019703,0.29198
"prep.B",21,0.26992,0.15588,0.39169
"prep.B",22,0.23019,0.099138,0.36636
"prep.B",23,0.17164,0.040783,0.30205
"prep.B",24,0.27248,0.15402,0.39771
"prep.B",25,0.28134,0.16495,0.40251
"prep.B",26,0.22157,0.10974,0.34225
"prep.B",27,0.27854,0.1705,0.39503
"prep.B",28,0.17532,0.016955,0.32829
"prep.B",29,0.089488,-0.082565,0.23328
"prep.B",30,0.18594,0.048259,0.32288
"prep.B",31,0.26729,0.12096,0.39262
"prep.B",32,0.22284,0.097974,0.35464
"prep.B",33,0.21309,0.061622,0.34269
"prep.B",34,0.14787,0.02288,0.27389
"prep.B",35,0.13987,-0.021914,0.27683
"prep.B",36,0.12998,-0.029954,0.2841
"prep.B",37,0.10309,-0.055892,0.2743
"prep.B",38,0.048412,-0.13165,0.21986
"prep.B",39,0.057407,-0.11065,0.2197
"prep.B",40,0.15985,0.0015941,0.30946
"prep.indic.B",1,0.96096,0.95516,0.96743
"prep.indic.B",2,0.87676,0.8529,0.89644
"prep.indic.B",3,0.81614,0.78343,0.84599
"prep.indic.B",4,0.80776,0.77779,0.83633
"prep.indic.B",5,0.79357,0.75735,0.83043
"prep.indic.B",6,0.77493,0.73452,0.81395
"prep.indic.B",7,0.75806,0.71297,0.79711
"prep.indic.B",8,0.71095,0.66038,0.75854
"prep.indic.B",9,0.67677,0.62035,0.73286
"prep.indic.B",10,0.71825,0.66089,0.7677
"prep.indic.B",11,0.69717,0.63575,0.75536
"prep.indic.B",12,0.68344,0.62967,0.73486
"prep.indic.B",13,0.65686,0.60424,0.71574
"prep.indic.B",14,0.6319,0.57254,0.69108
"prep.indic.B",15,0.57463,0.49553,0.6478
"prep.indic.B",16,0.56877,0.49606,0.63799
"prep.indic.B",17,0.52774,0.43697,0.60779
"prep.indic.B",18,0.51785,0.42419,0.59578
"prep.indic.B",19,0.49626,0.40599,0.58063
"prep.indic.B",20,0.51938,0.44268,0.5967
"prep.indic.B",21,0.4758,0.37649,0.55451
"prep.indic.B",22,0.45603,0.3629,0.53441
"prep.indic.B",23,0.4156,0.32889,0.49212
"prep.indic.B",24,0.39563,0.29817,0.47735
"prep.indic.B",25,0.42467,0.31807,0.50374
"prep.indic.B",26,0.36224,0.23043,0.47267
"prep.indic.B",27,0.37137,0.26747,0.46229
"prep.indic.B",28,0.36851,0.25603,0.45967
"prep.indic.B",29,0.37557,0.26706,0.47901
"prep.indic.B",30,0.36659,0.24591,0.47447
"prep.indic.B",31,0.41111,0.30185,0.50925
"prep.indic.B",32,0.36499,0.24397,0.47133
"prep.indic.B",33,0.34618,0.23975,0.44279
"prep.indic.B",34,0.279,0.16015,0.38774
"prep.indic.B",35,0.2033,0.060997,0.33437
"prep.indic.B",36,0.17555,0.036027,0.32088
"prep.indic.B",37,0.18743,0.029352,0.33398
"prep.indic.B",38,0.14898,-0.038535,0.31849
"prep.indic.B",39,0.15105,-0.008763,0.30571
"prep.indic.B",40,0.16724,0.022232,0.31338
"num.H",1,0.99259,0.9912,0.99379
"num.H",2,0.96422,0.95823,0.96953
"num.H",3,0.93956,0.92949,0.94894
"num.H",4,0.91385,0.90031,0.92692
"num.H",5,0.88544,0.86751,0.90234
"num.H",6,0.85915,0.83692,0.88287
"num.H",7,0.84011,0.81512,0.86601
"num.H",8,0.83139,0.80028,0.85879
"num.H",9,0.81093,0.77767,0.84055
"num.H",10,0.78352,0.7512,0.81611
"num.H",11,0.75867,0.72439,0.79303
"num.H",12,0.73889,0.69757,0.77989
"num.H",13,0.71487,0.6698,0.75955
"num.H",14,0.70379,0.65572,0.75301
"num.H",15,0.6785,0.62976,0.73252
"num.H",16,0.67328,0.61936,0.729
"num.H",17,0.64223,0.58366,0.69932
"num.H",18,0.62526,0.56673,0.68392
"num.H",19,0.60992,0.55146,0.66841
"num.H",20,0.5936,0.53455,0.65773
"num.H",21,0.57125,0.50596,0.63845
"num.H",22,0.56144,0.49164,0.63737
"num.H",23,0.54004,0.4663,0.61994
"num.H",24,0.5221,0.44815,0.60214
"num.H",25,0.49758,0.41901,0.57492
"num.H",26,0.44104,0.349,0.53062
"num.H",27,0.39841,0.29119,0.49615
"num.H",28,0.38161,0.27099,0.48281
"num.H",29,0.36453,0.25758,0.46431
"num.H",30,0.37047,0.26929,0.47247
"num.H",31,0.36562,0.26687,0.46851
"num.H",32,0.37002,0.2722,0.47281
"num.H",33,0.35987,0.25909,0.46203
"num.H",34,0.34405,0.23807,0.45116
"num.H",35,0.35712,0.24984,0.45681
"num.H",36,0.31721,0.19804,0.42836
"num.H",37,0.30739,0.18047,0.41537
"num.H",38,0.28071,0.14393,0.39784
"num.H",39,0.25776,0.1222,0.38853
"num.H",40,0.25405,0.10767,0.38305
"hiv.inf.H",1,0.98584,0.98331,0.9884
"hiv.inf.H",2,0.94077,0.92935,0.95105
"hiv.inf.H",3,0.90896,0.89379,0.9249
"hiv.inf.H",4,0.8804,0.85725,0.90263
"hiv.inf.H",5,0.83833,0.80767,0.86506
"hiv.inf.H",6,0.81966,0.78307,0.8529
"hiv.inf.H",7,0.7819,0.73622,0.82282
"hiv.inf.H",8,0.76542,0.71623,0.80721
"hiv.inf.H",9,0.72563,0.66352,0.77715
"hiv.inf.H",10,0.68137,0.61121,0.73994
"hiv.inf.H",11,0.63537,0.5588,0.6975
"hiv.inf.H",12,0.59141,0.50611,0.66754
"hiv.inf.H",13,0.57359,0.48794,0.65038
"hiv.inf.H",14,0.55136,0.46351,0.63023
"hiv.inf.H",15,0.5228,0.42583,0.60277
"hiv.inf.H",16,0.54394,0.45706,0.61769
"hiv.inf.H",17,0.54271,0.4544,0.61514
"hiv.inf.H",18,0.53032,0.43685,0.60434
"hiv.inf.H",19,0.49849,0.40724,0.57248
"hiv.inf.H",20,0.46569,0.37039,0.5496
"hiv.inf.H",21,0.41443,0.31766,0.50431
"hiv.inf.H",22,0.39046,0.28381,0.49747
"hiv.inf.H",23,0.3751,0.26574,0.4923
"hiv.inf.H",24,0.34762,0.2358,0.46734
"hiv.inf.H",25,0.31724,0.19444,0.4493
"hiv.inf.H",26,0.32242,0.20936,0.4459
"hiv.inf.H",27,0.26251,0.13407,0.3924
"hiv.inf.H",28,0.19392,0.065087,0.32963
"hiv.inf.H",29,0.16373,0.011082,0.3066
"hiv.inf.H",30,0.15541,-0.0088495,0.30858
"hiv.inf.H",31,0.13443,-0.018458,0.2769
"hiv.inf.H",32,0.11513,-0.036079,0.25697
"hiv.inf.H",33,0.11338,-0.031292,0.25993
"hiv.inf.H",34,0.1182,-0.026991,0.26519
"hiv.inf.H",35,0.1307,-0.021769,0.28239
"hiv.inf.H",36,0.13811,-0.0047293,0.27892
"hiv.inf.H",37,0.14569,-0.010923,0.2948
"hiv.inf.H",38,0.13974,-0.015123,0.29145
"hiv.inf.H",39,0.16196,0.0094237,0.3218
"hiv.inf.H",40,0.16388,0.012191,0.31662
"hiv.dx.H",1,0.98705,0.9847,0.9892
"hiv.dx.H",2,0.95339,0.94527,0.96087
"hiv.dx.H",3,0.93206,0.92074,0.94297
"hiv.dx.H",4,0.90899,0.89518,0.92397
"hiv.dx.H",5,0.87506,0.85215,0.89937
"hiv.dx.H",6,0.85507,0.82925,0.88217
"hiv.dx.H",7,0.82584,0.79713,0.85412
"hiv.dx.H",8,0.80969,0.76713,0.84275
"hiv.dx.H",9,0.76023,0.7124,0.80054
"hiv.dx.H",10,0.72989,0.67736,0.77393
"hiv.dx.H",11,0.69673,0.63759,0.7533
"hiv.dx.H",12,0.6719,0.60696,0.73195
"hiv.dx.H",13,0.63421,0.55786,0.70836
"hiv.dx.H",14,0.61352,0.53982,0.68871
"hiv.dx.H",15,0.5748,0.4928,0.6571
"hiv.dx.H",16,0.57131,0.49024,0.65652
"hiv.dx.H",17,0.56924,0.48614,0.65083
"hiv.dx.H",18,0.57557,0.49366,0.64943
"hiv.dx.H",19,0.54635,0.45991,0.62221
"hiv.dx.H",20,0.50393,0.40436,0.58711
"hiv.dx.H",21,0.4705,0.37657,0.55254
"hiv.dx.H",22,0.44245,0.33928,0.53359
"hiv.dx.H",23,0.37963,0.2721,0.49152
"hiv.dx.H",24,0.36663,0.25178,0.47457
"hiv.dx.H",25,0.34022,0.21783,0.46361
"hiv.dx.H",26,0.31816,0.1997,0.42961
"hiv.dx.H",27,0.29238,0.1694,0.41512
"hiv.dx.H",28,0.22444,0.085239,0.36477
"hiv.dx.H",29,0.2316,0.094057,0.37097
"hiv.dx.H",30,0.25736,0.13349,0.39235
"hiv.dx.H",31,0.21502,0.085683,0.35974
"hiv.dx.H",32,0.19188,0.065741,0.33047
"hiv.dx.H",33,0.15632,0.013629,0.2919
"hiv.dx.H",34,0.16245,0.02935,0.30463
"hiv.dx.H",35,0.12981,-0.013097,0.28679
"hiv.dx.H",36,0.10622,-0.061302,0.26398
"hiv.dx.H",37,0.10519,-0.047954,0.26669
"hiv.dx.H",38,0.095306,-0.07355,0.25763
"hiv.dx.H",39,0.10565,-0.060315,0.27346
"hiv.dx.H",40,0.14102,-0.017303,0.29921
"hiv.tx.H",1,0.94079,0.9309,0.95099
"hiv.tx.H",2,0.80402,0.76503,0.84299
"hiv.tx.H",3,0.73364,0.68098,0.78595
"hiv.tx.H",4,0.71185,0.65977,0.76247
"hiv.tx.H",5,0.62326,0.55161,0.6923
"hiv.tx.H",6,0.59405,0.53372,0.65322
"hiv.tx.H",7,0.57149,0.51113,0.63675
"hiv.tx.H",8,0.53104,0.46009,0.60335
"hiv.tx.H",9,0.50342,0.41888,0.58254
"hiv.tx.H",10,0.49322,0.39252,0.59274
"hiv.tx.H",11,0.48337,0.39789,0.56602
"hiv.tx.H",12,0.4926,0.41214,0.56737
"hiv.tx.H",13,0.46816,0.38209,0.56095
"hiv.tx.H",14,0.44059,0.34671,0.53787
"hiv.tx.H",15,0.35545,0.25383,0.46004
"hiv.tx.H",16,0.3039,0.19116,0.41919
"hiv.tx.H",17,0.37929,0.27273,0.47204
"hiv.tx.H",18,0.37937,0.25692,0.4855
"hiv.tx.H",19,0.44271,0.34679,0.53205
"hiv.tx.H",20,0.41416,0.31141,0.52032
"hiv.tx.H",21,0.3413,0.23552,0.43889
"hiv.tx.H",22,0.29632,0.1764,0.40249
"hiv.tx.H",23,0.24355,0.10618,0.37556
"hiv.tx.H",24,0.23021,0.086195,0.35723
"hiv.tx.H",25,0.12584,-0.019039,0.27191
"hiv.tx.H",26,0.15372,-0.0028323,0.28362
"hiv.tx.H",27,0.2361,0.094317,0.37538
"hiv.tx.H",28,0.22732,0.08512,0.34958
"hiv.tx.H",29,0.27332,0.15988,0.37428
"hiv.tx.H",30,0.33266,0.22195,0.43504
"hiv.tx.H",31,0.25895,0.1137,0.37895
"hiv.tx.H",32,0.17583,0.044795,0.29802
"hiv.tx.H",33,0.13074,-0.011938,0.25259
"hiv.tx.H",34,0.11425,-0.036371,0.25799
"hiv.tx.H",35,0.070104,-0.096775,0.24003
"hiv.tx.H",36,0.07251,-0.099194,0.21789
"hiv.tx.H",37,0.077826,-0.085718,0.23103
"hiv.tx.H",38,0.073773,-0.11923,0.2415
"hiv.tx.H",39,0.11411,-0.070345,0.287
"hiv.tx.H",40,0.22913,0.05809,0.37206
"hiv.supp.H",1,0.95839,0.9515,0.96462
"hiv.supp.H",2,0.81346,0.77531,0.84834
"hiv.supp.H",3,0.73366,0.68259,0.78225
"hiv.supp.H",4,0.71417,0.66221,0.76673
"hiv.supp.H",5,0.6281,0.55471,0.69805
"hiv.supp.H",6,0.59391,0.52954,0.65847
"hiv.supp.H",7,0.56418,0.48989,0.63107
"hiv.supp.H",8,0.53595,0.46077,0.6033
"hiv.supp.H",9,0.49377,0.41555,0.57501
"hiv.supp.H",10,0.48898,0.39285,0.58476
"hiv.supp.H",11,0.47365,0.38571,0.56323
"hiv.supp.H",12,0.49099,0.40836,0.5692
"hiv.supp.H",13,0.4701,0.36375,0.56309
"hiv.supp.H",14,0.43714,0.34245,0.53427
"hiv.supp.H",15,0.36339,0.26402,0.46106
"hiv.supp.H",16,0.29256,0.19966,0.41406
"hiv.supp.H",17,0.37502,0.28793,0.48118
"hiv.supp.H",18,0.37527,0.27385,0.48891
"hiv.supp.H",19,0.44267,0.35696,0.5288
"hiv.supp.H",20,0.4166,0.33298,0.51125
"hiv.supp.H",21,0.34992,0.24787,0.44809
"hiv.supp.H",22,0.29604,0.18366,0.3984
"hiv.supp.H",23,0.2498,0.1216,0.35953
"hiv.supp.H",24,0.22511,0.075981,0.34502
"hiv.supp.H",25,0.13103,-0.015052,0.26419
"hiv.supp.H",26,0.14019,-0.013024,0.28723
"hiv.supp.H",27,0.2306,0.086141,0.35846
"hiv.supp.H",28,0.23435,0.10396,0.35562
"hiv.supp.H",29,0.26212,0.14611,0.37349
"hiv.supp.H",30,0.3198,0.204,0.43977
"hiv.supp.H",31,0.2727,0.12356,0.40733
"hiv.supp.H",32,0.18492,0.038245,0.30748
"hiv.supp.H",33,0.1288,-0.014902,0.26809
"hiv.supp.H",34,0.11352,-0.031708,0.25918
"hiv.supp.H",35,0.074022,-0.094558,0.22526
"hiv.supp.H",36,0.063263,-0.095228,0.21293
"hiv.supp.H",37,0.081839,-0.071385,0.23123
"hiv.supp.H",38,0.076215,-0.086898,0.23682
"hiv.supp.H",39,0.11355,-0.050033,0.28081
"hiv.supp.H",40,0.22103,0.076163,0.36656
"prep.H",1,0.71966,0.67755,0.76128
"prep.H",2,0.3234,0.2047,0.42682
"prep.H",3,0.22379,0.069195,0.35545
"prep.H",4,0.2359,0.11388,0.35913
"prep.H",5,0.2565,0.11208,0.38181
"prep.H",6,0.27091,0.15101,0.3896
"prep.H",7,0.39889,0.30243,0.49769
"prep.H",8,0.37787,0.24697,0.49753
"prep.H",9,0.42202,0.32055,0.50868
"prep.H",10,0.33668,0.23294,0.44548
"prep.H",11,0.14081,0.0094813,0.27416
"prep.H",12,0.10259,-0.062851,0.24554
"prep.H",13,0.14603,-0.031667,0.32465
"prep.H",14,0.13513,-0.040119,0.29356
"prep.H",15,0.27481,0.14851,0.40069
"prep.H",16,0.20841,0.064873,0.33633
"prep.H",17,0.25897,0.13955,0.38978
"prep.H",18,0.13362,-0.0171,0.26404
"prep.H",19,0.18434,0.04483,0.30041
"prep.H",20,0.17099,0.02283,0.30126
"prep.H",21,0.20184,0.055904,0.34903
"prep.H",22,0.2605,0.14559,0.37431
"prep.H",23,0.26718,0.1432,0.37517
"prep.H",24,0.17279,0.042814,0.32016
"prep.H",25,0.12956,-0.031993,0.28449
"prep.H",26,0.13689,-0.027856,0.29175
"prep.H",27,0.002645,-0.17268,0.15569
"prep.H",28,0.1045,-0.074435,0.25956
"prep.H",29,0.23573,0.10821,0.35693
"prep.H",30,0.13335,-0.030429,0.27851
"prep.H",31,-0.012575,-0.16498,0.14869
"prep.H",32,0.021794,-0.15489,0.18662
"prep.H",33,0.12376,-0.07949,0.27951
"prep.H",34,0.16275,-0.00013719,0.3014
"prep.H",35,0.045502,-0.10531,0.20309
"prep.H",36,0.079144,-0.08064,0.23327
"prep.H",37,0.071673,-0.092194,0.22737
"prep.H",38,0.067328,-0.10846,0.23406
"prep.H",39,0.054435,-0.11139,0.24173
"prep.H",40,0.17821,-0.0014071,0.32636
"prep.indic.H",1,0.94039,0.93033,0.95192
"prep.indic.H",2,0.8296,0.79956,0.86077
"prep.indic.H",3,0.78442,0.74859,0.821
"prep.indic.H",4,0.75968,0.71441,0.79897
"prep.indic.H",5,0.74115,0.68668,0.78909
"prep.indic.H",6,0.73269,0.68462,0.78103
"prep.indic.H",7,0.69738,0.64015,0.74574
"prep.indic.H",8,0.67728,0.61249,0.737
"prep.indic.H",9,0.62952,0.55465,0.6982
"prep.indic.H",10,0.6273,0.55698,0.69359
"prep.indic.H",11,0.61923,0.55291,0.6928
"prep.indic.H",12,0.5739,0.48612,0.65933
"prep.indic.H",13,0.57334,0.4906,0.65217
"prep.indic.H",14,0.52309,0.43398,0.60279
"prep.indic.H",15,0.52842,0.44212,0.61191
"prep.indic.H",16,0.55922,0.47291,0.64968
"prep.indic.H",17,0.45574,0.33582,0.55005
"prep.indic.H",18,0.47012,0.37257,0.56488
"prep.indic.H",19,0.4394,0.35393,0.52895
"prep.indic.H",20,0.43402,0.34725,0.52208
"prep.indic.H",21,0.3901,0.28438,0.4904
"prep.indic.H",22,0.31348,0.18728,0.42674
"prep.indic.H",23,0.34975,0.23901,0.46189
"prep.indic.H",24,0.43065,0.33747,0.52502
"prep.indic.H",25,0.397,0.30667,0.48745
"prep.indic.H",26,0.36953,0.27822,0.46602
"prep.indic.H",27,0.40342,0.29975,0.50365
"prep.indic.H",28,0.32527,0.19348,0.43445
"prep.indic.H",29,0.28423,0.15029,0.40813
"prep.indic.H",30,0.25581,0.11749,0.38236
"prep.indic.H",31,0.20926,0.052902,0.34227
"prep.indic.H",32,0.25942,0.12479,0.37821
"prep.indic.H",33,0.25445,0.11807,0.37281
"prep.indic.H",34,0.22718,0.09941,0.35543
"prep.indic.H",35,0.25762,0.13153,0.37601
"prep.indic.H",36,0.26249,0.11785,0.38187
"prep.indic.H",37,0.22985,0.10527,0.34863
"prep.indic.H",38,0.10613,-0.036514,0.25305
"prep.indic.H",39,0.11948,-0.015943,0.25112
"prep.indic.H",40,0.12237,-0.030765,0.25843
"num.W",1,0.99143,0.98968,0.99304
"num.W",2,0.9627,0.95549,0.96887
"num.W",3,0.94114,0.93094,0.95146
"num.W",4,0.91915,0.90498,0.93279
"num.W",5,0.89238,0.87238,0.91067
"num.W",6,0.86884,0.84826,0.88971
"num.W",7,0.85272,0.83077,0.8751
"num.W",8,0.83679,0.81203,0.86255
"num.W",9,0.82703,0.79749,0.85424
"num.W",10,0.80085,0.767,0.83317
"num.W",11,0.7748,0.7355,0.81322
"num.W",12,0.75117,0.699,0.795
"num.W",13,0.72458,0.66776,0.77299
"num.W",14,0.69772,0.64121,0.74888
"num.W",15,0.67712,0.61957,0.73178
"num.W",16,0.6488,0.58358,0.70901
"num.W",17,0.63528,0.56951,0.69896
"num.W",18,0.63715,0.5701,0.70326
"num.W",19,0.60448,0.53006,0.67466
"num.W",20,0.57022,0.4931,0.64462
"num.W",21,0.53982,0.45691,0.61699
"num.W",22,0.50952,0.42276,0.59631
"num.W",23,0.48492,0.39934,0.57565
"num.W",24,0.46422,0.37734,0.55249
"num.W",25,0.43877,0.3443,0.53194
"num.W",26,0.41501,0.30473,0.51261
"num.W",27,0.39123,0.28328,0.49563
"num.W",28,0.36151,0.24757,0.46742
"num.W",29,0.32284,0.20425,0.43327
"num.W",30,0.29457,0.17185,0.41095
"num.W",31,0.27253,0.14611,0.39441
"num.W",32,0.28699,0.15887,0.41221
"num.W",33,0.26606,0.143,0.38779
"num.W",34,0.24965,0.12833,0.36953
"num.W",35,0.25168,0.13402,0.37362
"num.W",36,0.24072,0.1165,0.38187
"num.W",37,0.24048,0.11106,0.37869
"num.W",38,0.21719,0.071276,0.36027
"num.W",39,0.1739,0.01424,0.32278
"num.W",40,0.15061,-0.017724,0.30192
"hiv.inf.W",1,0.99402,0.99288,0.99509
"hiv.inf.W",2,0.97273,0.9675,0.97776
"hiv.inf.W",3,0.94684,0.93607,0.95675
"hiv.inf.W",4,0.92328,0.90908,0.93622
"hiv.inf.W",5,0.89881,0.87914,0.91651
"hiv.inf.W",6,0.87109,0.84399,0.89561
"hiv.inf.W",7,0.8503,0.81913,0.87715
"hiv.inf.W",8,0.83227,0.79744,0.86536
"hiv.inf.W",9,0.80675,0.77072,0.84032
"hiv.inf.W",10,0.78977,0.75178,0.82472
"hiv.inf.W",11,0.75865,0.71877,0.79836
"hiv.inf.W",12,0.73043,0.68276,0.77895
"hiv.inf.W",13,0.68707,0.62855,0.74742
"hiv.inf.W",14,0.64282,0.57318,0.71425
"hiv.inf.W",15,0.61658,0.54346,0.68826
"hiv.inf.W",16,0.58424,0.50952,0.66293
"hiv.inf.W",17,0.56834,0.49231,0.65584
"hiv.inf.W",18,0.56107,0.48038,0.64537
"hiv.inf.W",19,0.55329,0.47536,0.63004
"hiv.inf.W",20,0.53518,0.45428,0.61506
"hiv.inf.W",21,0.52452,0.44002,0.60912
"hiv.inf.W",22,0.49954,0.41274,0.59051
"hiv.inf.W",23,0.48331,0.39146,0.57726
"hiv.inf.W",24,0.49841,0.40642,0.59711
"hiv.inf.W",25,0.47865,0.3881,0.57485
"hiv.inf.W",26,0.46197,0.36598,0.56287
"hiv.inf.W",27,0.43666,0.3376,0.53816
"hiv.inf.W",28,0.40622,0.30706,0.50616
"hiv.inf.W",29,0.38442,0.28316,0.49107
"hiv.inf.W",30,0.35403,0.24178,0.46547
"hiv.inf.W",31,0.33631,0.22164,0.44253
"hiv.inf.W",32,0.32211,0.20432,0.42643
"hiv.inf.W",33,0.30587,0.18293,0.41887
"hiv.inf.W",34,0.29354,0.1556,0.40791
"hiv.inf.W",35,0.26391,0.12047,0.38658
"hiv.inf.W",36,0.27753,0.13731,0.39244
"hiv.inf.W",37,0.2967,0.16659,0.40024
"hiv.inf.W",38,0.29652,0.17078,0.40109
"hiv.inf.W",39,0.29186,0.1679,0.40571
"hiv.inf.W",40,0.29898,0.17524,0.4095
"hiv.dx.W",1,0.99539,0.99456,0.99616
"hiv.dx.W",2,0.98218,0.97891,0.98511
"hiv.dx.W",3,0.96956,0.96372,0.97509
"hiv.dx.W",4,0.95425,0.94586,0.96295
"hiv.dx.W",5,0.9336,0.92199,0.94612
"hiv.dx.W",6,0.9166,0.9013,0.93381
"hiv.dx.W",7,0.90256,0.88509,0.92173
"hiv.dx.W",8,0.87747,0.8555,0.90022
"hiv.dx.W",9,0.85795,0.83082,0.8833
"hiv.dx.W",10,0.83275,0.80307,0.86196
"hiv.dx.W",11,0.80145,0.76735,0.83637
"hiv.dx.W",12,0.777,0.7368,0.81583
"hiv.dx.W",13,0.75941,0.71559,0.80311
"hiv.dx.W",14,0.72555,0.67566,0.77719
"hiv.dx.W",15,0.68311,0.62375,0.7441
"hiv.dx.W",16,0.65197,0.58835,0.71845
"hiv.dx.W",17,0.64364,0.57267,0.71668
"hiv.dx.W",18,0.62021,0.54497,0.70068
"hiv.dx.W",19,0.5924,0.50854,0.67507
"hiv.dx.W",20,0.56186,0.47515,0.64407
"hiv.dx.W",21,0.53547,0.43812,0.62261
"hiv.dx.W",22,0.51953,0.4134,0.60867
"hiv.dx.W",23,0.51557,0.41758,0.60609
"hiv.dx.W",24,0.50417,0.40264,0.59423
"hiv.dx.W",25,0.47687,0.37651,0.56666
"hiv.dx.W",26,0.47663,0.37322,0.56788
"hiv.dx.W",27,0.46382,0.36331,0.55061
"hiv.dx.W",28,0.4428,0.3448,0.53375
"hiv.dx.W",29,0.40177,0.29204,0.49644
"hiv.dx.W",30,0.37178,0.25735,0.47445
"hiv.dx.W",31,0.35964,0.24693,0.46074
"hiv.dx.W",32,0.34247,0.23093,0.43995
"hiv.dx.W",33,0.34929,0.24093,0.45208
"hiv.dx.W",34,0.3267,0.20737,0.44269
"hiv.dx.W",35,0.28739,0.15996,0.41199
"hiv.dx.W",36,0.2897,0.16447,0.4174
"hiv.dx.W",37,0.31276,0.19026,0.43683
"hiv.dx.W",38,0.32651,0.21702,0.44793
"hiv.dx.W",39,0.30007,0.18457,0.42821
"hiv.dx.W",40,0.29784,0.17378,0.4339
"hiv.tx.W",1,0.97781,0.97458,0.98098
"hiv.tx.W",2,0.92363,0.90923,0.93728
"hiv.tx.W",3,0.88378,0.86247,0.9031
"hiv.tx.W",4,0.84644,0.81707,0.87292
"hiv.tx.W",5,0.80646,0.76954,0.83756
"hiv.tx.W",6,0.77348,0.73121,0.80634
"hiv.tx.W",7,0.74823,0.69589,0.7919
"hiv.tx.W",8,0.71719,0.66276,0.76116
"hiv.tx.W",9,0.68744,0.62366,0.73578
"hiv.tx.W",10,0.6925,0.62908,0.74665
"hiv.tx.W",11,0.66929,0.60387,0.72825
"hiv.tx.W",12,0.6466,0.58154,0.71148
"hiv.tx.W",13,0.63628,0.56742,0.70207
"hiv.tx.W",14,0.60467,0.52995,0.6766
"hiv.tx.W",15,0.5549,0.46607,0.63657
"hiv.tx.W",16,0.5385,0.44335,0.628
"hiv.tx.W",17,0.5302,0.44252,0.61597
"hiv.tx.W",18,0.50228,0.41039,0.59995
"hiv.tx.W",19,0.48171,0.38774,0.57478
"hiv.tx.W",20,0.4698,0.37561,0.55795
"hiv.tx.W",21,0.45015,0.3535,0.54209
"hiv.tx.W",22,0.46258,0.36823,0.54432
"hiv.tx.W",23,0.48372,0.39305,0.5664
"hiv.tx.W",24,0.49663,0.39649,0.58339
"hiv.tx.W",25,0.45097,0.32455,0.54822
"hiv.tx.W",26,0.4421,0.33455,0.53128
"hiv.tx.W",27,0.45412,0.35298,0.53764
"hiv.tx.W",28,0.45714,0.36644,0.54731
"hiv.tx.W",29,0.39371,0.27915,0.49905
"hiv.tx.W",30,0.37317,0.26806,0.48047
"hiv.tx.W",31,0.3451,0.2405,0.45615
"hiv.tx.W",32,0.29518,0.17206,0.41556
"hiv.tx.W",33,0.28744,0.16414,0.40693
"hiv.tx.W",34,0.2507,0.11869,0.37662
"hiv.tx.W",35,0.2227,0.082965,0.35497
"hiv.tx.W",36,0.26881,0.13914,0.38408
"hiv.tx.W",37,0.32816,0.21678,0.43056
"hiv.tx.W",38,0.32978,0.21872,0.43609
"hiv.tx.W",39,0.28091,0.16108,0.39755
"hiv.tx.W",40,0.28858,0.15549,0.40944
"hiv.supp.W",1,0.98392,0.98126,0.98615
"hiv.supp.W",2,0.92703,0.9133,0.93887
"hiv.supp.W",3,0.88592,0.86487,0.90401
"hiv.supp.W",4,0.84838,0.82129,0.87302
"hiv.supp.W",5,0.80876,0.77985,0.84046
"hiv.supp.W",6,0.77138,0.73123,0.80999
"hiv.supp.W",7,0.75028,0.70295,0.79556
"hiv.supp.W",8,0.71566,0.66461,0.76166
"hiv.supp.W",9,0.68587,0.62497,0.73647
"hiv.supp.W",10,0.68774,0.62195,0.73896
"hiv.supp.W",11,0.66911,0.61162,0.72436
"hiv.supp.W",12,0.64558,0.58039,0.70813
"hiv.supp.W",13,0.63164,0.5646,0.69694
"hiv.supp.W",14,0.60803,0.53053,0.67765
"hiv.supp.W",15,0.55358,0.46115,0.63931
"hiv.supp.W",16,0.53824,0.44269,0.63026
"hiv.supp.W",17,0.52737,0.42945,0.62714
"hiv.supp.W",18,0.50423,0.40548,0.59592
"hiv.supp.W",19,0.47997,0.37588,0.56913
"hiv.supp.W",20,0.47471,0.37126,0.56484
"hiv.supp.W",21,0.44488,0.33852,0.53671
"hiv.supp.W",22,0.45399,0.34998,0.54351
"hiv.supp.W",23,0.48258,0.38701,0.56389
"hiv.supp.W",24,0.49643,0.3969,0.58176
"hiv.supp.W",25,0.45587,0.33011,0.55669
"hiv.supp.W",26,0.43243,0.31771,0.52612
"hiv.supp.W",27,0.45016,0.35641,0.53648
"hiv.supp.W",28,0.45833,0.36303,0.54072
"hiv.supp.W",29,0.39979,0.27979,0.49811
"hiv.supp.W",30,0.3706,0.24666,0.46616
"hiv.supp.W",31,0.34606,0.22248,0.44615
"hiv.supp.W",32,0.29602,0.17289,0.39906
"hiv.supp.W",33,0.28225,0.1588,0.38564
"hiv.supp.W",34,0.25395,0.13104,0.37115
"hiv.supp.W",35,0.22248,0.084519,0.34453
"hiv.supp.W",36,0.25827,0.11943,0.38355
"hiv.supp.W",37,0.32959,0.21513,0.43173
"hiv.supp.W",38,0.33119,0.22156,0.43017
"hiv.supp.W",39,0.28381,0.16511,0.3993
"hiv.supp.W",40,0.2813,0.13891,0.40357
"prep.W",1,0.76096,0.71622,0.80652
"prep.W",2,0.43634,0.33795,0.51813
"prep.W",3,0.46509,0.35688,0.57016
"prep.W",4,0.38391,0.27676,0.49165
"prep.W",5,0.32888,0.18753,0.43732
"prep.W",6,0.44095,0.34223,0.53908
"prep.W",7,0.41719,0.31964,0.52145
"prep.W",8,0.45606,0.34613,0.54502
"prep.W",9,0.27837,0.14972,0.38808
"prep.W",10,0.33764,0.23278,0.44192
"prep.W",11,0.28281,0.15478,0.40713
"prep.W",12,0.37439,0.24986,0.48408
"prep.W",13,0.21898,0.073365,0.36557
"prep.W",14,0.29177,0.15529,0.42115
"prep.W",15,0.32198,0.20024,0.43592
"prep.W",16,0.33552,0.22403,0.44223
"prep.W",17,0.25391,0.11956,0.37595
"prep.W",18,0.2093,0.057706,0.34084
"prep.W",19,0.21763,0.079203,0.35091
"prep.W",20,0.17269,0.024673,0.3267
"prep.W",21,0.24227,0.11381,0.36813
"prep.W",22,0.31816,0.19013,0.43188
"prep.W",23,0.20182,0.066401,0.31145
"prep.W",24,0.17162,0.023072,0.29743
"prep.W",25,0.23449,0.071955,0.36983
"prep.W",26,0.16521,-0.047093,0.33348
"prep.W",27,0.19448,0.046208,0.34036
"prep.W",28,0.27167,0.1486,0.3997
"prep.W",29,0.090339,-0.085057,0.25632
"prep.W",30,0.024677,-0.18144,0.23865
"prep.W",31,-0.008624,-0.18238,0.17165
"prep.W",32,0.04082,-0.14967,0.22758
"prep.W",33,0.069396,-0.095165,0.22108
"prep.W",34,0.088179,-0.075166,0.23959
"prep.W",35,-0.034205,-0.20247,0.13348
"prep.W",36,0.13121,-0.064386,0.29242
"prep.W",37,0.1822,0.062333,0.30703
"prep.W",38,0.189,0.024096,0.32427
"prep.W",39,0.10148,-0.055937,0.24263
"prep.W",40,-0.016091,-0.20906,0.14803
"prep.indic.W",1,0.9533,0.94388,0.96211
"prep.indic.W",2,0.85694,0.83155,0.88063
"prep.indic.W",3,0.75116,0.69764,0.80061
"prep.indic.W",4,0.7514,0.69153,0.80531
"prep.indic.W",5,0.74477,0.69708,0.78751
"prep.indic.W",6,0.72029,0.66763,0.76875
"prep.indic.W",7,0.70922,0.66601,0.75521
"prep.indic.W",8,0.66733,0.60182,0.72047
"prep.indic.W",9,0.62914,0.57442,0.67851
"prep.indic.W",10,0.61686,0.55321,0.67252
"prep.indic.W",11,0.61401,0.54607,0.67249
"prep.indic.W",12,0.64635,0.57478,0.70821
"prep.indic.W",13,0.66588,0.60818,0.72761
"prep.indic.W",14,0.58662,0.51605,0.65941
"prep.indic.W",15,0.57072,0.50579,0.64155
"prep.indic.W",16,0.56119,0.47653,0.62931
"prep.indic.W",17,0.48246,0.38073,0.57171
"prep.indic.W",18,0.52316,0.41392,0.61474
"prep.indic.W",19,0.47074,0.35398,0.57337
"prep.indic.W",20,0.43682,0.30822,0.54678
"prep.indic.W",21,0.4095,0.28309,0.51622
"prep.indic.W",22,0.36841,0.25621,0.48103
"prep.indic.W",23,0.38265,0.26958,0.49879
"prep.indic.W",24,0.36419,0.23354,0.48086
"prep.indic.W",25,0.37763,0.26267,0.47712
"prep.indic.W",26,0.31471,0.18418,0.44414
"prep.indic.W",27,0.33416,0.20983,0.44714
"prep.indic.W",28,0.33933,0.21806,0.45624
"prep.indic.W",29,0.26229,0.13043,0.39504
"prep.indic.W",30,0.28161,0.13901,0.40308
"prep.indic.W",31,0.22357,0.083256,0.33921
"prep.indic.W",32,0.14778,-0.030177,0.28412
"prep.indic.W",33,0.12838,-0.036647,0.26384
"prep.indic.W",34,0.17205,0.02377,0.31802
"prep.indic.W",35,0.08579,-0.070529,0.24309
"prep.indic.W",36,0.13016,-0.014981,0.27045
"prep.indic.W",37,0.10328,-0.054229,0.24465
"prep.indic.W",38,0.11962,-0.036053,0.26061
"prep.indic.W",39,0.063971,-0.088656,0.20345
"prep.indic.W",40,0.058373,-0.090223,0.19663
"gono.uret.inf",1,0.93801,0.92773,0.9486
"gono.uret.inf",2,0.70842,0.65449,0.76161
"gono.uret.inf",3,0.53894,0.46157,0.6243
"gono.uret.inf",4,0.49347,0.40767,0.57929
"gono.uret.inf",5,0.43389,0.35037,0.52118
"gono.uret.inf",6,0.34433,0.23972,0.45141
"gono.uret.inf",7,0.31446,0.18809,0.43448
"gono.uret.inf",8,0.32937,0.21083,0.44097
"gono.uret.inf",9,0.3411,0.22055,0.44292
"gono.uret.inf",10,0.31059,0.20487,0.41223
"gono.uret.inf",11,0.33124,0.21412,0.43462
"gono.uret.inf",12,0.32407,0.20698,0.4473
"gono.uret.inf",13,0.30663,0.1705,0.44254
"gono.uret.inf",14,0.35801,0.24284,0.46944
"gono.uret.inf",15,0.40337,0.30601,0.5081
"gono.uret.inf",16,0.37581,0.24389,0.50366
"gono.uret.inf",17,0.35721,0.2223,0.4799
"gono.uret.inf",18,0.26827,0.11661,0.42514
"gono.uret.inf",19,0.26827,0.11883,0.42155
"gono.uret.inf",20,0.25238,0.10859,0.39922
"gono.uret.inf",21,0.22556,0.099786,0.35908
"gono.uret.inf",22,0.16652,0.018608,0.32134
"gono.uret.inf",23,0.17152,0.021963,0.32881
"gono.uret.inf",24,0.21191,0.065425,0.34749
"gono.uret.inf",25,0.21774,0.083408,0.34696
"gono.uret.inf",26,0.21479,0.07199,0.34503
"gono.uret.inf",27,0.19323,0.064153,0.325
"gono.uret.inf",28,0.22196,0.083951,0.33907
"gono.uret.inf",29,0.24925,0.12233,0.36466
"gono.uret.inf",30,0.26133,0.13801,0.37202
"gono.uret.inf",31,0.19042,0.054656,0.32099
"gono.uret.inf",32,0.14766,0.0040064,0.29588
"gono.uret.inf",33,0.19408,0.050105,0.33186
"gono.uret.inf",34,0.16708,0.02211,0.31666
"gono.uret.inf",35,0.089725,-0.073586,0.2394
"gono.uret.inf",36,0.087696,-0.064636,0.24876
"gono.uret.inf",37,0.057868,-0.11827,0.22752
"gono.uret.inf",38,0.040591,-0.13982,0.21015
"gono.uret.inf",39,0.033503,-0.1311,0.19384
"gono.uret.inf",40,-0.039459,-0.21994,0.12805
"gono.rect.inf",1,0.94672,0.9379,0.95498
"gono.rect.inf",2,0.73822,0.68788,0.787
"gono.rect.inf",3,0.57924,0.4921,0.65669
"gono.rect.inf",4,0.51599,0.42734,0.60097
"gono.rect.inf",5,0.43057,0.34319,0.51987
"gono.rect.inf",6,0.35117,0.2444,0.46173
"gono.rect.inf",7,0.312,0.1958,0.43098
"gono.rect.inf",8,0.33376,0.23136,0.45151
"gono.rect.inf",9,0.33206,0.2286,0.43794
"gono.rect.inf",10,0.29929,0.19266,0.41948
"gono.rect.inf",11,0.33302,0.2213,0.45191
"gono.rect.inf",12,0.33674,0.22217,0.45422
"gono.rect.inf",13,0.3157,0.18473,0.42838
"gono.rect.inf",14,0.36142,0.24871,0.46404
"gono.rect.inf",15,0.39998,0.29542,0.49713
"gono.rect.inf",16,0.39079,0.28211,0.49188
"gono.rect.inf",17,0.37105,0.25096,0.4885
"gono.rect.inf",18,0.28464,0.15058,0.42282
"gono.rect.inf",19,0.27314,0.1343,0.41147
"gono.rect.inf",20,0.25815,0.10754,0.39704
"gono.rect.inf",21,0.23245,0.11229,0.36282
"gono.rect.inf",22,0.16584,0.029968,0.3089
"gono.rect.inf",23,0.18699,0.032396,0.34086
"gono.rect.inf",24,0.22346,0.078147,0.36088
"gono.rect.inf",25,0.21277,0.081042,0.34565
"gono.rect.inf",26,0.22712,0.094929,0.36419
"gono.rect.inf",27,0.20667,0.089646,0.33088
"gono.rect.inf",28,0.20775,0.060246,0.33031
"gono.rect.inf",29,0.21974,0.093647,0.33565
"gono.rect.inf",30,0.26111,0.13277,0.38792
"gono.rect.inf",31,0.21991,0.084683,0.35232
"gono.rect.inf",32,0.17387,0.032196,0.30638
"gono.rect.inf",33,0.17578,0.024616,0.32366
"gono.rect.inf",34,0.16703,0.029734,0.30524
"gono.rect.inf",35,0.11203,-0.01889,0.26397
"gono.rect.inf",36,0.11074,-0.025996,0.27345
"gono.rect.inf",37,0.037502,-0.14098,0.22327
"gono.rect.inf",38,0.022024,-0.16052,0.20983
"gono.rect.inf",39,0.025045,-0.16001,0.2063
"gono.rect.inf",40,-0.034881,-0.2305,0.15465
"chla.uret.inf",1,0.96308,0.95591,0.9702
"chla.uret.inf",2,0.8353,0.80715,0.86268
"chla.uret.inf",3,0.67291,0.61569,0.72805
"chla.uret.inf",4,0.54062,0.46754,0.61422
"chla.uret.inf",5,0.48645,0.38798,0.57672
"chla.uret.inf",6,0.50938,0.41018,0.59562
"chla.uret.inf",7,0.46179,0.35608,0.55428
"chla.uret.inf",8,0.48409,0.38933,0.58257
"chla.uret.inf",9,0.42921,0.32007,0.55218
"chla.uret.inf",10,0.36852,0.24554,0.47685
"chla.uret.inf",11,0.31906,0.188,0.44027
"chla.uret.inf",12,0.28532,0.1526,0.41462
"chla.uret.inf",13,0.27069,0.14307,0.39039
"chla.uret.inf",14,0.28768,0.15549,0.412
"chla.uret.inf",15,0.25355,0.12212,0.38454
"chla.uret.inf",16,0.29526,0.16971,0.40316
"chla.uret.inf",17,0.30565,0.17976,0.41796
"chla.uret.inf",18,0.2783,0.14839,0.38927
"chla.uret.inf",19,0.26529,0.13311,0.38096
"chla.uret.inf",20,0.23084,0.094569,0.36557
"chla.uret.inf",21,0.27877,0.15672,0.4157
"chla.uret.inf",22,0.30984,0.19331,0.42692
"chla.uret.inf",23,0.25382,0.11871,0.38627
"chla.uret.inf",24,0.22163,0.07573,0.36115
"chla.uret.inf",25,0.29113,0.1577,0.41712
"chla.uret.inf",26,0.29609,0.16957,0.42232
"chla.uret.inf",27,0.24565,0.12974,0.36579
"chla.uret.inf",28,0.26835,0.16319,0.3807
"chla.uret.inf",29,0.21598,0.098002,0.36197
"chla.uret.inf",30,0.17881,0.055119,0.33616
"chla.uret.inf",31,0.11835,-0.028219,0.28029
"chla.uret.inf",32,0.17114,0.049419,0.32136
"chla.uret.inf",33,0.13616,0.0081649,0.28533
"chla.uret.inf",34,0.10356,-0.032124,0.25586
"chla.uret.inf",35,0.10024,-0.046887,0.24577
"chla.uret.inf",36,0.092979,-0.048572,0.23944
"chla.uret.inf",37,0.099158,-0.069369,0.25557
"chla.uret.inf",38,0.18508,0.044146,0.32306
"chla.uret.inf",39,0.20121,0.042251,0.372
"chla.uret.inf",40,0.14589,-0.050366,0.33616
"chla.rect.inf",1,0.96697,0.96033,0.97221
"chla.rect.inf",2,0.83834,0.80917,0.86374
"chla.rect.inf",3,0.68225,0.62687,0.73582
"chla.rect.inf",4,0.54141,0.47157,0.61164
"chla.rect.inf",5,0.4944,0.41503,0.57851
"chla.rect.inf",6,0.50051,0.40925,0.58522
"chla.rect.inf",7,0.47648,0.38568,0.56937
"chla.rect.inf",8,0.48566,0.39491,0.58024
"chla.rect.inf",9,0.4097,0.2916,0.52025
"chla.rect.inf",10,0.35167,0.22417,0.47226
"chla.rect.inf",11,0.33353,0.21142,0.44571
"chla.rect.inf",12,0.29338,0.16234,0.41876
"chla.rect.inf",13,0.27991,0.16154,0.40315
"chla.rect.inf",14,0.30167,0.17527,0.42313
"chla.rect.inf",15,0.27093,0.14826,0.39273
"chla.rect.inf",16,0.29562,0.17882,0.41585
"chla.rect.inf",17,0.31059,0.18761,0.42211
"chla.rect.inf",18,0.28704,0.16529,0.39227
"chla.rect.inf",19,0.27857,0.1618,0.39038
"chla.rect.inf",20,0.24006,0.12473,0.35953
"chla.rect.inf",21,0.27078,0.15478,0.39424
"chla.rect.inf",22,0.31862,0.20207,0.43324
"chla.rect.inf",23,0.28441,0.16721,0.40191
"chla.rect.inf",24,0.27678,0.1553,0.40208
"chla.rect.inf",25,0.28795,0.16285,0.40467
"chla.rect.inf",26,0.30309,0.17731,0.413
"chla.rect.inf",27,0.28809,0.16755,0.39215
"chla.rect.inf",28,0.28767,0.1638,0.40607
"chla.rect.inf",29,0.20878,0.061091,0.36599
"chla.rect.inf",30,0.17897,0.027736,0.33768
"chla.rect.inf",31,0.12595,-0.031885,0.2748
"chla.rect.inf",32,0.17562,0.019626,0.3143
"chla.rect.inf",33,0.13552,-0.021666,0.27619
"chla.rect.inf",34,0.098671,-0.061482,0.25079
"chla.rect.inf",35,0.13657,-0.031145,0.29148
"chla.rect.inf",36,0.10294,-0.050105,0.26082
"chla.rect.inf",37,0.10607,-0.061349,0.2713
"chla.rect.inf",38,0.20317,0.059344,0.34556
"chla.rect.inf",39,0.1945,0.011947,0.35579
"chla.rect.inf",40,0.15234,-0.028321,0.32566
"syph.inf",1,0.99043,0.98896,0.99198
"syph.inf",2,0.89017,0.87093,0.90662
"syph.inf",3,0.68031,0.61702,0.72946
"syph.inf",4,0.41894,0.32093,0.51306
"syph.inf",5,0.29673,0.17571,0.40721
"syph.inf",6,0.24857,0.11058,0.37066
"syph.inf",7,0.21687,0.08175,0.33562
"syph.inf",8,0.21107,0.080836,0.32876
"syph.inf",9,0.21908,0.088876,0.33784
"syph.inf",10,0.19324,0.046256,0.32642
"syph.inf",11,0.19808,0.020713,0.3457
"syph.inf",12,0.21915,0.058665,0.36833
"syph.inf",13,0.25209,0.10976,0.38331
"syph.inf",14,0.27953,0.1486,0.4058
"syph.inf",15,0.26473,0.14212,0.39728
"syph.inf",16,0.24232,0.12238,0.36535
"syph.inf",17,0.24585,0.13006,0.35997
"syph.inf",18,0.25118,0.14165,0.36596
"syph.inf",19,0.26323,0.14206,0.37321
"syph.inf",20,0.26581,0.1518,0.37468
"syph.inf",21,0.24816,0.12037,0.3632
"syph.inf",22,0.25117,0.12543,0.36175
"syph.inf",23,0.2874,0.17609,0.39823
"syph.inf",24,0.32916,0.22582,0.43727
"syph.inf",25,0.32303,0.21403,0.43767
"syph.inf",26,0.30396,0.19502,0.42112
"syph.inf",27,0.29347,0.17475,0.41707
"syph.inf",28,0.26607,0.14726,0.38776
"syph.inf",29,0.20896,0.074973,0.32428
"syph.inf",30,0.17689,0.039796,0.30514
"syph.inf",31,0.1983,0.060004,0.33847
"syph.inf",32,0.18403,0.033179,0.3188
"syph.inf",33,0.14795,-0.0061252,0.2854
"syph.inf",34,0.13093,-0.024103,0.27851
"syph.inf",35,0.11241,-0.04946,0.26609
"syph.inf",36,0.13684,-0.012781,0.28869
"syph.inf",37,0.15281,0.018011,0.30068
"syph.inf",38,0.12451,-0.0032965,0.27144
"syph.inf",39,0.084518,-0.051124,0.21887
"syph.inf",40,0.088554,-0.065769,0.22749
