"pc","var_model","tau1","tau2","stat","est","lo","hi"
"PC1","1exp",32.009,NA,"T_var_0.05",97.25,73.738,940.73
"PC1","1exp",32.009,NA,"T_var_0.1",75,57.244,247.98
"PC1","1exp",32.009,NA,"T_var_0.2",52.75,41,71.512
"PC1","1exp",32.009,NA,"T_mean_0.1",99.25,71.744,126.04
"PC1","1exp",32.009,NA,"T_mean_0.2",76.25,63,95.756
"PC2","2exp",1.3283,24.609,"T_var_0.05",61.75,43.494,219.04
"PC2","2exp",1.3283,24.609,"T_var_0.1",44.75,32.5,68.519
"PC2","2exp",1.3283,24.609,"T_var_0.2",27.75,20.5,37.25
"PC2","2exp",1.3283,24.609,"T_mean_0.1",18.5,17.494,73.756
"PC2","2exp",1.3283,24.609,"T_mean_0.2",16,13.5,64.756
"PC3","1exp",21.991,NA,"T_var_0.05",64.25,52.994,801.68
"PC3","1exp",21.991,NA,"T_var_0.1",49,39.75,124.01
"PC3","1exp",21.991,NA,"T_var_0.2",33.75,25.994,43.006
"PC3","1exp",21.991,NA,"T_mean_0.1",74.5,53.744,102.03
"PC3","1exp",21.991,NA,"T_mean_0.2",44.5,28.688,62.269
"PC4","2exp",0.61635,14.983,"T_var_0.05",29,19.238,51.206
"PC4","2exp",0.61635,14.983,"T_var_0.1",18.5,11.469,29.006
"PC4","2exp",0.61635,14.983,"T_var_0.2",8.25,3.75,13.763
"PC4","2exp",0.61635,14.983,"T_mean_0.1",60.25,44,91.263
"PC4","2exp",0.61635,14.983,"T_mean_0.2",33.5,24.988,49
"PC5","1exp",23.625,NA,"T_var_0.05",70.5,55.25,835.04
"PC5","1exp",23.625,NA,"T_var_0.1",54.25,42.994,170.71
"PC5","1exp",23.625,NA,"T_var_0.2",37.75,30.25,49.512
"PC5","1exp",23.625,NA,"T_mean_0.1",35.25,32.25,67.025
"PC5","1exp",23.625,NA,"T_mean_0.2",31.5,29.244,41.994
"PC6","1exp",18.044,NA,"T_var_0.05",50.5,40.481,341.83
"PC6","1exp",18.044,NA,"T_var_0.1",38,30.731,52.275
"PC6","1exp",18.044,NA,"T_var_0.2",25.5,20.988,32.769
"PC6","1exp",18.044,NA,"T_mean_0.1",16,4.4938,58.106
"PC6","1exp",18.044,NA,"T_mean_0.2",3,0,8.2563
"PC7","1exp",18.59,NA,"T_var_0.05",50.25,36.738,103.77
"PC7","1exp",18.59,NA,"T_var_0.1",37.5,27.988,60.025
"PC7","1exp",18.59,NA,"T_var_0.2",24.5,18.988,31.513
"PC7","1exp",18.59,NA,"T_mean_0.1",58,50.975,154.42
"PC7","1exp",18.59,NA,"T_mean_0.2",48.75,41.75,57.006
"PC8","2exp",0.60898,27.324,"T_var_0.05",50.25,30.25,96.263
"PC8","2exp",0.60898,27.324,"T_var_0.1",31.25,19.25,50.775
"PC8","2exp",0.60898,27.324,"T_var_0.2",12.25,5.7438,18.5
"PC8","2exp",0.60898,27.324,"T_mean_0.1",17.5,16.494,30.25
"PC8","2exp",0.60898,27.324,"T_mean_0.2",15.75,14.5,17
"PC9","2exp",1.4612,82.447,"T_var_0.05",52,6,139.08
"PC9","2exp",1.4612,82.447,"T_var_0.1",7.25,4.75,46.769
"PC9","2exp",1.4612,82.447,"T_var_0.2",4.25,3.75,5.5
"PC9","2exp",1.4612,82.447,"T_mean_0.1",53.25,17.238,71.769
"PC9","2exp",1.4612,82.447,"T_mean_0.2",15,13.5,47.512
"PC10","1exp",13.554,NA,"T_var_0.05",35.5,25.981,59.256
"PC10","1exp",13.554,NA,"T_var_0.1",26,19.238,40.006
"PC10","1exp",13.554,NA,"T_var_0.2",16.75,12.494,24.756
"PC10","1exp",13.554,NA,"T_mean_0.1",33,30.5,60.006
"PC10","1exp",13.554,NA,"T_mean_0.2",29,26.5,33.512
"PC11","2exp",2.9192,342.79,"T_var_0.05",15.75,8.25,320.31
"PC11","2exp",2.9192,342.79,"T_var_0.1",8.25,5,22
"PC11","2exp",2.9192,342.79,"T_var_0.2",5.25,3.25,8.5
"PC11","2exp",2.9192,342.79,"T_mean_0.1",57.75,46,76.056
"PC11","2exp",2.9192,342.79,"T_mean_0.2",39.25,32.244,50
"PC12","2exp",1.1307,19.159,"T_var_0.05",25.75,4.75,57.262
"PC12","2exp",1.1307,19.159,"T_var_0.1",12.5,4,30.25
"PC12","2exp",1.1307,19.159,"T_var_0.2",4.25,3,9.2563
"PC12","2exp",1.1307,19.159,"T_mean_0.1",19,16.744,29.869
"PC12","2exp",1.1307,19.159,"T_mean_0.2",16,14.5,20.506
"PC13","2exp",1.0773,24.652,"T_var_0.05",30,6.2438,66.231
"PC13","2exp",1.0773,24.652,"T_var_0.1",12.75,4.25,28.5
"PC13","2exp",1.0773,24.652,"T_var_0.2",3.5,2.5,8.25
"PC13","2exp",1.0773,24.652,"T_mean_0.1",0,0,48.163
"PC13","2exp",1.0773,24.652,"T_mean_0.2",0,0,1.25
"PC14","1exp",9.9158,NA,"T_var_0.05",7.25,0,23.263
"PC14","1exp",9.9158,NA,"T_var_0.1",0.25,0,5.25
"PC14","1exp",9.9158,NA,"T_var_0.2",0,0,1.75
"PC14","1exp",9.9158,NA,"T_mean_0.1",27.5,4.5,45.519
"PC14","1exp",9.9158,NA,"T_mean_0.2",4,3.75,4.25
"PC15","2exp",0.57295,15.076,"T_var_0.05",29.75,18.744,46.819
"PC15","2exp",0.57295,15.076,"T_var_0.1",19.25,13.237,29.013
"PC15","2exp",0.57295,15.076,"T_var_0.2",8.75,4.4938,13.5
"PC15","2exp",0.57295,15.076,"T_mean_0.1",32,25.5,100.02
"PC15","2exp",0.57295,15.076,"T_mean_0.2",24,20.994,29.256
"PC16","2exp",1.1412,23.256,"T_var_0.05",43,23.5,100.26
"PC16","2exp",1.1412,23.256,"T_var_0.1",26.75,15.237,41.806
"PC16","2exp",1.1412,23.256,"T_var_0.2",10.75,5.75,17.506
"PC16","2exp",1.1412,23.256,"T_mean_0.1",26.25,25.244,60.294
"PC16","2exp",1.1412,23.256,"T_mean_0.2",23.75,21.738,27.269
"PC17","1exp",2.2171,NA,"T_var_0.05",7.25,5.75,47
"PC17","1exp",2.2171,NA,"T_var_0.1",5.75,4.5,17.006
"PC17","1exp",2.2171,NA,"T_var_0.2",4,3.25,6.5
"PC17","1exp",2.2171,NA,"T_mean_0.1",30.5,11.244,77.788
"PC17","1exp",2.2171,NA,"T_mean_0.2",7.75,6.25,14.519
"PC18","2exp",4.9724,1000,"T_var_0.05",9.5,0,19.013
"PC18","2exp",4.9724,1000,"T_var_0.1",5,0,8.7625
"PC18","2exp",4.9724,1000,"T_var_0.2",1.25,0,3.25
"PC18","2exp",4.9724,1000,"T_mean_0.1",11.25,2.75,20.138
"PC18","2exp",4.9724,1000,"T_mean_0.2",9.75,2.25,11
