"var","block","var_pi","within","between","within_frac","within_lo","within_hi","between_frac","between_lo","between_hi","identity_error"
"prev","key",1.3423e-05,1.3731e-06,1.205e-05,0.1023,0.097305,0.10725,0.8977,0.89275,0.9027,-1.1689e-19
"hiv.inf.B","state",74337,9089.7,65247,0.12228,0.11633,0.128,0.87772,0.872,0.88367,-6.2573e-10
"hiv.dx.B","state",57714,7089.3,50625,0.12284,0.118,0.12862,0.87716,0.87138,0.882,-4.3656e-11
"prev.B","key",2.6411e-05,3.3046e-06,2.3106e-05,0.12512,0.11952,0.13054,0.87488,0.86946,0.88048,1.9312e-19
"prev.W","key",6.7144e-06,8.6598e-07,5.8484e-06,0.12897,0.12325,0.13567,0.87103,0.86433,0.87675,4.2352e-21
"num.H","state",4923.8,646.8,4277,0.13136,0.12619,0.13664,0.86864,0.86336,0.87381,2.4556e-11
"hiv.inf.W","state",13757,1818.6,11938,0.13219,0.12656,0.13865,0.86781,0.86135,0.87344,4.5475e-11
"num.W","state",44602,6010.1,38592,0.13475,0.12899,0.14105,0.86525,0.85895,0.87101,-2.2847e-09
"num","key",100330,13621,86713,0.13576,0.13009,0.14265,0.86424,0.85735,0.86991,5.6025e-09
"hiv.dx.W","state",10968,1515.7,9452.6,0.13819,0.13115,0.14436,0.86181,0.85564,0.86885,1.819e-12
"num.B","state",50549,7022.2,43527,0.13892,0.13328,0.14577,0.86108,0.85423,0.86672,-1.7535e-09
"hiv.tx.W","state",6299.4,1345.5,4953.9,0.21359,0.20563,0.22203,0.78641,0.77797,0.79437,2.6375e-11
"hiv.supp.W","state",6167.5,1324.7,4842.8,0.21479,0.20661,0.22333,0.78521,0.77667,0.79339,1.5461e-11
"hiv.inf.H","state",974.7,215.49,759.21,0.22109,0.2141,0.22867,0.77891,0.77133,0.7859,5.6843e-13
"prev.H","key",3.8912e-05,8.8306e-06,3.0082e-05,0.22694,0.21887,0.23412,0.77306,0.76588,0.78113,-6.7763e-20
"hiv.tx.B","state",24151,5501.7,18649,0.22781,0.21877,0.23599,0.77219,0.76401,0.78123,-1.6735e-10
"hiv.supp.B","state",23459,5387.6,18072,0.22966,0.22017,0.23859,0.77034,0.76141,0.77983,3.2742e-11
"hiv.dx.H","state",775.15,183.58,591.56,0.23684,0.22847,0.246,0.76316,0.754,0.77153,-6.8212e-13
"prep.indic.B","state",46201,11496,34704,0.24884,0.24091,0.2585,0.75116,0.7415,0.75909,-2.4011e-10
"prep.indic.W","state",37856,10237,27619,0.27041,0.26066,0.28181,0.72959,0.71819,0.73934,1.3533e-09
"prep.indic.H","state",2957.4,836.59,2120.8,0.28288,0.27434,0.29188,0.71712,0.70812,0.72566,5.9117e-12
"hiv.tx.H","state",430.02,168.92,261.1,0.39281,0.38261,0.40246,0.60719,0.59754,0.61739,-1.7053e-13
"hiv.supp.H","state",420.26,165.96,254.3,0.3949,0.38415,0.4061,0.6051,0.5939,0.61585,-1.7053e-13
"chla_prev","key",9.3989e-06,3.9248e-06,5.4741e-06,0.41758,0.40703,0.42947,0.58242,0.57053,0.59297,-1.6941e-21
"chla.rect.inf","state",32520,13669,18850,0.42034,0.40928,0.43035,0.57966,0.56965,0.59072,3.638e-12
"chla.uret.inf","state",19489,8243.9,11245,0.42301,0.41208,0.43376,0.57699,0.56624,0.58792,0
"gono_prev","key",6.5903e-06,2.795e-06,3.7954e-06,0.4241,0.41343,0.43526,0.5759,0.56474,0.58657,0
"gono.rect.inf","state",27382,11668,15714,0.42612,0.41448,0.43522,0.57388,0.56478,0.58552,3.638e-12
"chla_ir","key",1.1358,0.48611,0.64973,0.42798,0.41698,0.43903,0.57202,0.56097,0.58302,0
"gono.uret.inf","state",9055.6,3875.9,5179.7,0.42801,0.4175,0.43949,0.57199,0.56051,0.5825,0
"gono_ir","key",2.3581,1.0121,1.346,0.4292,0.41753,0.43989,0.5708,0.56011,0.58247,0
"syph_prev","key",2.0012e-05,8.8093e-06,1.1202e-05,0.44021,0.42774,0.45336,0.55979,0.54664,0.57226,0
"syph.inf","state",200290,88229,112060,0.44051,0.42722,0.45274,0.55949,0.54726,0.57278,0
"syph_ir","key",0.29239,0.14774,0.14465,0.50528,0.49254,0.51664,0.49472,0.48336,0.50746,-5.5511e-17
"prep.B","state",4238.2,2229.7,2008.5,0.52609,0.51387,0.53979,0.47391,0.46021,0.48613,-2.5466e-11
"prep.W","state",7895.4,4322.9,3572.6,0.54751,0.53648,0.56249,0.45249,0.43751,0.46352,2.2374e-10
"dx_frac.B","key",8.1767e-06,4.8722e-06,3.3045e-06,0.59586,0.58714,0.60551,0.40414,0.39449,0.41286,8.6397e-20
"dx_frac","key",6.8546e-06,4.1322e-06,2.7224e-06,0.60283,0.59383,0.61239,0.39717,0.38761,0.40617,6.6238e-19
"dx_frac.H","key",0.00018973,0.00012183,6.7903e-05,0.64211,0.63343,0.65142,0.35789,0.34858,0.36657,-7.0473e-19
"prep.H","state",537.12,356.67,180.46,0.66403,0.65404,0.67347,0.33597,0.32653,0.34596,-9.0949e-13
"dx_frac.W","key",2.7696e-05,1.8664e-05,9.0318e-06,0.6739,0.66507,0.68226,0.3261,0.31774,0.33493,4.7773e-19
"supp_frac.W","key",5.1068e-05,3.5724e-05,1.5344e-05,0.69954,0.69161,0.70693,0.30046,0.29307,0.30839,-4.1335e-19
"supp_frac","key",1.0108e-05,7.1376e-06,2.9704e-06,0.70613,0.69854,0.71488,0.29387,0.28512,0.30146,-1.6941e-19
"supp_frac.H","key",0.00031105,0.00021988,9.1163e-05,0.70692,0.69954,0.71463,0.29308,0.28537,0.30046,3.7947e-19
"supp_frac.B","key",1.2418e-05,8.8651e-06,3.5533e-06,0.71387,0.70525,0.72186,0.28613,0.27814,0.29475,4.0658e-19
"incid_rate","key",0.0033621,0.0027121,0.00064999,0.80667,0.79981,0.81317,0.19333,0.18683,0.20019,-1.301e-18
"incid_rate.B","key",0.014084,0.011692,0.0023912,0.83022,0.82448,0.83664,0.16978,0.16336,0.17552,-8.6736e-18
"incid_rate.W","key",0.0016743,0.0014486,0.00022561,0.86524,0.85978,0.87117,0.13476,0.12883,0.14022,2.1684e-19
"prep_cov.H","key",5.1924e-05,4.5371e-05,6.5537e-06,0.87378,0.86961,0.87835,0.12622,0.12165,0.13039,5.421e-20
"prep_cov","key",3.0474e-06,2.6798e-06,3.6763e-07,0.87937,0.87556,0.8832,0.12063,0.1168,0.12444,4.1928e-20
"prep_cov.B","key",5.5097e-06,4.8623e-06,6.4742e-07,0.88249,0.87914,0.88687,0.11751,0.11313,0.12086,-3.4728e-20
"prep_cov.W","key",6.381e-06,5.6934e-06,6.8761e-07,0.89224,0.88846,0.89565,0.10776,0.10435,0.11154,1.7618e-19
"incid_rate.H","key",0.022875,0.021365,0.0015091,0.93403,0.93189,0.93614,0.065974,0.063862,0.068111,0
