"var","functional","h","lower_bound","direct_x0"
"prev","value",1,"0.991 [0.991, 0.992]","0.995 [0.994, 0.996]"
"prev","value",5,"0.903 [0.898, 0.907]","0.917 [0.900, 0.932]"
"prev","value",10,"0.767 [0.756, 0.777]","0.827 [0.788, 0.860]"
"prev","value",20,"0.486 [0.463, 0.504]","0.650 [0.585, 0.702]"
"prev","window_mean",0,"0.810 [0.800, 0.818]","0.863 [0.836, 0.887]"
"prev","window_mean",5,"0.662 [0.649, 0.677]","0.762 [0.717, 0.803]"
"prev","window_mean",10,"0.520 [0.502, 0.539]","0.665 [0.596, 0.720]"
"prev","window_mean",20,"0.290 [0.268, 0.311]","0.466 [0.366, 0.567]"
"prev","window_mean",30,"0.142 [0.122, 0.162]","0.311 [0.171, 0.438]"
"incid_rate","value",1,"0.156 [0.144, 0.167]","0.089 [-0.071, 0.255]"
"incid_rate","value",5,"0.083 [0.075, 0.093]","-0.091 [-0.255, 0.070]"
"incid_rate","value",10,"0.053 [0.047, 0.061]","0.164 [0.014, 0.297]"
"incid_rate","value",20,"0.025 [0.020, 0.030]","0.069 [-0.093, 0.233]"
"incid_rate","window_mean",0,"0.321 [0.302, 0.340]","0.473 [0.379, 0.561]"
"incid_rate","window_mean",5,"0.215 [0.195, 0.234]","0.422 [0.322, 0.523]"
"incid_rate","window_mean",10,"0.147 [0.128, 0.163]","0.321 [0.204, 0.428]"
"incid_rate","window_mean",20,"0.065 [0.051, 0.078]","0.247 [0.100, 0.389]"
"incid_rate","window_mean",30,"0.022 [0.013, 0.031]","0.175 [0.008, 0.321]"
"dx_frac","value",1,"0.802 [0.797, 0.808]","0.872 [0.849, 0.894]"
"dx_frac","value",5,"0.225 [0.212, 0.236]","0.132 [-0.009, 0.263]"
"dx_frac","value",10,"0.124 [0.113, 0.133]","0.206 [0.067, 0.339]"
"dx_frac","value",20,"0.085 [0.076, 0.094]","0.136 [-0.015, 0.270]"
"dx_frac","window_mean",0,"0.338 [0.323, 0.355]","0.416 [0.325, 0.501]"
"dx_frac","window_mean",5,"0.249 [0.231, 0.266]","0.368 [0.256, 0.470]"
"dx_frac","window_mean",10,"0.209 [0.191, 0.227]","0.299 [0.165, 0.422]"
"dx_frac","window_mean",20,"0.129 [0.115, 0.145]","0.188 [0.016, 0.337]"
"dx_frac","window_mean",30,"0.064 [0.054, 0.076]","0.222 [0.080, 0.354]"
"supp_frac","value",1,"0.767 [0.761, 0.771]","0.888 [0.871, 0.907]"
"supp_frac","value",5,"0.076 [0.068, 0.083]","-0.004 [-0.158, 0.155]"
"supp_frac","value",10,"0.017 [0.014, 0.022]","0.114 [-0.031, 0.261]"
"supp_frac","value",20,"0.006 [0.004, 0.009]","0.093 [-0.051, 0.243]"
"supp_frac","window_mean",0,"0.124 [0.112, 0.136]","0.130 [-0.011, 0.280]"
"supp_frac","window_mean",5,"0.038 [0.028, 0.047]","0.022 [-0.134, 0.162]"
"supp_frac","window_mean",10,"0.024 [0.016, 0.033]","0.096 [-0.055, 0.241]"
"supp_frac","window_mean",20,"0.011 [0.007, 0.017]","0.133 [-0.052, 0.293]"
"supp_frac","window_mean",30,"0.006 [0.002, 0.009]","0.110 [-0.039, 0.276]"
"prep_cov","value",1,"0.237 [0.227, 0.249]","0.597 [0.528, 0.670]"
"prep_cov","value",5,"0.020 [0.016, 0.024]","-0.079 [-0.266, 0.116]"
"prep_cov","value",10,"0.014 [0.011, 0.017]","-0.025 [-0.200, 0.137]"
"prep_cov","value",20,"0.006 [0.004, 0.008]","-0.013 [-0.178, 0.174]"
"prep_cov","window_mean",0,"0.142 [0.123, 0.159]","0.100 [-0.052, 0.251]"
"prep_cov","window_mean",5,"0.094 [0.078, 0.109]","0.122 [-0.008, 0.248]"
"prep_cov","window_mean",10,"0.061 [0.050, 0.074]","0.098 [-0.043, 0.240]"
"prep_cov","window_mean",20,"0.019 [0.011, 0.027]","0.050 [-0.118, 0.216]"
"prep_cov","window_mean",30,"0.000 [-0.003, 0.002]","-0.068 [-0.271, 0.138]"
"prev.B","value",1,"0.988 [0.987, 0.989]","0.994 [0.992, 0.995]"
"prev.B","value",5,"0.873 [0.867, 0.879]","0.897 [0.879, 0.914]"
"prev.B","value",10,"0.717 [0.704, 0.728]","0.785 [0.742, 0.823]"
"prev.B","value",20,"0.430 [0.410, 0.449]","0.618 [0.559, 0.679]"
"prev.B","window_mean",0,"0.774 [0.764, 0.784]","0.845 [0.816, 0.874]"
"prev.B","window_mean",5,"0.614 [0.598, 0.630]","0.740 [0.695, 0.783]"
"prev.B","window_mean",10,"0.471 [0.450, 0.490]","0.650 [0.589, 0.707]"
"prev.B","window_mean",20,"0.254 [0.230, 0.276]","0.460 [0.355, 0.558]"
"prev.B","window_mean",30,"0.122 [0.103, 0.141]","0.274 [0.131, 0.398]"
"incid_rate.B","value",1,"0.122 [0.111, 0.132]","0.110 [-0.041, 0.244]"
"incid_rate.B","value",5,"0.067 [0.059, 0.076]","-0.076 [-0.252, 0.072]"
"incid_rate.B","value",10,"0.044 [0.037, 0.051]","0.073 [-0.065, 0.223]"
"incid_rate.B","value",20,"0.021 [0.016, 0.025]","-0.030 [-0.200, 0.136]"
"incid_rate.B","window_mean",0,"0.291 [0.270, 0.310]","0.464 [0.366, 0.543]"
"incid_rate.B","window_mean",5,"0.196 [0.176, 0.214]","0.408 [0.292, 0.498]"
"incid_rate.B","window_mean",10,"0.133 [0.115, 0.150]","0.309 [0.153, 0.421]"
"incid_rate.B","window_mean",20,"0.059 [0.047, 0.071]","0.191 [0.027, 0.325]"
"incid_rate.B","window_mean",30,"0.020 [0.011, 0.028]","0.144 [-0.021, 0.296]"
"dx_frac.B","value",1,"0.800 [0.795, 0.806]","0.871 [0.847, 0.895]"
"dx_frac.B","value",5,"0.230 [0.219, 0.241]","0.195 [0.050, 0.331]"
"dx_frac.B","value",10,"0.124 [0.113, 0.134]","0.201 [0.061, 0.339]"
"dx_frac.B","value",20,"0.073 [0.065, 0.082]","0.104 [-0.052, 0.280]"
"dx_frac.B","window_mean",0,"0.331 [0.311, 0.348]","0.461 [0.385, 0.548]"
"dx_frac.B","window_mean",5,"0.227 [0.210, 0.245]","0.396 [0.292, 0.488]"
"dx_frac.B","window_mean",10,"0.178 [0.160, 0.197]","0.309 [0.172, 0.431]"
"dx_frac.B","window_mean",20,"0.099 [0.083, 0.111]","0.202 [0.031, 0.346]"
"dx_frac.B","window_mean",30,"0.046 [0.036, 0.056]","0.205 [0.079, 0.332]"
"supp_frac.B","value",1,"0.758 [0.754, 0.763]","0.888 [0.872, 0.904]"
"supp_frac.B","value",5,"0.059 [0.052, 0.064]","-0.010 [-0.177, 0.168]"
"supp_frac.B","value",10,"0.005 [0.003, 0.007]","0.003 [-0.180, 0.176]"
"supp_frac.B","value",20,"0.000 [-0.000, 0.001]","-0.032 [-0.187, 0.116]"
"supp_frac.B","window_mean",0,"0.093 [0.083, 0.103]","0.062 [-0.083, 0.214]"
"supp_frac.B","window_mean",5,"0.007 [0.002, 0.012]","-0.079 [-0.247, 0.094]"
"supp_frac.B","window_mean",10,"0.000 [-0.001, 0.000]","-0.014 [-0.185, 0.159]"
"supp_frac.B","window_mean",20,"0.000 [-0.001, -0.000]","0.038 [-0.147, 0.211]"
"supp_frac.B","window_mean",30,"0.000 [-0.001, -0.000]","-0.006 [-0.203, 0.168]"
"prep_cov.B","value",1,"0.186 [0.177, 0.194]","0.447 [0.355, 0.529]"
"prep_cov.B","value",5,"0.019 [0.014, 0.022]","0.051 [-0.135, 0.212]"
"prep_cov.B","value",10,"0.011 [0.008, 0.014]","0.043 [-0.128, 0.214]"
"prep_cov.B","value",20,"0.005 [0.003, 0.007]","-0.069 [-0.254, 0.103]"
"prep_cov.B","window_mean",0,"0.114 [0.099, 0.131]","0.170 [0.024, 0.300]"
"prep_cov.B","window_mean",5,"0.069 [0.055, 0.082]","0.146 [-0.009, 0.306]"
"prep_cov.B","window_mean",10,"0.047 [0.036, 0.058]","0.174 [0.044, 0.314]"
"prep_cov.B","window_mean",20,"0.020 [0.011, 0.028]","0.210 [0.060, 0.360]"
"prep_cov.B","window_mean",30,"0.006 [0.001, 0.011]","0.127 [-0.060, 0.281]"
"prev.H","value",1,"0.962 [0.961, 0.964]","0.982 [0.978, 0.985]"
"prev.H","value",5,"0.709 [0.700, 0.719]","0.796 [0.764, 0.831]"
"prev.H","value",10,"0.476 [0.460, 0.491]","0.630 [0.555, 0.703]"
"prev.H","value",20,"0.204 [0.187, 0.219]","0.372 [0.271, 0.476]"
"prev.H","window_mean",0,"0.596 [0.584, 0.609]","0.725 [0.675, 0.774]"
"prev.H","window_mean",5,"0.394 [0.376, 0.410]","0.562 [0.482, 0.649]"
"prev.H","window_mean",10,"0.259 [0.240, 0.278]","0.391 [0.280, 0.511]"
"prev.H","window_mean",20,"0.116 [0.097, 0.134]","0.102 [-0.044, 0.254]"
"prev.H","window_mean",30,"0.055 [0.041, 0.070]","0.092 [-0.057, 0.252]"
"incid_rate.H","value",1,"0.016 [0.013, 0.019]","-0.013 [-0.189, 0.168]"
"incid_rate.H","value",5,"0.011 [0.008, 0.013]","-0.012 [-0.197, 0.170]"
"incid_rate.H","value",10,"0.007 [0.005, 0.010]","0.050 [-0.078, 0.181]"
"incid_rate.H","value",20,"0.003 [0.002, 0.005]","-0.058 [-0.245, 0.129]"
"incid_rate.H","window_mean",0,"0.111 [0.097, 0.126]","0.235 [0.083, 0.372]"
"incid_rate.H","window_mean",5,"0.073 [0.061, 0.086]","0.140 [-0.027, 0.315]"
"incid_rate.H","window_mean",10,"0.048 [0.037, 0.059]","0.015 [-0.137, 0.196]"
"incid_rate.H","window_mean",20,"0.023 [0.015, 0.031]","0.084 [-0.068, 0.228]"
"incid_rate.H","window_mean",30,"0.010 [0.004, 0.016]","0.063 [-0.105, 0.219]"
"dx_frac.H","value",1,"0.768 [0.763, 0.775]","0.861 [0.830, 0.887]"
"dx_frac.H","value",5,"0.165 [0.156, 0.175]","0.042 [-0.123, 0.229]"
"dx_frac.H","value",10,"0.069 [0.061, 0.077]","0.034 [-0.104, 0.180]"
"dx_frac.H","value",20,"0.021 [0.016, 0.026]","0.000 [-0.168, 0.162]"
"dx_frac.H","window_mean",0,"0.223 [0.208, 0.236]","0.098 [-0.078, 0.249]"
"dx_frac.H","window_mean",5,"0.105 [0.092, 0.117]","0.017 [-0.161, 0.187]"
"dx_frac.H","window_mean",10,"0.057 [0.047, 0.066]","0.031 [-0.150, 0.202]"
"dx_frac.H","window_mean",20,"0.015 [0.008, 0.022]","0.142 [0.001, 0.286]"
"dx_frac.H","window_mean",30,"0.004 [0.001, 0.008]","0.105 [-0.044, 0.249]"
"supp_frac.H","value",1,"0.758 [0.752, 0.762]","0.880 [0.861, 0.898]"
"supp_frac.H","value",5,"0.059 [0.052, 0.066]","0.048 [-0.138, 0.222]"
"supp_frac.H","value",10,"0.002 [0.001, 0.004]","0.089 [-0.054, 0.222]"
"supp_frac.H","value",20,"0.000 [-0.001, -0.000]","0.095 [-0.053, 0.223]"
"supp_frac.H","window_mean",0,"0.085 [0.076, 0.094]","0.135 [-0.024, 0.279]"
"supp_frac.H","window_mean",5,"0.004 [0.000, 0.007]","-0.082 [-0.305, 0.084]"
"supp_frac.H","window_mean",10,"0.000 [-0.001, 0.002]","-0.091 [-0.330, 0.101]"
"supp_frac.H","window_mean",20,"0.000 [-0.002, 0.001]","0.145 [-0.006, 0.280]"
"supp_frac.H","window_mean",30,"0.000 [-0.001, -0.000]","0.215 [0.074, 0.354]"
"prep_cov.H","value",1,"0.284 [0.274, 0.296]","0.571 [0.499, 0.638]"
"prep_cov.H","value",5,"0.002 [0.001, 0.002]","-0.062 [-0.264, 0.130]"
"prep_cov.H","value",10,"0.001 [0.000, 0.002]","0.075 [-0.083, 0.210]"
"prep_cov.H","value",20,"0.000 [-0.000, 0.001]","0.022 [-0.186, 0.216]"
"prep_cov.H","window_mean",0,"0.019 [0.014, 0.026]","0.113 [-0.067, 0.278]"
"prep_cov.H","window_mean",5,"0.005 [0.001, 0.008]","0.064 [-0.144, 0.233]"
"prep_cov.H","window_mean",10,"0.004 [0.001, 0.007]","0.012 [-0.168, 0.183]"
"prep_cov.H","window_mean",20,"0.002 [-0.000, 0.004]","-0.023 [-0.216, 0.162]"
"prep_cov.H","window_mean",30,"0.000 [-0.001, 0.001]","-0.081 [-0.275, 0.100]"
"prev.W","value",1,"0.984 [0.983, 0.985]","0.994 [0.993, 0.995]"
"prev.W","value",5,"0.856 [0.849, 0.862]","0.895 [0.872, 0.913]"
"prev.W","value",10,"0.699 [0.686, 0.711]","0.781 [0.744, 0.818]"
"prev.W","value",20,"0.422 [0.401, 0.444]","0.522 [0.425, 0.614]"
"prev.W","window_mean",0,"0.766 [0.756, 0.776]","0.812 [0.775, 0.845]"
"prev.W","window_mean",5,"0.609 [0.592, 0.626]","0.678 [0.614, 0.740]"
"prev.W","window_mean",10,"0.469 [0.448, 0.488]","0.557 [0.466, 0.645]"
"prev.W","window_mean",20,"0.256 [0.235, 0.277]","0.368 [0.263, 0.481]"
"prev.W","window_mean",30,"0.127 [0.106, 0.146]","0.298 [0.170, 0.425]"
"incid_rate.W","value",1,"0.086 [0.077, 0.095]","0.165 [0.025, 0.307]"
"incid_rate.W","value",5,"0.048 [0.042, 0.055]","0.016 [-0.162, 0.199]"
"incid_rate.W","value",10,"0.030 [0.025, 0.035]","0.224 [0.097, 0.354]"
"incid_rate.W","value",20,"0.014 [0.010, 0.019]","0.032 [-0.126, 0.200]"
"incid_rate.W","window_mean",0,"0.288 [0.270, 0.309]","0.327 [0.206, 0.452]"
"incid_rate.W","window_mean",5,"0.197 [0.177, 0.218]","0.328 [0.201, 0.440]"
"incid_rate.W","window_mean",10,"0.138 [0.120, 0.155]","0.265 [0.110, 0.395]"
"incid_rate.W","window_mean",20,"0.065 [0.051, 0.079]","0.282 [0.125, 0.410]"
"incid_rate.W","window_mean",30,"0.026 [0.017, 0.035]","0.300 [0.148, 0.439]"
"dx_frac.W","value",1,"0.735 [0.728, 0.742]","0.839 [0.809, 0.872]"
"dx_frac.W","value",5,"0.138 [0.129, 0.149]","0.123 [-0.018, 0.282]"
"dx_frac.W","value",10,"0.067 [0.058, 0.074]","0.163 [0.054, 0.279]"
"dx_frac.W","value",20,"0.033 [0.027, 0.039]","0.133 [-0.016, 0.280]"
"dx_frac.W","window_mean",0,"0.226 [0.210, 0.241]","0.165 [0.042, 0.295]"
"dx_frac.W","window_mean",5,"0.137 [0.121, 0.152]","0.148 [0.010, 0.298]"
"dx_frac.W","window_mean",10,"0.103 [0.087, 0.119]","0.145 [-0.006, 0.295]"
"dx_frac.W","window_mean",20,"0.058 [0.047, 0.070]","0.152 [-0.030, 0.306]"
"dx_frac.W","window_mean",30,"0.028 [0.020, 0.036]","0.089 [-0.065, 0.239]"
"supp_frac.W","value",1,"0.760 [0.753, 0.766]","0.884 [0.863, 0.903]"
"supp_frac.W","value",5,"0.076 [0.069, 0.086]","-0.017 [-0.207, 0.152]"
"supp_frac.W","value",10,"0.004 [0.002, 0.007]","-0.004 [-0.162, 0.171]"
"supp_frac.W","value",20,"0.001 [-0.000, 0.002]","0.050 [-0.112, 0.210]"
"supp_frac.W","window_mean",0,"0.089 [0.080, 0.098]","-0.045 [-0.213, 0.120]"
"supp_frac.W","window_mean",5,"0.006 [0.002, 0.010]","-0.135 [-0.310, 0.019]"
"supp_frac.W","window_mean",10,"0.005 [0.002, 0.008]","0.017 [-0.145, 0.174]"
"supp_frac.W","window_mean",20,"0.003 [0.000, 0.006]","0.090 [-0.098, 0.248]"
"supp_frac.W","window_mean",30,"0.001 [-0.001, 0.003]","-0.105 [-0.339, 0.094]"
"prep_cov.W","value",1,"0.237 [0.227, 0.246]","0.583 [0.495, 0.663]"
"prep_cov.W","value",5,"0.002 [0.001, 0.003]","-0.056 [-0.269, 0.097]"
"prep_cov.W","value",10,"0.001 [0.000, 0.002]","-0.012 [-0.182, 0.190]"
"prep_cov.W","value",20,"0.001 [0.000, 0.002]","-0.049 [-0.268, 0.124]"
"prep_cov.W","window_mean",0,"0.033 [0.024, 0.042]","-0.012 [-0.230, 0.178]"
"prep_cov.W","window_mean",5,"0.013 [0.007, 0.020]","0.028 [-0.156, 0.196]"
"prep_cov.W","window_mean",10,"0.010 [0.006, 0.016]","0.061 [-0.124, 0.211]"
"prep_cov.W","window_mean",20,"0.006 [0.002, 0.010]","0.071 [-0.107, 0.234]"
"prep_cov.W","window_mean",30,"0.002 [-0.001, 0.005]","0.045 [-0.153, 0.215]"
"gono_prev","value",1,"0.908 [0.905, 0.911]","0.946 [0.938, 0.954]"
"gono_prev","value",5,"0.413 [0.400, 0.427]","0.436 [0.353, 0.529]"
"gono_prev","value",10,"0.183 [0.166, 0.198]","0.308 [0.193, 0.411]"
"gono_prev","value",20,"0.061 [0.051, 0.072]","0.251 [0.085, 0.389]"
"gono_prev","window_mean",0,"0.377 [0.360, 0.394]","0.585 [0.516, 0.654]"
"gono_prev","window_mean",5,"0.188 [0.171, 0.206]","0.471 [0.369, 0.564]"
"gono_prev","window_mean",10,"0.108 [0.094, 0.124]","0.413 [0.292, 0.521]"
"gono_prev","window_mean",20,"0.042 [0.031, 0.052]","0.253 [0.123, 0.369]"
"gono_prev","window_mean",30,"0.013 [0.006, 0.020]","0.114 [-0.036, 0.247]"
"gono_ir","value",1,"0.878 [0.874, 0.882]","0.914 [0.901, 0.927]"
"gono_ir","value",5,"0.395 [0.380, 0.410]","0.416 [0.324, 0.509]"
"gono_ir","value",10,"0.176 [0.162, 0.191]","0.292 [0.193, 0.396]"
"gono_ir","value",20,"0.059 [0.049, 0.069]","0.239 [0.078, 0.383]"
"gono_ir","window_mean",0,"0.365 [0.347, 0.382]","0.578 [0.494, 0.652]"
"gono_ir","window_mean",5,"0.183 [0.166, 0.200]","0.469 [0.375, 0.567]"
"gono_ir","window_mean",10,"0.105 [0.091, 0.120]","0.412 [0.307, 0.525]"
"gono_ir","window_mean",20,"0.041 [0.031, 0.050]","0.251 [0.121, 0.377]"
"gono_ir","window_mean",30,"0.012 [0.005, 0.019]","0.105 [-0.038, 0.261]"
"chla_prev","value",1,"0.911 [0.908, 0.913]","0.967 [0.961, 0.973]"
"chla_prev","value",5,"0.426 [0.412, 0.439]","0.493 [0.403, 0.577]"
"chla_prev","value",10,"0.193 [0.175, 0.207]","0.363 [0.218, 0.476]"
"chla_prev","value",20,"0.068 [0.058, 0.078]","0.226 [0.087, 0.350]"
"chla_prev","window_mean",0,"0.391 [0.373, 0.408]","0.576 [0.484, 0.651]"
"chla_prev","window_mean",5,"0.200 [0.184, 0.219]","0.457 [0.341, 0.548]"
"chla_prev","window_mean",10,"0.117 [0.102, 0.131]","0.405 [0.275, 0.502]"
"chla_prev","window_mean",20,"0.045 [0.034, 0.055]","0.328 [0.201, 0.442]"
"chla_prev","window_mean",30,"0.012 [0.006, 0.018]","0.170 [0.031, 0.317]"
"chla_ir","value",1,"0.862 [0.857, 0.866]","0.935 [0.922, 0.946]"
"chla_ir","value",5,"0.392 [0.379, 0.408]","0.499 [0.412, 0.577]"
"chla_ir","value",10,"0.178 [0.164, 0.194]","0.345 [0.223, 0.453]"
"chla_ir","value",20,"0.064 [0.055, 0.073]","0.240 [0.117, 0.356]"
"chla_ir","window_mean",0,"0.370 [0.354, 0.387]","0.570 [0.466, 0.647]"
"chla_ir","window_mean",5,"0.190 [0.172, 0.205]","0.459 [0.348, 0.559]"
"chla_ir","window_mean",10,"0.111 [0.095, 0.126]","0.411 [0.294, 0.512]"
"chla_ir","window_mean",20,"0.042 [0.032, 0.052]","0.331 [0.203, 0.452]"
"chla_ir","window_mean",30,"0.010 [0.005, 0.016]","0.171 [0.031, 0.309]"
"syph_prev","value",1,"0.975 [0.974, 0.975]","0.990 [0.989, 0.992]"
"syph_prev","value",5,"0.448 [0.434, 0.461]","0.292 [0.176, 0.406]"
"syph_prev","value",10,"0.138 [0.125, 0.151]","0.188 [0.035, 0.317]"
"syph_prev","value",20,"0.033 [0.026, 0.040]","0.260 [0.138, 0.376]"
"syph_prev","window_mean",0,"0.342 [0.325, 0.356]","0.474 [0.385, 0.556]"
"syph_prev","window_mean",5,"0.134 [0.121, 0.148]","0.379 [0.264, 0.482]"
"syph_prev","window_mean",10,"0.063 [0.052, 0.074]","0.398 [0.301, 0.486]"
"syph_prev","window_mean",20,"0.019 [0.012, 0.025]","0.374 [0.266, 0.475]"
"syph_prev","window_mean",30,"0.000 [-0.001, -0.000]","0.211 [0.082, 0.339]"
"syph_ir","value",1,"0.853 [0.848, 0.858]","0.915 [0.899, 0.929]"
"syph_ir","value",5,"0.276 [0.261, 0.291]","0.177 [0.031, 0.324]"
"syph_ir","value",10,"0.090 [0.078, 0.102]","0.129 [-0.059, 0.291]"
"syph_ir","value",20,"0.025 [0.019, 0.030]","0.209 [0.090, 0.348]"
"syph_ir","window_mean",0,"0.268 [0.252, 0.282]","0.430 [0.333, 0.527]"
"syph_ir","window_mean",5,"0.104 [0.092, 0.117]","0.373 [0.253, 0.484]"
"syph_ir","window_mean",10,"0.053 [0.043, 0.064]","0.407 [0.312, 0.495]"
"syph_ir","window_mean",20,"0.016 [0.009, 0.023]","0.362 [0.239, 0.475]"
"syph_ir","window_mean",30,"0.000 [-0.002, -0.001]","0.176 [0.037, 0.306]"
"num","value",1,"0.973 [0.972, 0.975]","0.990 [0.988, 0.992]"
"num","value",5,"0.812 [0.802, 0.821]","0.879 [0.857, 0.899]"
"num","value",10,"0.637 [0.623, 0.652]","0.748 [0.703, 0.789]"
"num","value",20,"0.360 [0.338, 0.378]","0.591 [0.526, 0.660]"
"num","window_mean",0,"0.719 [0.707, 0.731]","0.822 [0.792, 0.851]"
"num","window_mean",5,"0.548 [0.530, 0.565]","0.703 [0.653, 0.754]"
"num","window_mean",10,"0.404 [0.386, 0.423]","0.593 [0.523, 0.659]"
"num","window_mean",20,"0.192 [0.174, 0.211]","0.392 [0.281, 0.498]"
"num","window_mean",30,"0.062 [0.050, 0.075]","0.198 [0.054, 0.346]"
